county,year,sex,age_code,age_group,population
Baringo,2021,female,00,0-1,10039.7822265625
Bomet,2021,female,00,0-1,12226.45703125
Bungoma,2021,female,00,0-1,28252.08984375
Busia,2021,female,00,0-1,12664.208984375
Elgeyo-Marakwet,2021,female,00,0-1,6046.37890625
Embu,2021,female,00,0-1,6909.0009765625
Garissa,2021,female,00,0-1,15261.12890625
HomaBay,2021,female,00,0-1,16613.337890625
Isiolo,2021,female,00,0-1,6130.78857421875
Kajiado,2021,female,00,0-1,20887.0390625
Kakamega,2021,female,00,0-1,20598.52734375
Kericho,2021,female,00,0-1,11932.431640625
Kiambu,2021,female,00,0-1,34701.95703125
Kilifi,2021,female,00,0-1,23277.87109375
Kirinyaga,2021,female,00,0-1,8832.3603515625
Kisii,2021,female,00,0-1,15134.779296875
Kisumu,2021,female,00,0-1,16257.029296875
Kitui,2021,female,00,0-1,13456.923828125
Kwale,2021,female,00,0-1,15408.767578125
Laikipia,2021,female,00,0-1,7531.4375
Lamu,2021,female,00,0-1,2253.55810546875
Machakos,2021,female,00,0-1,17751.759765625
Makueni,2021,female,00,0-1,10289.435546875
Mandera,2021,female,00,0-1,19572.7421875
Marsabit,2021,female,00,0-1,8436.3046875
Meru,2021,female,00,0-1,18361.12109375
Migori,2021,female,00,0-1,18982.26953125
Mombasa,2021,female,00,0-1,17149.875
Murang'a,2021,female,00,0-1,11601.5
Nairobi,2021,female,00,0-1,66052.546875
Nakuru,2021,female,00,0-1,32188.16015625
Nandi,2021,female,00,0-1,11674.263671875
Narok,2021,female,00,0-1,22987.7265625
Nyamira,2021,female,00,0-1,6604.4453125
Nyandarua,2021,female,00,0-1,7235.421875
Nyeri,2021,female,00,0-1,7528.80126953125
Samburu,2021,female,00,0-1,6095.2138671875
Siaya,2021,female,00,0-1,13787.0673828125
TaitaTaveta,2021,female,00,0-1,4388.607421875
TanaRiver,2021,female,00,0-1,11175.447265625
Tharaka-Nithi,2021,female,00,0-1,3648.49462890625
TransNzoia,2021,female,00,0-1,14328.7763671875
Turkana,2021,female,00,0-1,14670.9609375
UasinGishu,2021,female,00,0-1,16423.212890625
Vihiga,2021,female,00,0-1,6661.9697265625
Wajir,2021,female,00,0-1,13730.7978515625
WestPokot,2021,female,00,0-1,13453.34765625
Baringo,2021,female,01,1-4,39364.28515625
Bomet,2021,female,01,1-4,47937.8515625
Bungoma,2021,female,01,1-4,110766.1015625
Busia,2021,female,01,1-4,49641.3671875
Elgeyo-Marakwet,2021,female,01,1-4,23706.8203125
Embu,2021,female,01,1-4,27089.015625
Garissa,2021,female,01,1-4,59835.234375
HomaBay,2021,female,01,1-4,65138.0703125
Isiolo,2021,female,01,1-4,24037.779296875
Kajiado,2021,female,01,1-4,81876.5546875
Kakamega,2021,female,01,1-4,80763.3203125
Kericho,2021,female,01,1-4,46785.03125
Kiambu,2021,female,01,1-4,136060.46875
Kilifi,2021,female,01,1-4,91268.578125
Kirinyaga,2021,female,01,1-4,34630.18359375
Kisii,2021,female,01,1-4,59340.89453125
Kisumu,2021,female,01,1-4,63741.04296875
Kitui,2021,female,01,1-4,52762.30859375
Kwale,2021,female,01,1-4,60414.1953125
Laikipia,2021,female,01,1-4,29529.48046875
Lamu,2021,female,01,1-4,8835.8173828125
Machakos,2021,female,01,1-4,69601.625
Makueni,2021,female,01,1-4,40343.125
Mandera,2021,female,01,1-4,76717.96875
Marsabit,2021,female,01,1-4,33077.203125
Meru,2021,female,01,1-4,71990.8359375
Migori,2021,female,01,1-4,74408.84375
Mombasa,2021,female,01,1-4,67241.734375
Murang'a,2021,female,01,1-4,45487.5078125
Nairobi,2021,female,01,1-4,258980.796875
Nakuru,2021,female,01,1-4,126204.2890625
Nandi,2021,female,01,1-4,45772.8046875
Narok,2021,female,01,1-4,90130.046875
Nyamira,2021,female,01,1-4,25894.90625
Nyandarua,2021,female,01,1-4,28368.85546875
Nyeri,2021,female,01,1-4,29519.1484375
Samburu,2021,female,01,1-4,23898.296875
Siaya,2021,female,01,1-4,54056.7421875
TaitaTaveta,2021,female,01,1-4,17205.34765625
TanaRiver,2021,female,01,1-4,43817.01953125
Tharaka-Nithi,2021,female,01,1-4,14305.126953125
TransNzoia,2021,female,01,1-4,56179.81640625
Turkana,2021,female,01,1-4,57521.8984375
UasinGishu,2021,female,01,1-4,64392.6171875
Vihiga,2021,female,01,1-4,26120.44921875
Wajir,2021,female,01,1-4,53836.12109375
WestPokot,2021,female,01,1-4,52743.203125
Baringo,2021,female,05,5-9,49783.51171875
Bomet,2021,female,05,5-9,63466.41015625
Bungoma,2021,female,05,5-9,153455.46875
Busia,2021,female,05,5-9,67674.296875
Elgeyo-Marakwet,2021,female,05,5-9,30067.6484375
Embu,2021,female,05,5-9,32618.0078125
Garissa,2021,female,05,5-9,82481.9140625
HomaBay,2021,female,05,5-9,84838.0
Isiolo,2021,female,05,5-9,29172.482421875
Kajiado,2021,female,05,5-9,91687.90625
Kakamega,2021,female,05,5-9,115629.8125
Kericho,2021,female,05,5-9,60897.203125
Kiambu,2021,female,05,5-9,142684.8125
Kilifi,2021,female,05,5-9,112769.0703125
Kirinyaga,2021,female,05,5-9,41286.69140625
Kisii,2021,female,05,5-9,85460.703125
Kisumu,2021,female,05,5-9,80359.5859375
Kitui,2021,female,05,5-9,72662.8125
Kwale,2021,female,05,5-9,73164.671875
Laikipia,2021,female,05,5-9,34992.89453125
Lamu,2021,female,05,5-9,10769.705078125
Machakos,2021,female,05,5-9,83513.046875
Makueni,2021,female,05,5-9,55879.7734375
Mandera,2021,female,05,5-9,92613.78125
Marsabit,2021,female,05,5-9,43705.2578125
Meru,2021,female,05,5-9,89044.875
Migori,2021,female,05,5-9,95194.4453125
Mombasa,2021,female,05,5-9,72427.90625
Murang'a,2021,female,05,5-9,56679.82421875
Nairobi,2021,female,05,5-9,260537.421875
Nakuru,2021,female,05,5-9,148982.921875
Nandi,2021,female,05,5-9,60307.234375
Narok,2021,female,05,5-9,114821.3515625
Nyamira,2021,female,05,5-9,37763.45703125
Nyandarua,2021,female,05,5-9,36382.87109375
Nyeri,2021,female,05,5-9,36612.20703125
Samburu,2021,female,05,5-9,29947.71875
Siaya,2021,female,05,5-9,74194.84375
TaitaTaveta,2021,female,05,5-9,20048.80078125
TanaRiver,2021,female,05,5-9,53722.703125
Tharaka-Nithi,2021,female,05,5-9,18479.595703125
TransNzoia,2021,female,05,5-9,75041.703125
Turkana,2021,female,05,5-9,75504.2265625
UasinGishu,2021,female,05,5-9,77620.765625
Vihiga,2021,female,05,5-9,37951.6171875
Wajir,2021,female,05,5-9,71106.671875
WestPokot,2021,female,05,5-9,61087.78515625
Baringo,2021,female,10,10-14,49348.3828125
Bomet,2021,female,10,10-14,67827.0234375
Bungoma,2021,female,10,10-14,160605.4375
Busia,2021,female,10,10-14,72341.8046875
Elgeyo-Marakwet,2021,female,10,10-14,30190.66015625
Embu,2021,female,10,10-14,35572.21875
Garissa,2021,female,10,10-14,72864.6015625
HomaBay,2021,female,10,10-14,89631.6796875
Isiolo,2021,female,10,10-14,26181.513671875
Kajiado,2021,female,10,10-14,81201.6015625
Kakamega,2021,female,10,10-14,123813.734375
Kericho,2021,female,10,10-14,64600.375
Kiambu,2021,female,10,10-14,131300.15625
Kilifi,2021,female,10,10-14,111494.78125
Kirinyaga,2021,female,10,10-14,43587.90234375
Kisii,2021,female,10,10-14,95172.046875
Kisumu,2021,female,10,10-14,87994.5390625
Kitui,2021,female,10,10-14,85679.4296875
Kwale,2021,female,10,10-14,68600.421875
Laikipia,2021,female,10,10-14,34486.04296875
Lamu,2021,female,10,10-14,10281.7763671875
Machakos,2021,female,10,10-14,88933.0234375
Makueni,2021,female,10,10-14,67445.5390625
Mandera,2021,female,10,10-14,74513.921875
Marsabit,2021,female,10,10-14,39091.43359375
Meru,2021,female,10,10-14,97344.078125
Migori,2021,female,10,10-14,97459.4453125
Mombasa,2021,female,10,10-14,63139.98046875
Murang'a,2021,female,10,10-14,56940.0078125
Nairobi,2021,female,10,10-14,226727.703125
Nakuru,2021,female,10,10-14,150575.375
Nandi,2021,female,10,10-14,64181.0546875
Narok,2021,female,10,10-14,101815.625
Nyamira,2021,female,10,10-14,43715.2265625
Nyandarua,2021,female,10,10-14,39036.06640625
Nyeri,2021,female,10,10-14,36459.7890625
Samburu,2021,female,10,10-14,26159.263671875
Siaya,2021,female,10,10-14,79281.7578125
TaitaTaveta,2021,female,10,10-14,20775.79296875
TanaRiver,2021,female,10,10-14,46983.48046875
Tharaka-Nithi,2021,female,10,10-14,20137.412109375
TransNzoia,2021,female,10,10-14,76742.546875
Turkana,2021,female,10,10-14,70064.96875
UasinGishu,2021,female,10,10-14,80521.5390625
Vihiga,2021,female,10,10-14,41903.72265625
Wajir,2021,female,10,10-14,61720.5390625
WestPokot,2021,female,10,10-14,53050.5703125
Baringo,2021,female,15,15-19,41081.77734375
Bomet,2021,female,15,15-19,59654.86328125
Bungoma,2021,female,15,15-19,136308.265625
Busia,2021,female,15,15-19,64137.859375
Elgeyo-Marakwet,2021,female,15,15-19,26606.5546875
Embu,2021,female,15,15-19,34759.83984375
Garissa,2021,female,15,15-19,59561.078125
HomaBay,2021,female,15,15-19,71954.015625
Isiolo,2021,female,15,15-19,21176.2265625
Kajiado,2021,female,15,15-19,68968.953125
Kakamega,2021,female,15,15-19,105958.9609375
Kericho,2021,female,15,15-19,57374.74609375
Kiambu,2021,female,15,15-19,136077.890625
Kilifi,2021,female,15,15-19,98159.15625
Kirinyaga,2021,female,15,15-19,43369.42578125
Kisii,2021,female,15,15-19,78495.875
Kisumu,2021,female,15,15-19,78055.296875
Kitui,2021,female,15,15-19,77932.40625
Kwale,2021,female,15,15-19,56175.33203125
Laikipia,2021,female,15,15-19,30931.6171875
Lamu,2021,female,15,15-19,8757.6865234375
Machakos,2021,female,15,15-19,83434.6484375
Makueni,2021,female,15,15-19,62627.8515625
Mandera,2021,female,15,15-19,55528.9609375
Marsabit,2021,female,15,15-19,30929.958984375
Meru,2021,female,15,15-19,89217.1171875
Migori,2021,female,15,15-19,78181.6640625
Mombasa,2021,female,15,15-19,61795.53125
Murang'a,2021,female,15,15-19,52495.5
Nairobi,2021,female,15,15-19,240793.890625
Nakuru,2021,female,15,15-19,136904.28125
Nandi,2021,female,15,15-19,58598.76171875
Narok,2021,female,15,15-19,74250.8515625
Nyamira,2021,female,15,15-19,35200.0625
Nyandarua,2021,female,15,15-19,37080.3125
Nyeri,2021,female,15,15-19,36333.90625
Samburu,2021,female,15,15-19,19596.78125
Siaya,2021,female,15,15-19,65244.61328125
TaitaTaveta,2021,female,15,15-19,18929.13671875
TanaRiver,2021,female,15,15-19,35637.265625
Tharaka-Nithi,2021,female,15,15-19,18890.1171875
TransNzoia,2021,female,15,15-19,66884.8671875
Turkana,2021,female,15,15-19,58250.7734375
UasinGishu,2021,female,15,15-19,77316.125
Vihiga,2021,female,15,15-19,36708.7265625
Wajir,2021,female,15,15-19,46589.453125
WestPokot,2021,female,15,15-19,40273.05078125
Baringo,2021,female,20,20-24,31265.38671875
Bomet,2021,female,20,20-24,44543.4375
Bungoma,2021,female,20,20-24,88616.5390625
Busia,2021,female,20,20-24,42481.078125
Elgeyo-Marakwet,2021,female,20,20-24,19901.875
Embu,2021,female,20,20-24,27557.5078125
Garissa,2021,female,20,20-24,44823.6015625
HomaBay,2021,female,20,20-24,52244.9453125
Isiolo,2021,female,20,20-24,16949.76953125
Kajiado,2021,female,20,20-24,82142.671875
Kakamega,2021,female,20,20-24,67062.40625
Kericho,2021,female,20,20-24,45351.5859375
Kiambu,2021,female,20,20-24,172707.234375
Kilifi,2021,female,20,20-24,77808.5546875
Kirinyaga,2021,female,20,20-24,33668.046875
Kisii,2021,female,20,20-24,55952.203125
Kisumu,2021,female,20,20-24,65668.5546875
Kitui,2021,female,20,20-24,45784.0078125
Kwale,2021,female,20,20-24,43144.9609375
Laikipia,2021,female,20,20-24,23901.53125
Lamu,2021,female,20,20-24,6880.060546875
Machakos,2021,female,20,20-24,77412.5703125
Makueni,2021,female,20,20-24,38651.65625
Mandera,2021,female,20,20-24,38614.5625
Marsabit,2021,female,20,20-24,23602.4765625
Meru,2021,female,20,20-24,67507.234375
Migori,2021,female,20,20-24,60056.66796875
Mombasa,2021,female,20,20-24,82257.71875
Murang'a,2021,female,20,20-24,36661.75
Nairobi,2021,female,20,20-24,362965.75
Nakuru,2021,female,20,20-24,119961.8359375
Nandi,2021,female,20,20-24,42630.96875
Narok,2021,female,20,20-24,61401.4921875
Nyamira,2021,female,20,20-24,23220.1640625
Nyandarua,2021,female,20,20-24,23652.6875
Nyeri,2021,female,20,20-24,28580.55078125
Samburu,2021,female,20,20-24,16715.333984375
Siaya,2021,female,20,20-24,45526.7421875
TaitaTaveta,2021,female,20,20-24,15193.158203125
TanaRiver,2021,female,20,20-24,29449.9375
Tharaka-Nithi,2021,female,20,20-24,13487.9072265625
TransNzoia,2021,female,20,20-24,45794.61328125
Turkana,2021,female,20,20-24,45452.71875
UasinGishu,2021,female,20,20-24,71632.515625
Vihiga,2021,female,20,20-24,21175.208984375
Wajir,2021,female,20,20-24,33162.01171875
WestPokot,2021,female,20,20-24,31840.1953125
Baringo,2021,female,25,25-29,24144.470703125
Bomet,2021,female,25,25-29,36338.7109375
Bungoma,2021,female,25,25-29,69922.3359375
Busia,2021,female,25,25-29,33652.22265625
Elgeyo-Marakwet,2021,female,25,25-29,15452.748046875
Embu,2021,female,25,25-29,22965.7578125
Garissa,2021,female,25,25-29,38305.40625
HomaBay,2021,female,25,25-29,42162.1953125
Isiolo,2021,female,25,25-29,13812.34375
Kajiado,2021,female,25,25-29,75610.5390625
Kakamega,2021,female,25,25-29,54169.72265625
Kericho,2021,female,25,25-29,38510.21484375
Kiambu,2021,female,25,25-29,154185.796875
Kilifi,2021,female,25,25-29,65344.57421875
Kirinyaga,2021,female,25,25-29,29988.263671875
Kisii,2021,female,25,25-29,50574.5078125
Kisumu,2021,female,25,25-29,55245.08984375
Kitui,2021,female,25,25-29,35816.18359375
Kwale,2021,female,25,25-29,37703.765625
Laikipia,2021,female,25,25-29,20075.033203125
Lamu,2021,female,25,25-29,5747.63427734375
Machakos,2021,female,25,25-29,69095.796875
Makueni,2021,female,25,25-29,32770.375
Mandera,2021,female,25,25-29,29691.98046875
Marsabit,2021,female,25,25-29,18685.9140625
Meru,2021,female,25,25-29,56365.05859375
Migori,2021,female,25,25-29,47157.6484375
Mombasa,2021,female,25,25-29,78833.71875
Murang'a,2021,female,25,25-29,32110.67578125
Nairobi,2021,female,25,25-29,348793.25
Nakuru,2021,female,25,25-29,103139.515625
Nandi,2021,female,25,25-29,35273.078125
Narok,2021,female,25,25-29,50494.15625
Nyamira,2021,female,25,25-29,22670.45703125
Nyandarua,2021,female,25,25-29,19430.607421875
Nyeri,2021,female,25,25-29,24286.201171875
Samburu,2021,female,25,25-29,12776.06640625
Siaya,2021,female,25,25-29,38033.92578125
TaitaTaveta,2021,female,25,25-29,13288.04296875
TanaRiver,2021,female,25,25-29,24394.458984375
Tharaka-Nithi,2021,female,25,25-29,11302.421875
TransNzoia,2021,female,25,25-29,37034.484375
Turkana,2021,female,25,25-29,38194.8125
UasinGishu,2021,female,25,25-29,58126.5
Vihiga,2021,female,25,25-29,16761.134765625
Wajir,2021,female,25,25-29,29786.03515625
WestPokot,2021,female,25,25-29,24410.90625
Baringo,2021,female,30,30-34,19463.96875
Bomet,2021,female,30,30-34,33745.59765625
Bungoma,2021,female,30,30-34,64876.01171875
Busia,2021,female,30,30-34,30444.6328125
Elgeyo-Marakwet,2021,female,30,30-34,13206.22265625
Embu,2021,female,30,30-34,23628.97265625
Garissa,2021,female,30,30-34,28193.56640625
HomaBay,2021,female,30,30-34,40304.1015625
Isiolo,2021,female,30,30-34,11890.8310546875
Kajiado,2021,female,30,30-34,61012.3203125
Kakamega,2021,female,30,30-34,53258.71484375
Kericho,2021,female,30,30-34,35424.3046875
Kiambu,2021,female,30,30-34,131117.984375
Kilifi,2021,female,30,30-34,56033.9609375
Kirinyaga,2021,female,30,30-34,34849.65234375
Kisii,2021,female,30,30-34,50673.46484375
Kisumu,2021,female,30,30-34,48324.609375
Kitui,2021,female,30,30-34,36489.61328125
Kwale,2021,female,30,30-34,32268.724609375
Laikipia,2021,female,30,30-34,19550.8046875
Lamu,2021,female,30,30-34,5284.84521484375
Machakos,2021,female,30,30-34,63540.2890625
Makueni,2021,female,30,30-34,33022.44921875
Mandera,2021,female,30,30-34,22719.59765625
Marsabit,2021,female,30,30-34,14595.2294921875
Meru,2021,female,30,30-34,57821.8515625
Migori,2021,female,30,30-34,41050.9453125
Mombasa,2021,female,30,30-34,63223.8359375
Murang'a,2021,female,30,30-34,34088.3671875
Nairobi,2021,female,30,30-34,273654.96875
Nakuru,2021,female,30,30-34,93923.3046875
Nandi,2021,female,30,30-34,33756.19921875
Narok,2021,female,30,30-34,42167.0234375
Nyamira,2021,female,30,30-34,24087.6484375
Nyandarua,2021,female,30,30-34,20753.1484375
Nyeri,2021,female,30,30-34,26154.35546875
Samburu,2021,female,30,30-34,9979.064453125
Siaya,2021,female,30,30-34,36024.36328125
TaitaTaveta,2021,female,30,30-34,12057.6875
TanaRiver,2021,female,30,30-34,18547.23828125
Tharaka-Nithi,2021,female,30,30-34,11525.2998046875
TransNzoia,2021,female,30,30-34,33659.15234375
Turkana,2021,female,30,30-34,29191.306640625
UasinGishu,2021,female,30,30-34,49674.16015625
Vihiga,2021,female,30,30-34,16711.58203125
Wajir,2021,female,30,30-34,23631.431640625
WestPokot,2021,female,30,30-34,19618.203125
Baringo,2021,female,35,35-39,15460.7294921875
Bomet,2021,female,35,35-39,20144.52734375
Bungoma,2021,female,35,35-39,48754.87109375
Busia,2021,female,35,35-39,22948.2421875
Elgeyo-Marakwet,2021,female,35,35-39,10192.216796875
Embu,2021,female,35,35-39,24059.634765625
Garissa,2021,female,35,35-39,26170.15234375
HomaBay,2021,female,35,35-39,27147.01171875
Isiolo,2021,female,35,35-39,9129.7451171875
Kajiado,2021,female,35,35-39,47338.1796875
Kakamega,2021,female,35,35-39,40215.8984375
Kericho,2021,female,35,35-39,22797.052734375
Kiambu,2021,female,35,35-39,117425.765625
Kilifi,2021,female,35,35-39,39061.234375
Kirinyaga,2021,female,35,35-39,39286.03125
Kisii,2021,female,35,35-39,33398.98046875
Kisumu,2021,female,35,35-39,34650.9765625
Kitui,2021,female,35,35-39,33970.98046875
Kwale,2021,female,35,35-39,25205.42578125
Laikipia,2021,female,35,35-39,17607.63671875
Lamu,2021,female,35,35-39,4486.6044921875
Machakos,2021,female,35,35-39,59137.0703125
Makueni,2021,female,35,35-39,31626.25
Mandera,2021,female,35,35-39,17741.466796875
Marsabit,2021,female,35,35-39,10416.564453125
Meru,2021,female,35,35-39,56771.453125
Migori,2021,female,35,35-39,27650.8515625
Mombasa,2021,female,35,35-39,50618.4140625
Murang'a,2021,female,35,35-39,37655.33984375
Nairobi,2021,female,35,35-39,213190.75
Nakuru,2021,female,35,35-39,78882.0390625
Nandi,2021,female,35,35-39,24523.498046875
Narok,2021,female,35,35-39,29765.775390625
Nyamira,2021,female,35,35-39,16304.724609375
Nyandarua,2021,female,35,35-39,21989.6640625
Nyeri,2021,female,35,35-39,29012.71484375
Samburu,2021,female,35,35-39,6889.8876953125
Siaya,2021,female,35,35-39,27801.375
TaitaTaveta,2021,female,35,35-39,11696.966796875
TanaRiver,2021,female,35,35-39,15487.5888671875
Tharaka-Nithi,2021,female,35,35-39,11267.36328125
TransNzoia,2021,female,35,35-39,26742.6328125
Turkana,2021,female,35,35-39,23915.439453125
UasinGishu,2021,female,35,35-39,39709.6328125
Vihiga,2021,female,35,35-39,15242.609375
Wajir,2021,female,35,35-39,19218.3671875
WestPokot,2021,female,35,35-39,13859.26953125
Baringo,2021,female,40,40-44,12731.0361328125
Bomet,2021,female,40,40-44,19358.5625
Bungoma,2021,female,40,40-44,45385.37109375
Busia,2021,female,40,40-44,20443.8359375
Elgeyo-Marakwet,2021,female,40,40-44,8714.46875
Embu,2021,female,40,40-44,19724.1015625
Garissa,2021,female,40,40-44,20106.005859375
HomaBay,2021,female,40,40-44,23612.955078125
Isiolo,2021,female,40,40-44,6401.17138671875
Kajiado,2021,female,40,40-44,33745.546875
Kakamega,2021,female,40,40-44,37072.3984375
Kericho,2021,female,40,40-44,20493.38671875
Kiambu,2021,female,40,40-44,85383.453125
Kilifi,2021,female,40,40-44,38817.34375
Kirinyaga,2021,female,40,40-44,32571.3125
Kisii,2021,female,40,40-44,28042.134765625
Kisumu,2021,female,40,40-44,26757.0078125
Kitui,2021,female,40,40-44,29273.322265625
Kwale,2021,female,40,40-44,22828.03515625
Laikipia,2021,female,40,40-44,14686.3173828125
Lamu,2021,female,40,40-44,3826.809326171875
Machakos,2021,female,40,40-44,46881.8203125
Makueni,2021,female,40,40-44,26819.94140625
Mandera,2021,female,40,40-44,13856.7470703125
Marsabit,2021,female,40,40-44,8430.0
Meru,2021,female,40,40-44,43790.25
Migori,2021,female,40,40-44,23410.61328125
Mombasa,2021,female,40,40-44,36412.59375
Murang'a,2021,female,40,40-44,32354.55078125
Nairobi,2021,female,40,40-44,140684.875
Nakuru,2021,female,40,40-44,60740.265625
Nandi,2021,female,40,40-44,21616.3203125
Narok,2021,female,40,40-44,25341.328125
Nyamira,2021,female,40,40-44,14634.87109375
Nyandarua,2021,female,40,40-44,18673.76953125
Nyeri,2021,female,40,40-44,24737.068359375
Samburu,2021,female,40,40-44,5578.876953125
Siaya,2021,female,40,40-44,23279.60546875
TaitaTaveta,2021,female,40,40-44,9587.3125
TanaRiver,2021,female,40,40-44,11880.462890625
Tharaka-Nithi,2021,female,40,40-44,9160.7958984375
TransNzoia,2021,female,40,40-44,24143.701171875
Turkana,2021,female,40,40-44,18054.4609375
UasinGishu,2021,female,40,40-44,31279.0
Vihiga,2021,female,40,40-44,13704.8125
Wajir,2021,female,40,40-44,14345.357421875
WestPokot,2021,female,40,40-44,11742.841796875
Baringo,2021,female,45,45-49,11741.8193359375
Bomet,2021,female,45,45-49,18227.419921875
Bungoma,2021,female,45,45-49,36923.7265625
Busia,2021,female,45,45-49,16341.19921875
Elgeyo-Marakwet,2021,female,45,45-49,8125.046875
Embu,2021,female,45,45-49,17473.18359375
Garissa,2021,female,45,45-49,11347.73828125
HomaBay,2021,female,45,45-49,19257.37890625
Isiolo,2021,female,45,45-49,4972.19189453125
Kajiado,2021,female,45,45-49,25704.888671875
Kakamega,2021,female,45,45-49,30207.43359375
Kericho,2021,female,45,45-49,18471.76953125
Kiambu,2021,female,45,45-49,67499.1015625
Kilifi,2021,female,45,45-49,26947.123046875
Kirinyaga,2021,female,45,45-49,28210.791015625
Kisii,2021,female,45,45-49,28161.5
Kisumu,2021,female,45,45-49,19381.25
Kitui,2021,female,45,45-49,28061.65234375
Kwale,2021,female,45,45-49,16654.78125
Laikipia,2021,female,45,45-49,12742.9931640625
Lamu,2021,female,45,45-49,3213.93310546875
Machakos,2021,female,45,45-49,36776.859375
Makueni,2021,female,45,45-49,26533.82421875
Mandera,2021,female,45,45-49,7544.359375
Marsabit,2021,female,45,45-49,6749.7763671875
Meru,2021,female,45,45-49,38524.4609375
Migori,2021,female,45,45-49,19804.83984375
Mombasa,2021,female,45,45-49,25550.08984375
Murang'a,2021,female,45,45-49,30409.076171875
Nairobi,2021,female,45,45-49,95032.4296875
Nakuru,2021,female,45,45-49,51454.46875
Nandi,2021,female,45,45-49,19179.08984375
Narok,2021,female,45,45-49,21358.146484375
Nyamira,2021,female,45,45-49,13429.443359375
Nyandarua,2021,female,45,45-49,17696.1796875
Nyeri,2021,female,45,45-49,22973.39453125
Samburu,2021,female,45,45-49,5213.03076171875
Siaya,2021,female,45,45-49,18988.9453125
TaitaTaveta,2021,female,45,45-49,8759.7431640625
TanaRiver,2021,female,45,45-49,9671.8203125
Tharaka-Nithi,2021,female,45,45-49,9048.2431640625
TransNzoia,2021,female,45,45-49,19093.71484375
Turkana,2021,female,45,45-49,13499.818359375
UasinGishu,2021,female,45,45-49,25911.990234375
Vihiga,2021,female,45,45-49,11909.083984375
Wajir,2021,female,45,45-49,7366.130859375
WestPokot,2021,female,45,45-49,10502.3916015625
Baringo,2021,female,50,50-54,9714.0751953125
Bomet,2021,female,50,50-54,11681.3740234375
Bungoma,2021,female,50,50-54,32909.3125
Busia,2021,female,50,50-54,16505.119140625
Elgeyo-Marakwet,2021,female,50,50-54,5861.6943359375
Embu,2021,female,50,50-54,15860.5703125
Garissa,2021,female,50,50-54,10959.76953125
HomaBay,2021,female,50,50-54,15818.7880859375
Isiolo,2021,female,50,50-54,4103.0146484375
Kajiado,2021,female,50,50-54,19613.439453125
Kakamega,2021,female,50,50-54,28969.775390625
Kericho,2021,female,50,50-54,12680.7177734375
Kiambu,2021,female,50,50-54,53721.25
Kilifi,2021,female,50,50-54,23307.146484375
Kirinyaga,2021,female,50,50-54,25722.28125
Kisii,2021,female,50,50-54,17262.35546875
Kisumu,2021,female,50,50-54,18294.38671875
Kitui,2021,female,50,50-54,21626.09765625
Kwale,2021,female,50,50-54,11471.88671875
Laikipia,2021,female,50,50-54,11499.4716796875
Lamu,2021,female,50,50-54,2520.91455078125
Machakos,2021,female,50,50-54,29828.11328125
Makueni,2021,female,50,50-54,19679.5234375
Mandera,2021,female,50,50-54,6523.896484375
Marsabit,2021,female,50,50-54,6287.37060546875
Meru,2021,female,50,50-54,27923.08203125
Migori,2021,female,50,50-54,15507.671875
Mombasa,2021,female,50,50-54,17394.5546875
Murang'a,2021,female,50,50-54,27566.646484375
Nairobi,2021,female,50,50-54,66083.5
Nakuru,2021,female,50,50-54,40705.84765625
Nandi,2021,female,50,50-54,14828.287109375
Narok,2021,female,50,50-54,15785.154296875
Nyamira,2021,female,50,50-54,8830.884765625
Nyandarua,2021,female,50,50-54,15994.345703125
Nyeri,2021,female,50,50-54,22758.6953125
Samburu,2021,female,50,50-54,3770.4794921875
Siaya,2021,female,50,50-54,19299.267578125
TaitaTaveta,2021,female,50,50-54,7302.1279296875
TanaRiver,2021,female,50,50-54,7978.95068359375
Tharaka-Nithi,2021,female,50,50-54,6575.2451171875
TransNzoia,2021,female,50,50-54,16397.51171875
Turkana,2021,female,50,50-54,10464.1904296875
UasinGishu,2021,female,50,50-54,18632.25390625
Vihiga,2021,female,50,50-54,12023.77734375
Wajir,2021,female,50,50-54,6330.20947265625
WestPokot,2021,female,50,50-54,7875.9521484375
Baringo,2021,female,55,55-59,7024.177734375
Bomet,2021,female,55,55-59,10553.248046875
Bungoma,2021,female,55,55-59,27814.23828125
Busia,2021,female,55,55-59,13667.08203125
Elgeyo-Marakwet,2021,female,55,55-59,5079.748046875
Embu,2021,female,55,55-59,12778.1953125
Garissa,2021,female,55,55-59,4325.53515625
HomaBay,2021,female,55,55-59,14980.4296875
Isiolo,2021,female,55,55-59,3461.05419921875
Kajiado,2021,female,55,55-59,12321.6611328125
Kakamega,2021,female,55,55-59,23797.962890625
Kericho,2021,female,55,55-59,11407.25390625
Kiambu,2021,female,55,55-59,35333.6640625
Kilifi,2021,female,55,55-59,17990.6875
Kirinyaga,2021,female,55,55-59,19640.806640625
Kisii,2021,female,55,55-59,20999.224609375
Kisumu,2021,female,55,55-59,15820.259765625
Kitui,2021,female,55,55-59,16693.732421875
Kwale,2021,female,55,55-59,9578.060546875
Laikipia,2021,female,55,55-59,8645.9990234375
Lamu,2021,female,55,55-59,2111.37451171875
Machakos,2021,female,55,55-59,23746.6796875
Makueni,2021,female,55,55-59,16283.9443359375
Mandera,2021,female,55,55-59,3599.97314453125
Marsabit,2021,female,55,55-59,4150.3154296875
Meru,2021,female,55,55-59,24730.28125
Migori,2021,female,55,55-59,13251.076171875
Mombasa,2021,female,55,55-59,11605.0673828125
Murang'a,2021,female,55,55-59,22722.693359375
Nairobi,2021,female,55,55-59,39042.890625
Nakuru,2021,female,55,55-59,29350.025390625
Nandi,2021,female,55,55-59,11986.158203125
Narok,2021,female,55,55-59,11854.89453125
Nyamira,2021,female,55,55-59,10061.98046875
Nyandarua,2021,female,55,55-59,11627.3818359375
Nyeri,2021,female,55,55-59,16664.521484375
Samburu,2021,female,55,55-59,2521.675048828125
Siaya,2021,female,55,55-59,16957.32421875
TaitaTaveta,2021,female,55,55-59,6175.193359375
TanaRiver,2021,female,55,55-59,5506.255859375
Tharaka-Nithi,2021,female,55,55-59,6002.939453125
TransNzoia,2021,female,55,55-59,13233.69140625
Turkana,2021,female,55,55-59,7050.880859375
UasinGishu,2021,female,55,55-59,14331.6103515625
Vihiga,2021,female,55,55-59,10634.5654296875
Wajir,2021,female,55,55-59,3457.8486328125
WestPokot,2021,female,55,55-59,5330.75048828125
Baringo,2021,female,60,60-64,5380.1591796875
Bomet,2021,female,60,60-64,7254.94677734375
Bungoma,2021,female,60,60-64,19621.212890625
Busia,2021,female,60,60-64,10007.990234375
Elgeyo-Marakwet,2021,female,60,60-64,3696.042724609375
Embu,2021,female,60,60-64,8083.0380859375
Garissa,2021,female,60,60-64,5403.8642578125
HomaBay,2021,female,60,60-64,12082.0771484375
Isiolo,2021,female,60,60-64,2641.982666015625
Kajiado,2021,female,60,60-64,8159.8662109375
Kakamega,2021,female,60,60-64,18381.1875
Kericho,2021,female,60,60-64,7950.6767578125
Kiambu,2021,female,60,60-64,20677.35546875
Kilifi,2021,female,60,60-64,18478.759765625
Kirinyaga,2021,female,60,60-64,11642.130859375
Kisii,2021,female,60,60-64,15661.3603515625
Kisumu,2021,female,60,60-64,12498.546875
Kitui,2021,female,60,60-64,13048.423828125
Kwale,2021,female,60,60-64,9948.373046875
Laikipia,2021,female,60,60-64,5702.81494140625
Lamu,2021,female,60,60-64,1562.511962890625
Machakos,2021,female,60,60-64,18358.263671875
Makueni,2021,female,60,60-64,13755.484375
Mandera,2021,female,60,60-64,3224.63134765625
Marsabit,2021,female,60,60-64,3468.39404296875
Meru,2021,female,60,60-64,18002.248046875
Migori,2021,female,60,60-64,10106.029296875
Mombasa,2021,female,60,60-64,7586.328125
Murang'a,2021,female,60,60-64,15084.470703125
Nairobi,2021,female,60,60-64,21242.54296875
Nakuru,2021,female,60,60-64,18298.607421875
Nandi,2021,female,60,60-64,8087.63525390625
Narok,2021,female,60,60-64,8429.84765625
Nyamira,2021,female,60,60-64,7435.501953125
Nyandarua,2021,female,60,60-64,6767.78662109375
Nyeri,2021,female,60,60-64,10401.212890625
Samburu,2021,female,60,60-64,2597.855712890625
Siaya,2021,female,60,60-64,14443.568359375
TaitaTaveta,2021,female,60,60-64,4585.08837890625
TanaRiver,2021,female,60,60-64,4988.7578125
Tharaka-Nithi,2021,female,60,60-64,4411.0966796875
TransNzoia,2021,female,60,60-64,9038.68359375
Turkana,2021,female,60,60-64,6305.67236328125
UasinGishu,2021,female,60,60-64,9074.5869140625
Vihiga,2021,female,60,60-64,8918.8212890625
Wajir,2021,female,60,60-64,2810.759521484375
WestPokot,2021,female,60,60-64,4853.17138671875
Baringo,2021,female,65,65-69,3830.47412109375
Bomet,2021,female,65,65-69,4859.35009765625
Bungoma,2021,female,65,65-69,12415.8701171875
Busia,2021,female,65,65-69,6547.31787109375
Elgeyo-Marakwet,2021,female,65,65-69,2597.28369140625
Embu,2021,female,65,65-69,6148.4912109375
Garissa,2021,female,65,65-69,1822.3984375
HomaBay,2021,female,65,65-69,8507.89453125
Isiolo,2021,female,65,65-69,1434.3994140625
Kajiado,2021,female,65,65-69,4566.0107421875
Kakamega,2021,female,65,65-69,12109.935546875
Kericho,2021,female,65,65-69,5040.89013671875
Kiambu,2021,female,65,65-69,13953.75390625
Kilifi,2021,female,65,65-69,10443.220703125
Kirinyaga,2021,female,65,65-69,8799.875
Kisii,2021,female,65,65-69,9665.0078125
Kisumu,2021,female,65,65-69,8414.8232421875
Kitui,2021,female,65,65-69,10417.771484375
Kwale,2021,female,65,65-69,6174.36328125
Laikipia,2021,female,65,65-69,4062.354736328125
Lamu,2021,female,65,65-69,1008.02783203125
Machakos,2021,female,65,65-69,12937.5595703125
Makueni,2021,female,65,65-69,10655.861328125
Mandera,2021,female,65,65-69,1391.60498046875
Marsabit,2021,female,65,65-69,1933.99462890625
Meru,2021,female,65,65-69,12989.8203125
Migori,2021,female,65,65-69,6833.53125
Mombasa,2021,female,65,65-69,4393.49365234375
Murang'a,2021,female,65,65-69,12207.0908203125
Nairobi,2021,female,65,65-69,11628.2890625
Nakuru,2021,female,65,65-69,12261.50390625
Nandi,2021,female,65,65-69,5673.44775390625
Narok,2021,female,65,65-69,4758.03173828125
Nyamira,2021,female,65,65-69,4576.7900390625
Nyandarua,2021,female,65,65-69,4782.15576171875
Nyeri,2021,female,65,65-69,7620.77880859375
Samburu,2021,female,65,65-69,1478.9715576171875
Siaya,2021,female,65,65-69,10778.7666015625
TaitaTaveta,2021,female,65,65-69,3159.724853515625
TanaRiver,2021,female,65,65-69,2738.671142578125
Tharaka-Nithi,2021,female,65,65-69,3348.72021484375
TransNzoia,2021,female,65,65-69,5653.2607421875
Turkana,2021,female,65,65-69,4061.8271484375
UasinGishu,2021,female,65,65-69,5929.623046875
Vihiga,2021,female,65,65-69,6446.193359375
Wajir,2021,female,65,65-69,1253.56689453125
WestPokot,2021,female,65,65-69,3610.741455078125
Baringo,2021,female,70,70-74,2699.73388671875
Bomet,2021,female,70,70-74,3278.393310546875
Bungoma,2021,female,70,70-74,7577.427734375
Busia,2021,female,70,70-74,4329.3037109375
Elgeyo-Marakwet,2021,female,70,70-74,1876.8685302734375
Embu,2021,female,70,70-74,4246.5947265625
Garissa,2021,female,70,70-74,2407.5263671875
HomaBay,2021,female,70,70-74,5800.234375
Isiolo,2021,female,70,70-74,1152.1507568359375
Kajiado,2021,female,70,70-74,3034.2021484375
Kakamega,2021,female,70,70-74,7463.779296875
Kericho,2021,female,70,70-74,3167.951416015625
Kiambu,2021,female,70,70-74,9450.294921875
Kilifi,2021,female,70,70-74,6701.916015625
Kirinyaga,2021,female,70,70-74,6401.37744140625
Kisii,2021,female,70,70-74,5873.3349609375
Kisumu,2021,female,70,70-74,5327.23486328125
Kitui,2021,female,70,70-74,8216.759765625
Kwale,2021,female,70,70-74,4066.161376953125
Laikipia,2021,female,70,70-74,2874.720703125
Lamu,2021,female,70,70-74,646.490234375
Machakos,2021,female,70,70-74,7870.5712890625
Makueni,2021,female,70,70-74,6764.65234375
Mandera,2021,female,70,70-74,1326.5384521484375
Marsabit,2021,female,70,70-74,1787.209716796875
Meru,2021,female,70,70-74,9587.3125
Migori,2021,female,70,70-74,4358.6142578125
Mombasa,2021,female,70,70-74,2492.314208984375
Murang'a,2021,female,70,70-74,9132.32421875
Nairobi,2021,female,70,70-74,6447.53662109375
Nakuru,2021,female,70,70-74,8155.17236328125
Nandi,2021,female,70,70-74,3498.923828125
Narok,2021,female,70,70-74,3483.1767578125
Nyamira,2021,female,70,70-74,3029.284423828125
Nyandarua,2021,female,70,70-74,3688.486328125
Nyeri,2021,female,70,70-74,6204.4619140625
Samburu,2021,female,70,70-74,1218.1204833984375
Siaya,2021,female,70,70-74,7340.7578125
TaitaTaveta,2021,female,70,70-74,2084.012451171875
TanaRiver,2021,female,70,70-74,2045.205322265625
Tharaka-Nithi,2021,female,70,70-74,2478.23291015625
TransNzoia,2021,female,70,70-74,3534.554931640625
Turkana,2021,female,70,70-74,3086.40380859375
UasinGishu,2021,female,70,70-74,3553.504638671875
Vihiga,2021,female,70,70-74,4174.39453125
Wajir,2021,female,70,70-74,1101.5899658203125
WestPokot,2021,female,70,70-74,2419.927490234375
Baringo,2021,female,75,75-79,1691.993896484375
Bomet,2021,female,75,75-79,2456.42626953125
Bungoma,2021,female,75,75-79,5747.48583984375
Busia,2021,female,75,75-79,3075.18798828125
Elgeyo-Marakwet,2021,female,75,75-79,1344.692626953125
Embu,2021,female,75,75-79,2797.40966796875
Garissa,2021,female,75,75-79,958.7540283203125
HomaBay,2021,female,75,75-79,3785.601806640625
Isiolo,2021,female,75,75-79,611.1189575195312
Kajiado,2021,female,75,75-79,1886.57275390625
Kakamega,2021,female,75,75-79,5886.6171875
Kericho,2021,female,75,75-79,2151.77294921875
Kiambu,2021,female,75,75-79,7273.6884765625
Kilifi,2021,female,75,75-79,4468.1025390625
Kirinyaga,2021,female,75,75-79,4041.092529296875
Kisii,2021,female,75,75-79,3629.704833984375
Kisumu,2021,female,75,75-79,3619.5546875
Kitui,2021,female,75,75-79,5026.6669921875
Kwale,2021,female,75,75-79,2187.070068359375
Laikipia,2021,female,75,75-79,2105.60498046875
Lamu,2021,female,75,75-79,354.149658203125
Machakos,2021,female,75,75-79,5731.5263671875
Makueni,2021,female,75,75-79,4741.5654296875
Mandera,2021,female,75,75-79,528.583251953125
Marsabit,2021,female,75,75-79,795.526611328125
Meru,2021,female,75,75-79,5640.23828125
Migori,2021,female,75,75-79,3054.902587890625
Mombasa,2021,female,75,75-79,1410.962646484375
Murang'a,2021,female,75,75-79,7462.5078125
Nairobi,2021,female,75,75-79,3837.3935546875
Nakuru,2021,female,75,75-79,6144.7802734375
Nandi,2021,female,75,75-79,2758.09326171875
Narok,2021,female,75,75-79,2167.14990234375
Nyamira,2021,female,75,75-79,1832.7139892578125
Nyandarua,2021,female,75,75-79,3307.98193359375
Nyeri,2021,female,75,75-79,5059.3818359375
Samburu,2021,female,75,75-79,696.529052734375
Siaya,2021,female,75,75-79,5240.57080078125
TaitaTaveta,2021,female,75,75-79,1404.414306640625
TanaRiver,2021,female,75,75-79,1005.2547607421875
Tharaka-Nithi,2021,female,75,75-79,1579.247314453125
TransNzoia,2021,female,75,75-79,2576.490478515625
Turkana,2021,female,75,75-79,1759.5087890625
UasinGishu,2021,female,75,75-79,2894.03466796875
Vihiga,2021,female,75,75-79,3339.11669921875
Wajir,2021,female,75,75-79,474.46209716796875
WestPokot,2021,female,75,75-79,1376.9150390625
Baringo,2021,female,80,80-84,1136.2994384765625
Bomet,2021,female,80,80-84,1847.677734375
Bungoma,2021,female,80,80-84,3697.49609375
Busia,2021,female,80,80-84,1986.3238525390625
Elgeyo-Marakwet,2021,female,80,80-84,884.7019653320312
Embu,2021,female,80,80-84,2270.64892578125
Garissa,2021,female,80,80-84,644.790771484375
HomaBay,2021,female,80,80-84,2360.001220703125
Isiolo,2021,female,80,80-84,420.96905517578125
Kajiado,2021,female,80,80-84,1218.6011962890625
Kakamega,2021,female,80,80-84,3551.61279296875
Kericho,2021,female,80,80-84,1588.19677734375
Kiambu,2021,female,80,80-84,5056.07470703125
Kilifi,2021,female,80,80-84,2673.76513671875
Kirinyaga,2021,female,80,80-84,3241.3388671875
Kisii,2021,female,80,80-84,2536.051513671875
Kisumu,2021,female,80,80-84,2234.40576171875
Kitui,2021,female,80,80-84,3614.612548828125
Kwale,2021,female,80,80-84,1335.93359375
Laikipia,2021,female,80,80-84,1272.8839111328125
Lamu,2021,female,80,80-84,203.5277862548828
Machakos,2021,female,80,80-84,4509.1669921875
Makueni,2021,female,80,80-84,3739.72607421875
Mandera,2021,female,80,80-84,313.07489013671875
Marsabit,2021,female,80,80-84,488.4495849609375
Meru,2021,female,80,80-84,4185.33935546875
Migori,2021,female,80,80-84,1937.224609375
Mombasa,2021,female,80,80-84,796.2247314453125
Murang'a,2021,female,80,80-84,5425.72314453125
Nairobi,2021,female,80,80-84,2252.096435546875
Nakuru,2021,female,80,80-84,4000.0400390625
Nandi,2021,female,80,80-84,1902.2410888671875
Narok,2021,female,80,80-84,1415.328369140625
Nyamira,2021,female,80,80-84,1237.0556640625
Nyandarua,2021,female,80,80-84,1965.626708984375
Nyeri,2021,female,80,80-84,3389.362548828125
Samburu,2021,female,80,80-84,422.8728332519531
Siaya,2021,female,80,80-84,3380.9130859375
TaitaTaveta,2021,female,80,80-84,978.624267578125
TanaRiver,2021,female,80,80-84,597.3602905273438
Tharaka-Nithi,2021,female,80,80-84,1163.3983154296875
TransNzoia,2021,female,80,80-84,1657.461181640625
Turkana,2021,female,80,80-84,894.248779296875
UasinGishu,2021,female,80,80-84,1946.15869140625
Vihiga,2021,female,80,80-84,2260.326416015625
Wajir,2021,female,80,80-84,271.0868835449219
WestPokot,2021,female,80,80-84,793.4441528320312
Baringo,2021,female,85,85-89,706.3701171875
Bomet,2021,female,85,85-89,1043.85205078125
Bungoma,2021,female,85,85-89,1694.864990234375
Busia,2021,female,85,85-89,1003.456787109375
Elgeyo-Marakwet,2021,female,85,85-89,462.703125
Embu,2021,female,85,85-89,1557.7679443359375
Garissa,2021,female,85,85-89,1075.00146484375
HomaBay,2021,female,85,85-89,1219.1751708984375
Isiolo,2021,female,85,85-89,345.9792785644531
Kajiado,2021,female,85,85-89,723.701416015625
Kakamega,2021,female,85,85-89,1461.85400390625
Kericho,2021,female,85,85-89,969.2872924804688
Kiambu,2021,female,85,85-89,2544.9775390625
Kilifi,2021,female,85,85-89,1342.8492431640625
Kirinyaga,2021,female,85,85-89,2299.36865234375
Kisii,2021,female,85,85-89,1528.9637451171875
Kisumu,2021,female,85,85-89,1074.1826171875
Kitui,2021,female,85,85-89,2526.6650390625
Kwale,2021,female,85,85-89,814.4605712890625
Laikipia,2021,female,85,85-89,579.9724731445312
Lamu,2021,female,85,85-89,114.8421859741211
Machakos,2021,female,85,85-89,2666.38671875
Makueni,2021,female,85,85-89,2286.874755859375
Mandera,2021,female,85,85-89,348.0508117675781
Marsabit,2021,female,85,85-89,466.1047668457031
Meru,2021,female,85,85-89,2868.530517578125
Migori,2021,female,85,85-89,965.2483520507812
Mombasa,2021,female,85,85-89,401.33319091796875
Murang'a,2021,female,85,85-89,2662.086181640625
Nairobi,2021,female,85,85-89,1113.0201416015625
Nakuru,2021,female,85,85-89,1879.885498046875
Nandi,2021,female,85,85-89,904.0596923828125
Narok,2021,female,85,85-89,867.0845947265625
Nyamira,2021,female,85,85-89,747.51953125
Nyandarua,2021,female,85,85-89,764.1871948242188
Nyeri,2021,female,85,85-89,1654.28564453125
Samburu,2021,female,85,85-89,284.4400329589844
Siaya,2021,female,85,85-89,1637.697509765625
TaitaTaveta,2021,female,85,85-89,570.5023193359375
TanaRiver,2021,female,85,85-89,491.87884521484375
Tharaka-Nithi,2021,female,85,85-89,759.2224731445312
TransNzoia,2021,female,85,85-89,787.6473388671875
Turkana,2021,female,85,85-89,448.49847412109375
UasinGishu,2021,female,85,85-89,872.4041748046875
Vihiga,2021,female,85,85-89,1054.5916748046875
Wajir,2021,female,85,85-89,259.6163330078125
WestPokot,2021,female,85,85-89,437.73858642578125
Baringo,2021,female,90,90+,543.7574462890625
Bomet,2021,female,90,90+,603.4888305664062
Bungoma,2021,female,90,90+,944.8424682617188
Busia,2021,female,90,90+,604.8192749023438
Elgeyo-Marakwet,2021,female,90,90+,292.82110595703125
Embu,2021,female,90,90+,1010.9859008789062
Garissa,2021,female,90,90+,1261.6953125
HomaBay,2021,female,90,90+,751.5401000976562
Isiolo,2021,female,90,90+,305.6700439453125
Kajiado,2021,female,90,90+,511.79638671875
Kakamega,2021,female,90,90+,748.1448974609375
Kericho,2021,female,90,90+,657.2786865234375
Kiambu,2021,female,90,90+,1441.321044921875
Kilifi,2021,female,90,90+,769.759765625
Kirinyaga,2021,female,90,90+,1493.551513671875
Kisii,2021,female,90,90+,1023.3721313476562
Kisumu,2021,female,90,90+,618.5517578125
Kitui,2021,female,90,90+,1949.4437255859375
Kwale,2021,female,90,90+,549.8167724609375
Laikipia,2021,female,90,90+,344.9720153808594
Lamu,2021,female,90,90+,96.04934692382812
Machakos,2021,female,90,90+,1606.252197265625
Makueni,2021,female,90,90+,1364.0721435546875
Mandera,2021,female,90,90+,450.7967529296875
Marsabit,2021,female,90,90+,516.6691284179688
Meru,2021,female,90,90+,1822.373779296875
Migori,2021,female,90,90+,609.5625
Mombasa,2021,female,90,90+,279.0455017089844
Murang'a,2021,female,90,90+,1277.7340087890625
Nairobi,2021,female,90,90+,707.2053833007812
Nakuru,2021,female,90,90+,1039.83740234375
Nandi,2021,female,90,90+,503.1387939453125
Narok,2021,female,90,90+,595.3927001953125
Nyamira,2021,female,90,90+,494.88720703125
Nyandarua,2021,female,90,90+,390.6522521972656
Nyeri,2021,female,90,90+,909.4301147460938
Samburu,2021,female,90,90+,222.43386840820312
Siaya,2021,female,90,90+,871.732666015625
TaitaTaveta,2021,female,90,90+,393.1494140625
TanaRiver,2021,female,90,90+,472.1097412109375
Tharaka-Nithi,2021,female,90,90+,511.3772888183594
TransNzoia,2021,female,90,90+,442.04766845703125
Turkana,2021,female,90,90+,318.4704895019531
UasinGishu,2021,female,90,90+,467.060791015625
Vihiga,2021,female,90,90+,554.869140625
Wajir,2021,female,90,90+,340.37786865234375
WestPokot,2021,female,90,90+,324.72271728515625
Baringo,2021,male,00,0-1,10535.8876953125
Bomet,2021,male,00,0-1,12653.966796875
Bungoma,2021,male,00,0-1,28218.451171875
Busia,2021,male,00,0-1,12597.4072265625
Elgeyo-Marakwet,2021,male,00,0-1,6129.595703125
Embu,2021,male,00,0-1,7123.5595703125
Garissa,2021,male,00,0-1,16937.654296875
HomaBay,2021,male,00,0-1,16798.376953125
Isiolo,2021,male,00,0-1,6274.30810546875
Kajiado,2021,male,00,0-1,21424.7421875
Kakamega,2021,male,00,0-1,20497.861328125
Kericho,2021,male,00,0-1,12255.4189453125
Kiambu,2021,male,00,0-1,35446.60546875
Kilifi,2021,male,00,0-1,23668.576171875
Kirinyaga,2021,male,00,0-1,8881.466796875
Kisii,2021,male,00,0-1,15255.0927734375
Kisumu,2021,male,00,0-1,16216.81640625
Kitui,2021,male,00,0-1,13747.296875
Kwale,2021,male,00,0-1,15691.740234375
Laikipia,2021,male,00,0-1,7768.14453125
Lamu,2021,male,00,0-1,2382.040283203125
Machakos,2021,male,00,0-1,18190.140625
Makueni,2021,male,00,0-1,10586.44921875
Mandera,2021,male,00,0-1,16968.439453125
Marsabit,2021,male,00,0-1,8786.771484375
Meru,2021,male,00,0-1,18585.30859375
Migori,2021,male,00,0-1,18847.56640625
Mombasa,2021,male,00,0-1,17599.54296875
Murang'a,2021,male,00,0-1,11860.751953125
Nairobi,2021,male,00,0-1,67353.515625
Nakuru,2021,male,00,0-1,33047.9140625
Nandi,2021,male,00,0-1,11874.2880859375
Narok,2021,male,00,0-1,23378.583984375
Nyamira,2021,male,00,0-1,6640.52490234375
Nyandarua,2021,male,00,0-1,7435.98828125
Nyeri,2021,male,00,0-1,7777.34375
Samburu,2021,male,00,0-1,6193.68701171875
Siaya,2021,male,00,0-1,13888.51171875
TaitaTaveta,2021,male,00,0-1,4435.4990234375
TanaRiver,2021,male,00,0-1,11948.353515625
Tharaka-Nithi,2021,male,00,0-1,3661.861083984375
TransNzoia,2021,male,00,0-1,14663.318359375
Turkana,2021,male,00,0-1,14969.44921875
UasinGishu,2021,male,00,0-1,16649.86328125
Vihiga,2021,male,00,0-1,6605.7451171875
Wajir,2021,male,00,0-1,13862.251953125
WestPokot,2021,male,00,0-1,13642.61328125
Baringo,2021,male,01,1-4,41278.984375
Bomet,2021,male,01,1-4,49577.4921875
Bungoma,2021,male,01,1-4,110552.3671875
Busia,2021,male,01,1-4,49342.39453125
Elgeyo-Marakwet,2021,male,01,1-4,24015.392578125
Embu,2021,male,01,1-4,27909.685546875
Garissa,2021,male,01,1-4,66359.578125
HomaBay,2021,male,01,1-4,65815.046875
Isiolo,2021,male,01,1-4,24582.365234375
Kajiado,2021,male,01,1-4,83922.25
Kakamega,2021,male,01,1-4,80309.40625
Kericho,2021,male,01,1-4,48016.0078125
Kiambu,2021,male,01,1-4,138877.703125
Kilifi,2021,male,01,1-4,92732.0859375
Kirinyaga,2021,male,01,1-4,34797.05859375
Kisii,2021,male,01,1-4,59768.5546875
Kisumu,2021,male,01,1-4,63536.51953125
Kitui,2021,male,01,1-4,53861.1015625
Kwale,2021,male,01,1-4,61478.30078125
Laikipia,2021,male,01,1-4,30435.12890625
Lamu,2021,male,01,1-4,9332.6953125
Machakos,2021,male,01,1-4,71267.8984375
Makueni,2021,male,01,1-4,41477.078125
Mandera,2021,male,01,1-4,66455.71875
Marsabit,2021,male,01,1-4,34425.9296875
Meru,2021,male,01,1-4,72816.1328125
Migori,2021,male,01,1-4,73825.5703125
Mombasa,2021,male,01,1-4,68953.9609375
Murang'a,2021,male,01,1-4,46469.7265625
Nairobi,2021,male,01,1-4,263887.09375
Nakuru,2021,male,01,1-4,129479.765625
Nandi,2021,male,01,1-4,46522.7578125
Narok,2021,male,01,1-4,91594.953125
Nyamira,2021,male,01,1-4,26017.18359375
Nyandarua,2021,male,01,1-4,29133.759765625
Nyeri,2021,male,01,1-4,30471.173828125
Samburu,2021,male,01,1-4,24266.49609375
Siaya,2021,male,01,1-4,54414.3671875
TaitaTaveta,2021,male,01,1-4,17376.24609375
TanaRiver,2021,male,01,1-4,46812.9375
Tharaka-Nithi,2021,male,01,1-4,14346.9541015625
TransNzoia,2021,male,01,1-4,57449.0625
Turkana,2021,male,01,1-4,58648.9453125
UasinGishu,2021,male,01,1-4,65233.1796875
Vihiga,2021,male,01,1-4,25880.91796875
Wajir,2021,male,01,1-4,54311.47265625
WestPokot,2021,male,01,1-4,53445.9375
Baringo,2021,male,05,5-9,52144.921875
Bomet,2021,male,05,5-9,66007.2265625
Bungoma,2021,male,05,5-9,154228.125
Busia,2021,male,05,5-9,66114.2734375
Elgeyo-Marakwet,2021,male,05,5-9,30969.79296875
Embu,2021,male,05,5-9,33068.57421875
Garissa,2021,male,05,5-9,94783.53125
HomaBay,2021,male,05,5-9,84318.8359375
Isiolo,2021,male,05,5-9,30816.533203125
Kajiado,2021,male,05,5-9,93091.109375
Kakamega,2021,male,05,5-9,115219.765625
Kericho,2021,male,05,5-9,62262.01171875
Kiambu,2021,male,05,5-9,143218.796875
Kilifi,2021,male,05,5-9,114379.3203125
Kirinyaga,2021,male,05,5-9,41508.19140625
Kisii,2021,male,05,5-9,85764.1875
Kisumu,2021,male,05,5-9,80361.59375
Kitui,2021,male,05,5-9,74375.21875
Kwale,2021,male,05,5-9,75114.109375
Laikipia,2021,male,05,5-9,35844.359375
Lamu,2021,male,05,5-9,11123.78125
Machakos,2021,male,05,5-9,86083.0625
Makueni,2021,male,05,5-9,57776.30859375
Mandera,2021,male,05,5-9,84192.28125
Marsabit,2021,male,05,5-9,45343.59765625
Meru,2021,male,05,5-9,90241.265625
Migori,2021,male,05,5-9,94563.5546875
Mombasa,2021,male,05,5-9,71566.828125
Murang'a,2021,male,05,5-9,57670.59375
Nairobi,2021,male,05,5-9,258225.203125
Nakuru,2021,male,05,5-9,152650.1875
Nandi,2021,male,05,5-9,61316.73046875
Narok,2021,male,05,5-9,117425.5
Nyamira,2021,male,05,5-9,38279.125
Nyandarua,2021,male,05,5-9,37434.92578125
Nyeri,2021,male,05,5-9,37183.3515625
Samburu,2021,male,05,5-9,30701.70703125
Siaya,2021,male,05,5-9,73940.5625
TaitaTaveta,2021,male,05,5-9,20235.55078125
TanaRiver,2021,male,05,5-9,58105.734375
Tharaka-Nithi,2021,male,05,5-9,18693.564453125
TransNzoia,2021,male,05,5-9,75534.5625
Turkana,2021,male,05,5-9,78840.109375
UasinGishu,2021,male,05,5-9,79216.046875
Vihiga,2021,male,05,5-9,37607.2578125
Wajir,2021,male,05,5-9,74755.890625
WestPokot,2021,male,05,5-9,61282.23828125
Baringo,2021,male,10,10-14,51676.41796875
Bomet,2021,male,10,10-14,67419.9140625
Bungoma,2021,male,10,10-14,157606.40625
Busia,2021,male,10,10-14,70078.59375
Elgeyo-Marakwet,2021,male,10,10-14,29908.451171875
Embu,2021,male,10,10-14,35876.375
Garissa,2021,male,10,10-14,92268.5078125
HomaBay,2021,male,10,10-14,88818.9375
Isiolo,2021,male,10,10-14,29040.580078125
Kajiado,2021,male,10,10-14,77901.4765625
Kakamega,2021,male,10,10-14,120169.921875
Kericho,2021,male,10,10-14,64050.7265625
Kiambu,2021,male,10,10-14,127930.3671875
Kilifi,2021,male,10,10-14,110276.890625
Kirinyaga,2021,male,10,10-14,43294.6640625
Kisii,2021,male,10,10-14,94489.3984375
Kisumu,2021,male,10,10-14,85732.28125
Kitui,2021,male,10,10-14,86474.84375
Kwale,2021,male,10,10-14,68826.0625
Laikipia,2021,male,10,10-14,35616.20703125
Lamu,2021,male,10,10-14,10674.427734375
Machakos,2021,male,10,10-14,89269.2890625
Makueni,2021,male,10,10-14,68018.8203125
Mandera,2021,male,10,10-14,81323.90625
Marsabit,2021,male,10,10-14,43668.14453125
Meru,2021,male,10,10-14,96515.953125
Migori,2021,male,10,10-14,95218.8984375
Mombasa,2021,male,10,10-14,60911.03125
Murang'a,2021,male,10,10-14,58217.5703125
Nairobi,2021,male,10,10-14,213517.546875
Nakuru,2021,male,10,10-14,150536.71875
Nandi,2021,male,10,10-14,64505.328125
Narok,2021,male,10,10-14,103297.0625
Nyamira,2021,male,10,10-14,43908.0703125
Nyandarua,2021,male,10,10-14,40618.0859375
Nyeri,2021,male,10,10-14,37338.6796875
Samburu,2021,male,10,10-14,27735.24609375
Siaya,2021,male,10,10-14,78981.921875
TaitaTaveta,2021,male,10,10-14,20923.431640625
TanaRiver,2021,male,10,10-14,50635.9765625
Tharaka-Nithi,2021,male,10,10-14,20147.978515625
TransNzoia,2021,male,10,10-14,76661.5546875
Turkana,2021,male,10,10-14,77217.1796875
UasinGishu,2021,male,10,10-14,79098.578125
Vihiga,2021,male,10,10-14,41063.4765625
Wajir,2021,male,10,10-14,75124.9375
WestPokot,2021,male,10,10-14,52951.171875
Baringo,2021,male,15,15-19,43434.75
Bomet,2021,male,15,15-19,59635.53125
Bungoma,2021,male,15,15-19,134961.5625
Busia,2021,male,15,15-19,61685.23046875
Elgeyo-Marakwet,2021,male,15,15-19,26569.541015625
Embu,2021,male,15,15-19,35229.35546875
Garissa,2021,male,15,15-19,73489.40625
HomaBay,2021,male,15,15-19,70052.0234375
Isiolo,2021,male,15,15-19,24997.05078125
Kajiado,2021,male,15,15-19,63351.75
Kakamega,2021,male,15,15-19,102654.3125
Kericho,2021,male,15,15-19,56834.91796875
Kiambu,2021,male,15,15-19,119751.671875
Kilifi,2021,male,15,15-19,96729.1640625
Kirinyaga,2021,male,15,15-19,43470.91015625
Kisii,2021,male,15,15-19,75414.53125
Kisumu,2021,male,15,15-19,72452.3671875
Kitui,2021,male,15,15-19,78842.3515625
Kwale,2021,male,15,15-19,55901.1015625
Laikipia,2021,male,15,15-19,32146.876953125
Lamu,2021,male,15,15-19,9293.0830078125
Machakos,2021,male,15,15-19,82807.90625
Makueni,2021,male,15,15-19,65254.3671875
Mandera,2021,male,15,15-19,63659.8984375
Marsabit,2021,male,15,15-19,38827.453125
Meru,2021,male,15,15-19,84326.53125
Migori,2021,male,15,15-19,74061.859375
Mombasa,2021,male,15,15-19,52977.0
Murang'a,2021,male,15,15-19,55604.6640625
Nairobi,2021,male,15,15-19,191025.90625
Nakuru,2021,male,15,15-19,135364.71875
Nandi,2021,male,15,15-19,58372.5234375
Narok,2021,male,15,15-19,76854.3359375
Nyamira,2021,male,15,15-19,34262.5234375
Nyandarua,2021,male,15,15-19,38788.8125
Nyeri,2021,male,15,15-19,37388.2890625
Samburu,2021,male,15,15-19,22932.05078125
Siaya,2021,male,15,15-19,64034.2734375
TaitaTaveta,2021,male,15,15-19,19237.943359375
TanaRiver,2021,male,15,15-19,37857.77734375
Tharaka-Nithi,2021,male,15,15-19,18474.302734375
TransNzoia,2021,male,15,15-19,67139.359375
Turkana,2021,male,15,15-19,71629.484375
UasinGishu,2021,male,15,15-19,73823.140625
Vihiga,2021,male,15,15-19,36151.76171875
Wajir,2021,male,15,15-19,60935.96875
WestPokot,2021,male,15,15-19,40573.90234375
Baringo,2021,male,20,20-24,32413.5625
Bomet,2021,male,20,20-24,42245.25
Bungoma,2021,male,20,20-24,84122.3671875
Busia,2021,male,20,20-24,39072.26171875
Elgeyo-Marakwet,2021,male,20,20-24,21027.2734375
Embu,2021,male,20,20-24,29684.8515625
Garissa,2021,male,20,20-24,52071.9140625
HomaBay,2021,male,20,20-24,45901.8671875
Isiolo,2021,male,20,20-24,18587.796875
Kajiado,2021,male,20,20-24,72706.2421875
Kakamega,2021,male,20,20-24,62993.46484375
Kericho,2021,male,20,20-24,44120.1015625
Kiambu,2021,male,20,20-24,154419.875
Kilifi,2021,male,20,20-24,73470.328125
Kirinyaga,2021,male,20,20-24,35098.1796875
Kisii,2021,male,20,20-24,47909.34375
Kisumu,2021,male,20,20-24,57690.33984375
Kitui,2021,male,20,20-24,45806.34375
Kwale,2021,male,20,20-24,38442.76171875
Laikipia,2021,male,20,20-24,23881.13671875
Lamu,2021,male,20,20-24,8575.1357421875
Machakos,2021,male,20,20-24,78989.9140625
Makueni,2021,male,20,20-24,43986.5546875
Mandera,2021,male,20,20-24,40021.765625
Marsabit,2021,male,20,20-24,28493.76953125
Meru,2021,male,20,20-24,69211.9375
Migori,2021,male,20,20-24,51606.6796875
Mombasa,2021,male,20,20-24,73457.2578125
Murang'a,2021,male,20,20-24,39924.42578125
Nairobi,2021,male,20,20-24,304485.15625
Nakuru,2021,male,20,20-24,121142.1953125
Nandi,2021,male,20,20-24,42888.30859375
Narok,2021,male,20,20-24,57735.5703125
Nyamira,2021,male,20,20-24,20155.8671875
Nyandarua,2021,male,20,20-24,25121.73828125
Nyeri,2021,male,20,20-24,30560.27734375
Samburu,2021,male,20,20-24,16982.7109375
Siaya,2021,male,20,20-24,40772.8671875
TaitaTaveta,2021,male,20,20-24,16386.513671875
TanaRiver,2021,male,20,20-24,29953.330078125
Tharaka-Nithi,2021,male,20,20-24,13494.8046875
TransNzoia,2021,male,20,20-24,44770.09765625
Turkana,2021,male,20,20-24,56439.46875
UasinGishu,2021,male,20,20-24,70777.140625
Vihiga,2021,male,20,20-24,21107.54296875
Wajir,2021,male,20,20-24,37163.99609375
WestPokot,2021,male,20,20-24,30268.62890625
Baringo,2021,male,25,25-29,23798.44921875
Bomet,2021,male,25,25-29,33483.5078125
Bungoma,2021,male,25,25-29,61396.9765625
Busia,2021,male,25,25-29,27721.6640625
Elgeyo-Marakwet,2021,male,25,25-29,15758.14453125
Embu,2021,male,25,25-29,25421.876953125
Garissa,2021,male,25,25-29,33781.2265625
HomaBay,2021,male,25,25-29,34279.15625
Isiolo,2021,male,25,25-29,15109.4296875
Kajiado,2021,male,25,25-29,74221.1640625
Kakamega,2021,male,25,25-29,44694.6015625
Kericho,2021,male,25,25-29,37226.921875
Kiambu,2021,male,25,25-29,152123.140625
Kilifi,2021,male,25,25-29,58313.5390625
Kirinyaga,2021,male,25,25-29,30563.25390625
Kisii,2021,male,25,25-29,40282.328125
Kisumu,2021,male,25,25-29,49215.0703125
Kitui,2021,male,25,25-29,32460.884765625
Kwale,2021,male,25,25-29,32520.01953125
Laikipia,2021,male,25,25-29,20085.52734375
Lamu,2021,male,25,25-29,7697.79443359375
Machakos,2021,male,25,25-29,71845.59375
Makueni,2021,male,25,25-29,34255.8046875
Mandera,2021,male,25,25-29,29001.3671875
Marsabit,2021,male,25,25-29,22848.04296875
Meru,2021,male,25,25-29,59036.00390625
Migori,2021,male,25,25-29,40407.484375
Mombasa,2021,male,25,25-29,79333.1875
Murang'a,2021,male,25,25-29,32600.28515625
Nairobi,2021,male,25,25-29,341886.875
Nakuru,2021,male,25,25-29,99561.0703125
Nandi,2021,male,25,25-29,33420.12109375
Narok,2021,male,25,25-29,46831.6796875
Nyamira,2021,male,25,25-29,17351.060546875
Nyandarua,2021,male,25,25-29,19091.484375
Nyeri,2021,male,25,25-29,24437.099609375
Samburu,2021,male,25,25-29,12862.55859375
Siaya,2021,male,25,25-29,31549.017578125
TaitaTaveta,2021,male,25,25-29,14538.32421875
TanaRiver,2021,male,25,25-29,22693.46484375
Tharaka-Nithi,2021,male,25,25-29,11199.353515625
TransNzoia,2021,male,25,25-29,34097.15625
Turkana,2021,male,25,25-29,42208.296875
UasinGishu,2021,male,25,25-29,58807.8046875
Vihiga,2021,male,25,25-29,14474.212890625
Wajir,2021,male,25,25-29,29436.1953125
WestPokot,2021,male,25,25-29,23791.375
Baringo,2021,male,30,30-34,20147.78125
Bomet,2021,male,30,30-34,31383.576171875
Bungoma,2021,male,30,30-34,58185.16796875
Busia,2021,male,30,30-34,26140.84765625
Elgeyo-Marakwet,2021,male,30,30-34,13477.0703125
Embu,2021,male,30,30-34,25558.0703125
Garissa,2021,male,30,30-34,27660.25390625
HomaBay,2021,male,30,30-34,32713.361328125
Isiolo,2021,male,30,30-34,13746.9892578125
Kajiado,2021,male,30,30-34,66145.609375
Kakamega,2021,male,30,30-34,44669.734375
Kericho,2021,male,30,30-34,35122.73828125
Kiambu,2021,male,30,30-34,137416.453125
Kilifi,2021,male,30,30-34,47220.390625
Kirinyaga,2021,male,30,30-34,35969.33984375
Kisii,2021,male,30,30-34,40074.8046875
Kisumu,2021,male,30,30-34,46734.7109375
Kitui,2021,male,30,30-34,31571.208984375
Kwale,2021,male,30,30-34,28518.3046875
Laikipia,2021,male,30,30-34,19880.998046875
Lamu,2021,male,30,30-34,6690.8994140625
Machakos,2021,male,30,30-34,68722.0703125
Makueni,2021,male,30,30-34,33314.140625
Mandera,2021,male,30,30-34,24153.861328125
Marsabit,2021,male,30,30-34,18136.990234375
Meru,2021,male,30,30-34,59952.87109375
Migori,2021,male,30,30-34,36521.8984375
Mombasa,2021,male,30,30-34,69761.375
Murang'a,2021,male,30,30-34,36284.90234375
Nairobi,2021,male,30,30-34,303424.71875
Nakuru,2021,male,30,30-34,93552.265625
Nandi,2021,male,30,30-34,32799.66796875
Narok,2021,male,30,30-34,42478.8359375
Nyamira,2021,male,30,30-34,18171.908203125
Nyandarua,2021,male,30,30-34,20006.6484375
Nyeri,2021,male,30,30-34,26713.294921875
Samburu,2021,male,30,30-34,9844.2626953125
Siaya,2021,male,30,30-34,31928.76953125
TaitaTaveta,2021,male,30,30-34,14173.94921875
TanaRiver,2021,male,30,30-34,18437.357421875
Tharaka-Nithi,2021,male,30,30-34,11495.07421875
TransNzoia,2021,male,30,30-34,32348.630859375
Turkana,2021,male,30,30-34,30395.66015625
UasinGishu,2021,male,30,30-34,51286.90625
Vihiga,2021,male,30,30-34,14753.435546875
Wajir,2021,male,30,30-34,25767.775390625
WestPokot,2021,male,30,30-34,20115.953125
Baringo,2021,male,35,35-39,16175.537109375
Bomet,2021,male,35,35-39,25334.67578125
Bungoma,2021,male,35,35-39,48335.234375
Busia,2021,male,35,35-39,22585.53515625
Elgeyo-Marakwet,2021,male,35,35-39,11128.541015625
Embu,2021,male,35,35-39,25262.77734375
Garissa,2021,male,35,35-39,22185.56640625
HomaBay,2021,male,35,35-39,28426.5625
Isiolo,2021,male,35,35-39,10472.396484375
Kajiado,2021,male,35,35-39,53123.390625
Kakamega,2021,male,35,35-39,39121.1640625
Kericho,2021,male,35,35-39,28123.87890625
Kiambu,2021,male,35,35-39,116679.21875
Kilifi,2021,male,35,35-39,37769.375
Kirinyaga,2021,male,35,35-39,39239.2734375
Kisii,2021,male,35,35-39,33169.0390625
Kisumu,2021,male,35,35-39,39767.359375
Kitui,2021,male,35,35-39,28809.626953125
Kwale,2021,male,35,35-39,23776.708984375
Laikipia,2021,male,35,35-39,18468.3984375
Lamu,2021,male,35,35-39,5414.62158203125
Machakos,2021,male,35,35-39,62415.5390625
Makueni,2021,male,35,35-39,31159.1015625
Mandera,2021,male,35,35-39,16177.6865234375
Marsabit,2021,male,35,35-39,12502.4521484375
Meru,2021,male,35,35-39,59058.5859375
Migori,2021,male,35,35-39,29458.66796875
Mombasa,2021,male,35,35-39,57022.7578125
Murang'a,2021,male,35,35-39,37558.4296875
Nairobi,2021,male,35,35-39,236433.46875
Nakuru,2021,male,35,35-39,80774.6015625
Nandi,2021,male,35,35-39,27606.0859375
Narok,2021,male,35,35-39,33213.07421875
Nyamira,2021,male,35,35-39,15925.1357421875
Nyandarua,2021,male,35,35-39,20172.81640625
Nyeri,2021,male,35,35-39,27813.919921875
Samburu,2021,male,35,35-39,6701.294921875
Siaya,2021,male,35,35-39,28058.478515625
TaitaTaveta,2021,male,35,35-39,13469.3251953125
TanaRiver,2021,male,35,35-39,15701.3828125
Tharaka-Nithi,2021,male,35,35-39,11069.548828125
TransNzoia,2021,male,35,35-39,27663.984375
Turkana,2021,male,35,35-39,22526.26953125
UasinGishu,2021,male,35,35-39,42788.72265625
Vihiga,2021,male,35,35-39,14010.0986328125
Wajir,2021,male,35,35-39,18844.140625
WestPokot,2021,male,35,35-39,14169.6181640625
Baringo,2021,male,40,40-44,12930.63671875
Bomet,2021,male,40,40-44,20260.123046875
Bungoma,2021,male,40,40-44,40653.2890625
Busia,2021,male,40,40-44,18461.388671875
Elgeyo-Marakwet,2021,male,40,40-44,9020.60546875
Embu,2021,male,40,40-44,20620.12890625
Garissa,2021,male,40,40-44,22896.48046875
HomaBay,2021,male,40,40-44,22083.65234375
Isiolo,2021,male,40,40-44,8028.0927734375
Kajiado,2021,male,40,40-44,37431.7734375
Kakamega,2021,male,40,40-44,33170.4140625
Kericho,2021,male,40,40-44,22700.8828125
Kiambu,2021,male,40,40-44,88324.296875
Kilifi,2021,male,40,40-44,33068.87890625
Kirinyaga,2021,male,40,40-44,32608.650390625
Kisii,2021,male,40,40-44,27445.369140625
Kisumu,2021,male,40,40-44,29885.8515625
Kitui,2021,male,40,40-44,24862.34765625
Kwale,2021,male,40,40-44,20937.712890625
Laikipia,2021,male,40,40-44,15191.2109375
Lamu,2021,male,40,40-44,4597.53564453125
Machakos,2021,male,40,40-44,49194.703125
Makueni,2021,male,40,40-44,26002.578125
Mandera,2021,male,40,40-44,15834.2109375
Marsabit,2021,male,40,40-44,10724.775390625
Meru,2021,male,40,40-44,47075.96484375
Migori,2021,male,40,40-44,22769.71484375
Mombasa,2021,male,40,40-44,45319.734375
Murang'a,2021,male,40,40-44,32753.46484375
Nairobi,2021,male,40,40-44,168636.03125
Nakuru,2021,male,40,40-44,64471.109375
Nandi,2021,male,40,40-44,22787.73046875
Narok,2021,male,40,40-44,26200.6484375
Nyamira,2021,male,40,40-44,13707.78125
Nyandarua,2021,male,40,40-44,17144.091796875
Nyeri,2021,male,40,40-44,24025.03125
Samburu,2021,male,40,40-44,6214.63232421875
Siaya,2021,male,40,40-44,21899.890625
TaitaTaveta,2021,male,40,40-44,11032.033203125
TanaRiver,2021,male,40,40-44,13101.0771484375
Tharaka-Nithi,2021,male,40,40-44,9280.650390625
TransNzoia,2021,male,40,40-44,23292.703125
Turkana,2021,male,40,40-44,18154.21484375
UasinGishu,2021,male,40,40-44,33482.1171875
Vihiga,2021,male,40,40-44,12176.5947265625
Wajir,2021,male,40,40-44,18180.5078125
WestPokot,2021,male,40,40-44,11657.697265625
Baringo,2021,male,45,45-49,11115.6611328125
Bomet,2021,male,45,45-49,17817.09765625
Bungoma,2021,male,45,45-49,34162.125
Busia,2021,male,45,45-49,14200.5751953125
Elgeyo-Marakwet,2021,male,45,45-49,8048.6728515625
Embu,2021,male,45,45-49,17244.85546875
Garissa,2021,male,45,45-49,14126.712890625
HomaBay,2021,male,45,45-49,15157.33984375
Isiolo,2021,male,45,45-49,5596.88330078125
Kajiado,2021,male,45,45-49,29682.5859375
Kakamega,2021,male,45,45-49,26762.203125
Kericho,2021,male,45,45-49,19160.435546875
Kiambu,2021,male,45,45-49,70694.515625
Kilifi,2021,male,45,45-49,27431.142578125
Kirinyaga,2021,male,45,45-49,27823.111328125
Kisii,2021,male,45,45-49,22081.1875
Kisumu,2021,male,45,45-49,20392.166015625
Kitui,2021,male,45,45-49,22777.431640625
Kwale,2021,male,45,45-49,17182.765625
Laikipia,2021,male,45,45-49,12714.779296875
Lamu,2021,male,45,45-49,3889.406494140625
Machakos,2021,male,45,45-49,40012.76953125
Makueni,2021,male,45,45-49,23639.5703125
Mandera,2021,male,45,45-49,9172.927734375
Marsabit,2021,male,45,45-49,7462.9892578125
Meru,2021,male,45,45-49,37650.8828125
Migori,2021,male,45,45-49,17092.4765625
Mombasa,2021,male,45,45-49,35015.265625
Murang'a,2021,male,45,45-49,29424.716796875
Nairobi,2021,male,45,45-49,123138.7734375
Nakuru,2021,male,45,45-49,52970.578125
Nandi,2021,male,45,45-49,19092.4296875
Narok,2021,male,45,45-49,21934.974609375
Nyamira,2021,male,45,45-49,11265.341796875
Nyandarua,2021,male,45,45-49,15692.509765625
Nyeri,2021,male,45,45-49,22025.05078125
Samburu,2021,male,45,45-49,4873.9462890625
Siaya,2021,male,45,45-49,15935.095703125
TaitaTaveta,2021,male,45,45-49,9557.08203125
TanaRiver,2021,male,45,45-49,10137.2470703125
Tharaka-Nithi,2021,male,45,45-49,8490.3544921875
TransNzoia,2021,male,45,45-49,18331.306640625
Turkana,2021,male,45,45-49,13076.603515625
UasinGishu,2021,male,45,45-49,27101.87890625
Vihiga,2021,male,45,45-49,10549.029296875
Wajir,2021,male,45,45-49,10366.91796875
WestPokot,2021,male,45,45-49,10382.9443359375
Baringo,2021,male,50,50-54,8698.154296875
Bomet,2021,male,50,50-54,11324.62109375
Bungoma,2021,male,50,50-54,27064.8671875
Busia,2021,male,50,50-54,12407.677734375
Elgeyo-Marakwet,2021,male,50,50-54,5391.90087890625
Embu,2021,male,50,50-54,14530.8974609375
Garissa,2021,male,50,50-54,15591.478515625
HomaBay,2021,male,50,50-54,11715.255859375
Isiolo,2021,male,50,50-54,4874.36767578125
Kajiado,2021,male,50,50-54,22192.09375
Kakamega,2021,male,50,50-54,22888.205078125
Kericho,2021,male,50,50-54,12553.90625
Kiambu,2021,male,50,50-54,55265.7890625
Kilifi,2021,male,50,50-54,21903.3828125
Kirinyaga,2021,male,50,50-54,24940.701171875
Kisii,2021,male,50,50-54,16859.755859375
Kisumu,2021,male,50,50-54,15750.3447265625
Kitui,2021,male,50,50-54,18019.94921875
Kwale,2021,male,50,50-54,13433.228515625
Laikipia,2021,male,50,50-54,11067.185546875
Lamu,2021,male,50,50-54,3034.246826171875
Machakos,2021,male,50,50-54,30217.45703125
Makueni,2021,male,50,50-54,18450.625
Mandera,2021,male,50,50-54,8669.666015625
Marsabit,2021,male,50,50-54,7036.5400390625
Meru,2021,male,50,50-54,28418.90234375
Migori,2021,male,50,50-54,12603.4921875
Mombasa,2021,male,50,50-54,24426.0546875
Murang'a,2021,male,50,50-54,24938.962890625
Nairobi,2021,male,50,50-54,87088.1171875
Nakuru,2021,male,50,50-54,40349.08203125
Nandi,2021,male,50,50-54,13998.0458984375
Narok,2021,male,50,50-54,15912.18359375
Nyamira,2021,male,50,50-54,8812.625
Nyandarua,2021,male,50,50-54,14110.7509765625
Nyeri,2021,male,50,50-54,20433.333984375
Samburu,2021,male,50,50-54,3409.10400390625
Siaya,2021,male,50,50-54,13599.15234375
TaitaTaveta,2021,male,50,50-54,8006.35888671875
TanaRiver,2021,male,50,50-54,8691.775390625
Tharaka-Nithi,2021,male,50,50-54,6596.9326171875
TransNzoia,2021,male,50,50-54,14671.9755859375
Turkana,2021,male,50,50-54,10484.32421875
UasinGishu,2021,male,50,50-54,19388.80078125
Vihiga,2021,male,50,50-54,9488.7607421875
Wajir,2021,male,50,50-54,10675.75390625
WestPokot,2021,male,50,50-54,7513.7373046875
Baringo,2021,male,55,55-59,6677.130859375
Bomet,2021,male,55,55-59,9276.5341796875
Bungoma,2021,male,55,55-59,23506.93359375
Busia,2021,male,55,55-59,10457.4560546875
Elgeyo-Marakwet,2021,male,55,55-59,4797.865234375
Embu,2021,male,55,55-59,11932.1494140625
Garissa,2021,male,55,55-59,6921.14599609375
HomaBay,2021,male,55,55-59,10388.46484375
Isiolo,2021,male,55,55-59,3524.39404296875
Kajiado,2021,male,55,55-59,13552.974609375
Kakamega,2021,male,55,55-59,19398.7109375
Kericho,2021,male,55,55-59,10530.7890625
Kiambu,2021,male,55,55-59,37073.34765625
Kilifi,2021,male,55,55-59,16202.6015625
Kirinyaga,2021,male,55,55-59,19084.5625
Kisii,2021,male,55,55-59,18251.150390625
Kisumu,2021,male,55,55-59,12543.0947265625
Kitui,2021,male,55,55-59,14275.3125
Kwale,2021,male,55,55-59,9905.2763671875
Laikipia,2021,male,55,55-59,8309.44921875
Lamu,2021,male,55,55-59,2308.573486328125
Machakos,2021,male,55,55-59,23477.17578125
Makueni,2021,male,55,55-59,14464.982421875
Mandera,2021,male,55,55-59,4671.2841796875
Marsabit,2021,male,55,55-59,4450.150390625
Meru,2021,male,55,55-59,23311.54296875
Migori,2021,male,55,55-59,9961.51171875
Mombasa,2021,male,55,55-59,15615.08984375
Murang'a,2021,male,55,55-59,20537.75
Nairobi,2021,male,55,55-59,53678.3984375
Nakuru,2021,male,55,55-59,28963.5
Nandi,2021,male,55,55-59,11113.142578125
Narok,2021,male,55,55-59,10960.431640625
Nyamira,2021,male,55,55-59,9490.177734375
Nyandarua,2021,male,55,55-59,10726.99609375
Nyeri,2021,male,55,55-59,15793.767578125
Samburu,2021,male,55,55-59,2486.076416015625
Siaya,2021,male,55,55-59,11350.591796875
TaitaTaveta,2021,male,55,55-59,5982.134765625
TanaRiver,2021,male,55,55-59,6197.98046875
Tharaka-Nithi,2021,male,55,55-59,5779.1875
TransNzoia,2021,male,55,55-59,11729.296875
Turkana,2021,male,55,55-59,6266.3828125
UasinGishu,2021,male,55,55-59,14078.953125
Vihiga,2021,male,55,55-59,8271.076171875
Wajir,2021,male,55,55-59,5302.45703125
WestPokot,2021,male,55,55-59,5128.146484375
Baringo,2021,male,60,60-64,5173.56005859375
Bomet,2021,male,60,60-64,6739.14013671875
Bungoma,2021,male,60,60-64,16736.6640625
Busia,2021,male,60,60-64,7537.72265625
Elgeyo-Marakwet,2021,male,60,60-64,3459.051513671875
Embu,2021,male,60,60-64,7425.74560546875
Garissa,2021,male,60,60-64,7726.4697265625
HomaBay,2021,male,60,60-64,8368.388671875
Isiolo,2021,male,60,60-64,3227.385498046875
Kajiado,2021,male,60,60-64,8096.390625
Kakamega,2021,male,60,60-64,14748.3798828125
Kericho,2021,male,60,60-64,7323.13720703125
Kiambu,2021,male,60,60-64,20466.7578125
Kilifi,2021,male,60,60-64,11816.7568359375
Kirinyaga,2021,male,60,60-64,11225.6171875
Kisii,2021,male,60,60-64,12894.1787109375
Kisumu,2021,male,60,60-64,9480.8134765625
Kitui,2021,male,60,60-64,10802.49609375
Kwale,2021,male,60,60-64,7780.53515625
Laikipia,2021,male,60,60-64,5136.71484375
Lamu,2021,male,60,60-64,1611.0185546875
Machakos,2021,male,60,60-64,17596.01953125
Makueni,2021,male,60,60-64,11715.3984375
Mandera,2021,male,60,60-64,4526.8251953125
Marsabit,2021,male,60,60-64,3842.5830078125
Meru,2021,male,60,60-64,16182.865234375
Migori,2021,male,60,60-64,7464.2060546875
Mombasa,2021,male,60,60-64,8716.62109375
Murang'a,2021,male,60,60-64,13521.52734375
Nairobi,2021,male,60,60-64,26600.15234375
Nakuru,2021,male,60,60-64,17436.8671875
Nandi,2021,male,60,60-64,7748.1201171875
Narok,2021,male,60,60-64,7620.525390625
Nyamira,2021,male,60,60-64,6786.3935546875
Nyandarua,2021,male,60,60-64,6258.109375
Nyeri,2021,male,60,60-64,9321.8349609375
Samburu,2021,male,60,60-64,2268.875244140625
Siaya,2021,male,60,60-64,9211.7294921875
TaitaTaveta,2021,male,60,60-64,4341.8037109375
TanaRiver,2021,male,60,60-64,5213.373046875
Tharaka-Nithi,2021,male,60,60-64,4233.9462890625
TransNzoia,2021,male,60,60-64,8394.462890625
Turkana,2021,male,60,60-64,5210.607421875
UasinGishu,2021,male,60,60-64,8798.4853515625
Vihiga,2021,male,60,60-64,7138.587890625
Wajir,2021,male,60,60-64,5031.115234375
WestPokot,2021,male,60,60-64,3962.5693359375
Baringo,2021,male,65,65-69,3480.204345703125
Bomet,2021,male,65,65-69,4236.84912109375
Bungoma,2021,male,65,65-69,9751.42578125
Busia,2021,male,65,65-69,4641.4736328125
Elgeyo-Marakwet,2021,male,65,65-69,2446.99560546875
Embu,2021,male,65,65-69,5412.37451171875
Garissa,2021,male,65,65-69,2538.97021484375
HomaBay,2021,male,65,65-69,5742.4248046875
Isiolo,2021,male,65,65-69,1564.168212890625
Kajiado,2021,male,65,65-69,4417.69384765625
Kakamega,2021,male,65,65-69,9405.3359375
Kericho,2021,male,65,65-69,4905.423828125
Kiambu,2021,male,65,65-69,12492.6572265625
Kilifi,2021,male,65,65-69,8395.3642578125
Kirinyaga,2021,male,65,65-69,7541.8671875
Kisii,2021,male,65,65-69,7570.17578125
Kisumu,2021,male,65,65-69,6340.7177734375
Kitui,2021,male,65,65-69,7998.1669921875
Kwale,2021,male,65,65-69,5442.3349609375
Laikipia,2021,male,65,65-69,3465.301513671875
Lamu,2021,male,65,65-69,1040.1536865234375
Machakos,2021,male,65,65-69,10530.87890625
Makueni,2021,male,65,65-69,8139.1181640625
Mandera,2021,male,65,65-69,1928.0283203125
Marsabit,2021,male,65,65-69,1996.0169677734375
Meru,2021,male,65,65-69,11102.7451171875
Migori,2021,male,65,65-69,4737.73046875
Mombasa,2021,male,65,65-69,4540.1494140625
Murang'a,2021,male,65,65-69,10332.6875
Nairobi,2021,male,65,65-69,13117.3359375
Nakuru,2021,male,65,65-69,11495.453125
Nandi,2021,male,65,65-69,4927.7392578125
Narok,2021,male,65,65-69,4692.8828125
Nyamira,2021,male,65,65-69,3828.765625
Nyandarua,2021,male,65,65-69,4067.6201171875
Nyeri,2021,male,65,65-69,6562.1953125
Samburu,2021,male,65,65-69,1129.854736328125
Siaya,2021,male,65,65-69,6783.77734375
TaitaTaveta,2021,male,65,65-69,2895.4453125
TanaRiver,2021,male,65,65-69,2577.37939453125
Tharaka-Nithi,2021,male,65,65-69,2815.9638671875
TransNzoia,2021,male,65,65-69,5038.6572265625
Turkana,2021,male,65,65-69,2994.357666015625
UasinGishu,2021,male,65,65-69,5360.40771484375
Vihiga,2021,male,65,65-69,5222.92041015625
Wajir,2021,male,65,65-69,1990.115966796875
WestPokot,2021,male,65,65-69,2747.361328125
Baringo,2021,male,70,70-74,2591.775390625
Bomet,2021,male,70,70-74,3025.36767578125
Bungoma,2021,male,70,70-74,6157.58984375
Busia,2021,male,70,70-74,3306.76416015625
Elgeyo-Marakwet,2021,male,70,70-74,1631.0142822265625
Embu,2021,male,70,70-74,3246.438232421875
Garissa,2021,male,70,70-74,3128.4384765625
HomaBay,2021,male,70,70-74,4142.68896484375
Isiolo,2021,male,70,70-74,1260.897216796875
Kajiado,2021,male,70,70-74,2960.59033203125
Kakamega,2021,male,70,70-74,6455.4951171875
Kericho,2021,male,70,70-74,3459.52294921875
Kiambu,2021,male,70,70-74,8590.9716796875
Kilifi,2021,male,70,70-74,5101.7724609375
Kirinyaga,2021,male,70,70-74,5020.69140625
Kisii,2021,male,70,70-74,4970.1708984375
Kisumu,2021,male,70,70-74,4401.208984375
Kitui,2021,male,70,70-74,5639.6982421875
Kwale,2021,male,70,70-74,3385.767578125
Laikipia,2021,male,70,70-74,2726.27783203125
Lamu,2021,male,70,70-74,722.8729248046875
Machakos,2021,male,70,70-74,6543.423828125
Makueni,2021,male,70,70-74,5416.35791015625
Mandera,2021,male,70,70-74,1695.568603515625
Marsabit,2021,male,70,70-74,2057.46875
Meru,2021,male,70,70-74,7878.0185546875
Migori,2021,male,70,70-74,3274.20703125
Mombasa,2021,male,70,70-74,2451.26904296875
Murang'a,2021,male,70,70-74,8162.0078125
Nairobi,2021,male,70,70-74,7118.947265625
Nakuru,2021,male,70,70-74,7829.54296875
Nandi,2021,male,70,70-74,3307.3359375
Narok,2021,male,70,70-74,3290.4775390625
Nyamira,2021,male,70,70-74,2689.56640625
Nyandarua,2021,male,70,70-74,3050.266357421875
Nyeri,2021,male,70,70-74,5453.8515625
Samburu,2021,male,70,70-74,1081.687744140625
Siaya,2021,male,70,70-74,5029.75
TaitaTaveta,2021,male,70,70-74,1813.995361328125
TanaRiver,2021,male,70,70-74,1997.5142822265625
Tharaka-Nithi,2021,male,70,70-74,2011.0078125
TransNzoia,2021,male,70,70-74,3301.07470703125
Turkana,2021,male,70,70-74,2430.14306640625
UasinGishu,2021,male,70,70-74,3444.27783203125
Vihiga,2021,male,70,70-74,3821.011962890625
Wajir,2021,male,70,70-74,1707.826904296875
WestPokot,2021,male,70,70-74,2011.1795654296875
Baringo,2021,male,75,75-79,1299.0570068359375
Bomet,2021,male,75,75-79,1599.7359619140625
Bungoma,2021,male,75,75-79,3756.783203125
Busia,2021,male,75,75-79,1970.6336669921875
Elgeyo-Marakwet,2021,male,75,75-79,957.5732421875
Embu,2021,male,75,75-79,1854.1611328125
Garissa,2021,male,75,75-79,1212.679443359375
HomaBay,2021,male,75,75-79,2201.79443359375
Isiolo,2021,male,75,75-79,647.5449829101562
Kajiado,2021,male,75,75-79,1535.88134765625
Kakamega,2021,male,75,75-79,3699.587646484375
Kericho,2021,male,75,75-79,1653.563232421875
Kiambu,2021,male,75,75-79,4306.2451171875
Kilifi,2021,male,75,75-79,3092.958984375
Kirinyaga,2021,male,75,75-79,2618.773193359375
Kisii,2021,male,75,75-79,2637.6845703125
Kisumu,2021,male,75,75-79,2232.508056640625
Kitui,2021,male,75,75-79,3512.77001953125
Kwale,2021,male,75,75-79,1925.980712890625
Laikipia,2021,male,75,75-79,1555.8768310546875
Lamu,2021,male,75,75-79,372.0928955078125
Machakos,2021,male,75,75-79,3331.04638671875
Makueni,2021,male,75,75-79,2910.877197265625
Mandera,2021,male,75,75-79,830.825439453125
Marsabit,2021,male,75,75-79,880.8200073242188
Meru,2021,male,75,75-79,4176.16845703125
Migori,2021,male,75,75-79,1838.384521484375
Mombasa,2021,male,75,75-79,1170.35595703125
Murang'a,2021,male,75,75-79,4462.03466796875
Nairobi,2021,male,75,75-79,3091.7431640625
Nakuru,2021,male,75,75-79,4186.6806640625
Nandi,2021,male,75,75-79,2192.70703125
Narok,2021,male,75,75-79,1887.8890380859375
Nyamira,2021,male,75,75-79,1426.3671875
Nyandarua,2021,male,75,75-79,1849.52880859375
Nyeri,2021,male,75,75-79,3004.199951171875
Samburu,2021,male,75,75-79,610.2134399414062
Siaya,2021,male,75,75-79,2792.21533203125
TaitaTaveta,2021,male,75,75-79,1035.495361328125
TanaRiver,2021,male,75,75-79,1042.58984375
Tharaka-Nithi,2021,male,75,75-79,1148.3660888671875
TransNzoia,2021,male,75,75-79,1857.2266845703125
Turkana,2021,male,75,75-79,1291.8841552734375
UasinGishu,2021,male,75,75-79,2104.19921875
Vihiga,2021,male,75,75-79,2211.40625
Wajir,2021,male,75,75-79,845.3162841796875
WestPokot,2021,male,75,75-79,1010.787353515625
Baringo,2021,male,80,80-84,646.8479614257812
Bomet,2021,male,80,80-84,867.2513427734375
Bungoma,2021,male,80,80-84,2043.0599365234375
Busia,2021,male,80,80-84,1060.8095703125
Elgeyo-Marakwet,2021,male,80,80-84,492.7086181640625
Embu,2021,male,80,80-84,1164.0726318359375
Garissa,2021,male,80,80-84,703.35888671875
HomaBay,2021,male,80,80-84,1151.976318359375
Isiolo,2021,male,80,80-84,337.69757080078125
Kajiado,2021,male,80,80-84,751.2431640625
Kakamega,2021,male,80,80-84,1907.3780517578125
Kericho,2021,male,80,80-84,836.810546875
Kiambu,2021,male,80,80-84,2073.095458984375
Kilifi,2021,male,80,80-84,1455.912353515625
Kirinyaga,2021,male,80,80-84,1451.2056884765625
Kisii,2021,male,80,80-84,1409.989501953125
Kisumu,2021,male,80,80-84,1092.9033203125
Kitui,2021,male,80,80-84,2175.5537109375
Kwale,2021,male,80,80-84,949.9754638671875
Laikipia,2021,male,80,80-84,761.7353515625
Lamu,2021,male,80,80-84,166.7251434326172
Machakos,2021,male,80,80-84,2020.790283203125
Makueni,2021,male,80,80-84,1778.982177734375
Mandera,2021,male,80,80-84,452.8699035644531
Marsabit,2021,male,80,80-84,468.0986022949219
Meru,2021,male,80,80-84,2293.79931640625
Migori,2021,male,80,80-84,979.8966674804688
Mombasa,2021,male,80,80-84,459.237548828125
Murang'a,2021,male,80,80-84,2301.66455078125
Nairobi,2021,male,80,80-84,1250.009033203125
Nakuru,2021,male,80,80-84,2110.037841796875
Nandi,2021,male,80,80-84,1202.8760986328125
Narok,2021,male,80,80-84,982.9370727539062
Nyamira,2021,male,80,80-84,742.5146484375
Nyandarua,2021,male,80,80-84,997.0731201171875
Nyeri,2021,male,80,80-84,1538.36962890625
Samburu,2021,male,80,80-84,300.29913330078125
Siaya,2021,male,80,80-84,1496.8048095703125
TaitaTaveta,2021,male,80,80-84,528.8049926757812
TanaRiver,2021,male,80,80-84,534.00341796875
Tharaka-Nithi,2021,male,80,80-84,647.0543212890625
TransNzoia,2021,male,80,80-84,972.4376831054688
Turkana,2021,male,80,80-84,547.1259765625
UasinGishu,2021,male,80,80-84,1116.175048828125
Vihiga,2021,male,80,80-84,1168.4462890625
Wajir,2021,male,80,80-84,383.5551452636719
WestPokot,2021,male,80,80-84,443.7115173339844
Baringo,2021,male,85,85-89,351.723388671875
Bomet,2021,male,85,85-89,487.07049560546875
Bungoma,2021,male,85,85-89,1001.49267578125
Busia,2021,male,85,85-89,541.3075561523438
Elgeyo-Marakwet,2021,male,85,85-89,229.102294921875
Embu,2021,male,85,85-89,654.4632568359375
Garissa,2021,male,85,85-89,897.814208984375
HomaBay,2021,male,85,85-89,630.3375244140625
Isiolo,2021,male,85,85-89,221.84410095214844
Kajiado,2021,male,85,85-89,379.359375
Kakamega,2021,male,85,85-89,928.1207275390625
Kericho,2021,male,85,85-89,465.41229248046875
Kiambu,2021,male,85,85-89,1021.290283203125
Kilifi,2021,male,85,85-89,571.3162231445312
Kirinyaga,2021,male,85,85-89,809.6756591796875
Kisii,2021,male,85,85-89,766.9327392578125
Kisumu,2021,male,85,85-89,554.6499633789062
Kitui,2021,male,85,85-89,1253.6865234375
Kwale,2021,male,85,85-89,412.735595703125
Laikipia,2021,male,85,85-89,356.907470703125
Lamu,2021,male,85,85-89,74.96949005126953
Machakos,2021,male,85,85-89,1310.8782958984375
Makueni,2021,male,85,85-89,1130.4000244140625
Mandera,2021,male,85,85-89,353.1708679199219
Marsabit,2021,male,85,85-89,420.019775390625
Meru,2021,male,85,85-89,1273.3897705078125
Migori,2021,male,85,85-89,520.1256103515625
Mombasa,2021,male,85,85-89,174.1299285888672
Murang'a,2021,male,85,85-89,1151.628662109375
Nairobi,2021,male,85,85-89,514.6338500976562
Nakuru,2021,male,85,85-89,1022.2821044921875
Nandi,2021,male,85,85-89,546.849365234375
Narok,2021,male,85,85-89,493.46343994140625
Nyamira,2021,male,85,85-89,404.070556640625
Nyandarua,2021,male,85,85-89,503.50347900390625
Nyeri,2021,male,85,85-89,803.3973999023438
Samburu,2021,male,85,85-89,173.99566650390625
Siaya,2021,male,85,85-89,795.11572265625
TaitaTaveta,2021,male,85,85-89,245.65274047851562
TanaRiver,2021,male,85,85-89,352.11126708984375
Tharaka-Nithi,2021,male,85,85-89,359.3109130859375
TransNzoia,2021,male,85,85-89,484.2287902832031
Turkana,2021,male,85,85-89,256.70660400390625
UasinGishu,2021,male,85,85-89,512.8694458007812
Vihiga,2021,male,85,85-89,583.852783203125
Wajir,2021,male,85,85-89,245.8367462158203
WestPokot,2021,male,85,85-89,203.79190063476562
Baringo,2021,male,90,90+,229.6096649169922
Bomet,2021,male,90,90+,300.1138916015625
Bungoma,2021,male,90,90+,578.678955078125
Busia,2021,male,90,90+,315.6989440917969
Elgeyo-Marakwet,2021,male,90,90+,131.457763671875
Embu,2021,male,90,90+,362.4613952636719
Garissa,2021,male,90,90+,771.9605102539062
HomaBay,2021,male,90,90+,412.4902038574219
Isiolo,2021,male,90,90+,163.8070526123047
Kajiado,2021,male,90,90+,225.46751403808594
Kakamega,2021,male,90,90+,515.82080078125
Kericho,2021,male,90,90+,301.70623779296875
Kiambu,2021,male,90,90+,588.9883422851562
Kilifi,2021,male,90,90+,281.6869812011719
Kirinyaga,2021,male,90,90+,495.2435607910156
Kisii,2021,male,90,90+,489.14276123046875
Kisumu,2021,male,90,90+,334.18817138671875
Kitui,2021,male,90,90+,818.7999267578125
Kwale,2021,male,90,90+,206.3603515625
Laikipia,2021,male,90,90+,195.9921112060547
Lamu,2021,male,90,90+,42.25652313232422
Machakos,2021,male,90,90+,851.05712890625
Makueni,2021,male,90,90+,759.1072387695312
Mandera,2021,male,90,90+,302.6705627441406
Marsabit,2021,male,90,90+,384.7307434082031
Meru,2021,male,90,90+,761.1239013671875
Migori,2021,male,90,90+,330.43548583984375
Mombasa,2021,male,90,90+,90.52511596679688
Murang'a,2021,male,90,90+,606.0302124023438
Nairobi,2021,male,90,90+,270.5891418457031
Nakuru,2021,male,90,90+,558.5877075195312
Nandi,2021,male,90,90+,278.0426025390625
Narok,2021,male,90,90+,287.8492431640625
Nyamira,2021,male,90,90+,259.8855895996094
Nyandarua,2021,male,90,90+,297.3918762207031
Nyeri,2021,male,90,90+,472.3169860839844
Samburu,2021,male,90,90+,120.95989990234375
Siaya,2021,male,90,90+,469.0635986328125
TaitaTaveta,2021,male,90,90+,135.3574981689453
TanaRiver,2021,male,90,90+,259.83294677734375
Tharaka-Nithi,2021,male,90,90+,224.1073760986328
TransNzoia,2021,male,90,90+,272.38262939453125
Turkana,2021,male,90,90+,173.278076171875
UasinGishu,2021,male,90,90+,265.7724609375
Vihiga,2021,male,90,90+,324.4945373535156
Wajir,2021,male,90,90+,219.47325134277344
WestPokot,2021,male,90,90+,121.95179748535156
Baringo,2022,female,00,0-1,10173.98828125
Bomet,2022,female,00,0-1,12380.349609375
Bungoma,2022,female,00,0-1,28613.76953125
Busia,2022,female,00,0-1,12820.74609375
Elgeyo-Marakwet,2022,female,00,0-1,6122.4970703125
Embu,2022,female,00,0-1,6970.0791015625
Garissa,2022,female,00,0-1,15478.9814453125
HomaBay,2022,female,00,0-1,16830.875
Isiolo,2022,female,00,0-1,6216.8251953125
Kajiado,2022,female,00,0-1,21148.2421875
Kakamega,2022,female,00,0-1,20848.0703125
Kericho,2022,female,00,0-1,12075.869140625
Kiambu,2022,female,00,0-1,35050.609375
Kilifi,2022,female,00,0-1,23570.984375
Kirinyaga,2022,female,00,0-1,8900.4326171875
Kisii,2022,female,00,0-1,15310.724609375
Kisumu,2022,female,00,0-1,16449.279296875
Kitui,2022,female,00,0-1,13606.2294921875
Kwale,2022,female,00,0-1,15614.74609375
Laikipia,2022,female,00,0-1,7616.70947265625
Lamu,2022,female,00,0-1,2279.827392578125
Machakos,2022,female,00,0-1,17924.306640625
Makueni,2022,female,00,0-1,10390.30859375
Mandera,2022,female,00,0-1,19897.099609375
Marsabit,2022,female,00,0-1,8557.892578125
Meru,2022,female,00,0-1,18549.05078125
Migori,2022,female,00,0-1,19244.52734375
Mombasa,2022,female,00,0-1,17336.583984375
Murang'a,2022,female,00,0-1,11703.818359375
Nairobi,2022,female,00,0-1,66765.3671875
Nakuru,2022,female,00,0-1,32558.375
Nandi,2022,female,00,0-1,11810.73828125
Narok,2022,female,00,0-1,23326.17578125
Nyamira,2022,female,00,0-1,6677.6259765625
Nyandarua,2022,female,00,0-1,7307.44091796875
Nyeri,2022,female,00,0-1,7589.6328125
Samburu,2022,female,00,0-1,6184.42431640625
Siaya,2022,female,00,0-1,13951.4345703125
TaitaTaveta,2022,female,00,0-1,4431.6376953125
TanaRiver,2022,female,00,0-1,11340.080078125
Tharaka-Nithi,2022,female,00,0-1,3683.8544921875
TransNzoia,2022,female,00,0-1,14509.33203125
Turkana,2022,female,00,0-1,14875.849609375
UasinGishu,2022,female,00,0-1,16610.17578125
Vihiga,2022,female,00,0-1,6733.4306640625
Wajir,2022,female,00,0-1,13943.486328125
WestPokot,2022,female,00,0-1,13658.482421875
Baringo,2022,female,01,1-4,39416.4296875
Bomet,2022,female,01,1-4,47964.390625
Bungoma,2022,female,01,1-4,110852.703125
Busia,2022,female,01,1-4,49661.8359375
Elgeyo-Marakwet,2022,female,01,1-4,23719.99609375
Embu,2022,female,01,1-4,27003.728515625
Garissa,2022,female,01,1-4,59968.35546875
HomaBay,2022,female,01,1-4,65206.76953125
Isiolo,2022,female,01,1-4,24085.44140625
Kajiado,2022,female,01,1-4,81921.890625
Kakamega,2022,female,01,1-4,80770.3359375
Kericho,2022,female,01,1-4,46784.7578125
Kiambu,2022,female,01,1-4,135794.328125
Kilifi,2022,female,01,1-4,91319.5390625
Kirinyaga,2022,female,01,1-4,34482.37109375
Kisii,2022,female,01,1-4,59317.3515625
Kisumu,2022,female,01,1-4,63728.37890625
Kitui,2022,female,01,1-4,52713.73046875
Kwale,2022,female,01,1-4,60494.59375
Laikipia,2022,female,01,1-4,29508.9296875
Lamu,2022,female,01,1-4,8832.58984375
Machakos,2022,female,01,1-4,69442.984375
Makueni,2022,female,01,1-4,40254.50390625
Mandera,2022,female,01,1-4,77066.9921875
Marsabit,2022,female,01,1-4,33155.2265625
Meru,2022,female,01,1-4,71863.390625
Migori,2022,female,01,1-4,74546.609375
Mombasa,2022,female,01,1-4,67166.0078125
Murang'a,2022,female,01,1-4,45343.34765625
Nairobi,2022,female,01,1-4,258664.765625
Nakuru,2022,female,01,1-4,126138.796875
Nandi,2022,female,01,1-4,45757.5859375
Narok,2022,female,01,1-4,90370.515625
Nyamira,2022,female,01,1-4,25870.6953125
Nyandarua,2022,female,01,1-4,28310.74609375
Nyeri,2022,female,01,1-4,29404.0234375
Samburu,2022,female,01,1-4,23959.912109375
Siaya,2022,female,01,1-4,54051.140625
TaitaTaveta,2022,female,01,1-4,17168.1875
TanaRiver,2022,female,01,1-4,43934.13671875
Tharaka-Nithi,2022,female,01,1-4,14272.119140625
TransNzoia,2022,female,01,1-4,56211.96875
Turkana,2022,female,01,1-4,57632.234375
UasinGishu,2022,female,01,1-4,64351.734375
Vihiga,2022,female,01,1-4,26086.896484375
Wajir,2022,female,01,1-4,54020.35546875
WestPokot,2022,female,01,1-4,52912.7109375
Baringo,2022,female,05,5-9,49584.84375
Bomet,2022,female,05,5-9,63161.48046875
Bungoma,2022,female,05,5-9,152751.96875
Busia,2022,female,05,5-9,67336.984375
Elgeyo-Marakwet,2022,female,05,5-9,29923.830078125
Embu,2022,female,05,5-9,32342.173828125
Garissa,2022,female,05,5-9,82224.390625
HomaBay,2022,female,05,5-9,84471.3125
Isiolo,2022,female,05,5-9,29075.150390625
Kajiado,2022,female,05,5-9,91261.515625
Kakamega,2022,female,05,5-9,115022.140625
Kericho,2022,female,05,5-9,60570.0625
Kiambu,2022,female,05,5-9,141635.921875
Kilifi,2022,female,05,5-9,112230.453125
Kirinyaga,2022,female,05,5-9,40890.3828125
Kisii,2022,female,05,5-9,84970.8671875
Kisumu,2022,female,05,5-9,79913.5078125
Kitui,2022,female,05,5-9,72211.109375
Kwale,2022,female,05,5-9,72870.015625
Laikipia,2022,female,05,5-9,34779.87890625
Lamu,2022,female,05,5-9,10708.052734375
Machakos,2022,female,05,5-9,82869.71875
Makueni,2022,female,05,5-9,55458.609375
Mandera,2022,female,05,5-9,92541.59375
Marsabit,2022,female,05,5-9,43571.5625
Meru,2022,female,05,5-9,88413.5
Migori,2022,female,05,5-9,94863.1484375
Mombasa,2022,female,05,5-9,71957.0078125
Murang'a,2022,female,05,5-9,56196.6953125
Nairobi,2022,female,05,5-9,258816.09375
Nakuru,2022,female,05,5-9,148115.140625
Nandi,2022,female,05,5-9,59964.80859375
Narok,2022,female,05,5-9,114511.4140625
Nyamira,2022,female,05,5-9,37525.9609375
Nyandarua,2022,female,05,5-9,36113.703125
Nyeri,2022,female,05,5-9,36273.39453125
Samburu,2022,female,05,5-9,29864.400390625
Siaya,2022,female,05,5-9,73788.96875
TaitaTaveta,2022,female,05,5-9,19898.37890625
TanaRiver,2022,female,05,5-9,53577.890625
Tharaka-Nithi,2022,female,05,5-9,18339.869140625
TransNzoia,2022,female,05,5-9,74681.90625
Turkana,2022,female,05,5-9,75241.53125
UasinGishu,2022,female,05,5-9,77156.71875
Vihiga,2022,female,05,5-9,37699.89453125
Wajir,2022,female,05,5-9,70965.890625
WestPokot,2022,female,05,5-9,60954.26171875
Baringo,2022,female,10,10-14,49940.71875
Bomet,2022,female,10,10-14,68591.4375
Bungoma,2022,female,10,10-14,162446.0
Busia,2022,female,10,10-14,73140.65625
Elgeyo-Marakwet,2022,female,10,10-14,30530.90625
Embu,2022,female,10,10-14,35841.82421875
Garissa,2022,female,10,10-14,73810.34375
HomaBay,2022,female,10,10-14,90684.2734375
Isiolo,2022,female,10,10-14,26515.18359375
Kajiado,2022,female,10,10-14,82118.53125
Kakamega,2022,female,10,10-14,125151.765625
Kericho,2022,female,10,10-14,65290.3359375
Kiambu,2022,female,10,10-14,132434.0
Kilifi,2022,female,10,10-14,112754.953125
Kirinyaga,2022,female,10,10-14,43866.58984375
Kisii,2022,female,10,10-14,96155.09375
Kisumu,2022,female,10,10-14,88919.84375
Kitui,2022,female,10,10-14,86521.1328125
Kwale,2022,female,10,10-14,69425.4375
Laikipia,2022,female,10,10-14,34827.5234375
Lamu,2022,female,10,10-14,10388.0908203125
Machakos,2022,female,10,10-14,89667.234375
Makueni,2022,female,10,10-14,68018.328125
Mandera,2022,female,10,10-14,75646.09375
Marsabit,2022,female,10,10-14,39599.98828125
Meru,2022,female,10,10-14,98218.421875
Migori,2022,female,10,10-14,98674.765625
Mombasa,2022,female,10,10-14,63741.4453125
Murang'a,2022,female,10,10-14,57367.0390625
Nairobi,2022,female,10,10-14,228860.40625
Nakuru,2022,female,10,10-14,152116.828125
Nandi,2022,female,10,10-14,64847.30859375
Narok,2022,female,10,10-14,103176.03125
Nyamira,2022,female,10,10-14,44142.171875
Nyandarua,2022,female,10,10-14,39373.5
Nyeri,2022,female,10,10-14,36705.671875
Samburu,2022,female,10,10-14,26507.615234375
Siaya,2022,female,10,10-14,80121.875
TaitaTaveta,2022,female,10,10-14,20951.1328125
TanaRiver,2022,female,10,10-14,47613.9140625
Tharaka-Nithi,2022,female,10,10-14,20307.69921875
TransNzoia,2022,female,10,10-14,77606.734375
Turkana,2022,female,10,10-14,70947.0390625
UasinGishu,2022,female,10,10-14,81333.75
Vihiga,2022,female,10,10-14,42298.28125
Wajir,2022,female,10,10-14,62591.859375
WestPokot,2022,female,10,10-14,53785.42578125
Baringo,2022,female,15,15-19,42185.34375
Bomet,2022,female,15,15-19,61222.09375
Bungoma,2022,female,15,15-19,139913.140625
Busia,2022,female,15,15-19,65806.390625
Elgeyo-Marakwet,2022,female,15,15-19,27302.69921875
Embu,2022,female,15,15-19,35541.0546875
Garissa,2022,female,15,15-19,61230.67578125
HomaBay,2022,female,15,15-19,73878.421875
Isiolo,2022,female,15,15-19,21762.744140625
Kajiado,2022,female,15,15-19,70766.75
Kakamega,2022,female,15,15-19,108692.03125
Kericho,2022,female,15,15-19,58846.87890625
Kiambu,2022,female,15,15-19,139294.90625
Kilifi,2022,female,15,15-19,100739.5
Kirinyaga,2022,female,15,15-19,44294.7734375
Kisii,2022,female,15,15-19,80482.09375
Kisumu,2022,female,15,15-19,80045.59375
Kitui,2022,female,15,15-19,79863.4296875
Kwale,2022,female,15,15-19,57690.296875
Laikipia,2022,female,15,15-19,31698.44921875
Lamu,2022,female,15,15-19,8979.5859375
Machakos,2022,female,15,15-19,85374.546875
Makueni,2022,female,15,15-19,64096.96875
Mandera,2022,female,15,15-19,57204.4453125
Marsabit,2022,female,15,15-19,31795.318359375
Meru,2022,female,15,15-19,91351.0546875
Migori,2022,female,15,15-19,80330.8125
Mombasa,2022,female,15,15-19,63306.4765625
Murang'a,2022,female,15,15-19,53673.90234375
Nairobi,2022,female,15,15-19,246662.15625
Nakuru,2022,female,15,15-19,140350.265625
Nandi,2022,female,15,15-19,60084.84375
Narok,2022,female,15,15-19,76356.9921875
Nyamira,2022,female,15,15-19,36071.2265625
Nyandarua,2022,female,15,15-19,37956.01171875
Nyeri,2022,female,15,15-19,37121.98828125
Samburu,2022,female,15,15-19,20152.201171875
Siaya,2022,female,15,15-19,66915.015625
TaitaTaveta,2022,female,15,15-19,19372.109375
TanaRiver,2022,female,15,15-19,36651.7109375
Tharaka-Nithi,2022,female,15,15-19,19332.2265625
TransNzoia,2022,female,15,15-19,68641.28125
Turkana,2022,female,15,15-19,59858.71484375
UasinGishu,2022,female,15,15-19,79254.5703125
Vihiga,2022,female,15,15-19,37604.34375
Wajir,2022,female,15,15-19,47945.5390625
WestPokot,2022,female,15,15-19,41433.01953125
Baringo,2022,female,20,20-24,32284.73828125
Bomet,2022,female,20,20-24,45966.0625
Bungoma,2022,female,20,20-24,91463.484375
Busia,2022,female,20,20-24,43828.3203125
Elgeyo-Marakwet,2022,female,20,20-24,20534.58203125
Embu,2022,female,20,20-24,28331.359375
Garissa,2022,female,20,20-24,46334.4921875
HomaBay,2022,female,20,20-24,53939.8671875
Isiolo,2022,female,20,20-24,17514.24609375
Kajiado,2022,female,20,20-24,84719.125
Kakamega,2022,female,20,20-24,69168.9375
Kericho,2022,female,20,20-24,46771.109375
Kiambu,2022,female,20,20-24,177800.0
Kilifi,2022,female,20,20-24,80287.1328125
Kirinyaga,2022,female,20,20-24,34578.140625
Kisii,2022,female,20,20-24,57683.8984375
Kisumu,2022,female,20,20-24,67715.453125
Kitui,2022,female,20,20-24,47173.3046875
Kwale,2022,female,20,20-24,44547.83203125
Laikipia,2022,female,20,20-24,24629.94921875
Lamu,2022,female,20,20-24,7093.53515625
Machakos,2022,female,20,20-24,79669.671875
Makueni,2022,female,20,20-24,39777.1640625
Mandera,2022,female,20,20-24,39999.2890625
Marsabit,2022,female,20,20-24,24397.80078125
Meru,2022,female,20,20-24,69496.6875
Migori,2022,female,20,20-24,62047.51171875
Mombasa,2022,female,20,20-24,84738.671875
Murang'a,2022,female,20,20-24,37693.45703125
Nairobi,2022,female,20,20-24,373883.09375
Nakuru,2022,female,20,20-24,123652.53125
Nandi,2022,female,20,20-24,43954.15625
Narok,2022,female,20,20-24,63493.515625
Nyamira,2022,female,20,20-24,23926.822265625
Nyandarua,2022,female,20,20-24,24345.6875
Nyeri,2022,female,20,20-24,29363.65625
Samburu,2022,female,20,20-24,17284.203125
Siaya,2022,female,20,20-24,46952.27734375
TaitaTaveta,2022,female,20,20-24,15635.8125
TanaRiver,2022,female,20,20-24,30456.255859375
Tharaka-Nithi,2022,female,20,20-24,13878.677734375
TransNzoia,2022,female,20,20-24,47257.9453125
Turkana,2022,female,20,20-24,46966.87890625
UasinGishu,2022,female,20,20-24,73832.484375
Vihiga,2022,female,20,20-24,21811.93359375
Wajir,2022,female,20,20-24,34315.59375
WestPokot,2022,female,20,20-24,32940.6328125
Baringo,2022,female,25,25-29,24654.0703125
Bomet,2022,female,25,25-29,37080.328125
Bungoma,2022,female,25,25-29,71364.3828125
Busia,2022,female,25,25-29,34334.5234375
Elgeyo-Marakwet,2022,female,25,25-29,15767.375
Embu,2022,female,25,25-29,23347.2421875
Garissa,2022,female,25,25-29,39155.19921875
HomaBay,2022,female,25,25-29,43044.20703125
Isiolo,2022,female,25,25-29,14113.13671875
Kajiado,2022,female,25,25-29,77111.7890625
Kakamega,2022,female,25,25-29,55247.98828125
Kericho,2022,female,25,25-29,39271.78125
Kiambu,2022,female,25,25-29,156963.0
Kilifi,2022,female,25,25-29,66671.71875
Kirinyaga,2022,female,25,25-29,30455.654296875
Kisii,2022,female,25,25-29,51557.5390625
Kisumu,2022,female,25,25-29,56330.94140625
Kitui,2022,female,25,25-29,36490.41015625
Kwale,2022,female,25,25-29,38494.2421875
Laikipia,2022,female,25,25-29,20454.314453125
Lamu,2022,female,25,25-29,5859.86376953125
Machakos,2022,female,25,25-29,70319.21875
Makueni,2022,female,25,25-29,33348.46875
Mandera,2022,female,25,25-29,30420.4375
Marsabit,2022,female,25,25-29,19099.62109375
Meru,2022,female,25,25-29,57373.4453125
Migori,2022,female,25,25-29,48179.65234375
Mombasa,2022,female,25,25-29,80307.2421875
Murang'a,2022,female,25,25-29,32646.234375
Nairobi,2022,female,25,25-29,355286.25
Nakuru,2022,female,25,25-29,105124.7265625
Nandi,2022,female,25,25-29,35962.046875
Narok,2022,female,25,25-29,51631.9375
Nyamira,2022,female,25,25-29,23099.5
Nyandarua,2022,female,25,25-29,19776.4609375
Nyeri,2022,female,25,25-29,24673.556640625
Samburu,2022,female,25,25-29,13063.3212890625
Siaya,2022,female,25,25-29,38787.0859375
TaitaTaveta,2022,female,25,25-29,13523.3212890625
TanaRiver,2022,female,25,25-29,24946.58203125
Tharaka-Nithi,2022,female,25,25-29,11499.33984375
TransNzoia,2022,female,25,25-29,37791.40625
Turkana,2022,female,25,25-29,39027.76171875
UasinGishu,2022,female,25,25-29,59242.90625
Vihiga,2022,female,25,25-29,17072.4453125
Wajir,2022,female,25,25-29,30477.51953125
WestPokot,2022,female,25,25-29,24974.130859375
Baringo,2022,female,30,30-34,19880.68359375
Bomet,2022,female,30,30-34,34449.2578125
Bungoma,2022,female,30,30-34,66242.484375
Busia,2022,female,30,30-34,31076.17578125
Elgeyo-Marakwet,2022,female,30,30-34,13480.185546875
Embu,2022,female,30,30-34,24030.50390625
Garissa,2022,female,30,30-34,28830.98828125
HomaBay,2022,female,30,30-34,41164.95703125
Isiolo,2022,female,30,30-34,12154.9990234375
Kajiado,2022,female,30,30-34,62252.859375
Kakamega,2022,female,30,30-34,54343.484375
Kericho,2022,female,30,30-34,36140.1171875
Kiambu,2022,female,30,30-34,133528.609375
Kilifi,2022,female,30,30-34,57200.0078125
Kirinyaga,2022,female,30,30-34,35406.3984375
Kisii,2022,female,30,30-34,51681.87109375
Kisumu,2022,female,30,30-34,49295.66796875
Kitui,2022,female,30,30-34,37193.73828125
Kwale,2022,female,30,30-34,32960.56640625
Laikipia,2022,female,30,30-34,19927.16015625
Lamu,2022,female,30,30-34,5390.32373046875
Machakos,2022,female,30,30-34,64686.796875
Makueni,2022,female,30,30-34,33619.10546875
Mandera,2022,female,30,30-34,23279.828125
Marsabit,2022,female,30,30-34,14925.208984375
Meru,2022,female,30,30-34,58878.515625
Migori,2022,female,30,30-34,41956.92578125
Mombasa,2022,female,30,30-34,64431.9375
Murang'a,2022,female,30,30-34,34670.609375
Nairobi,2022,female,30,30-34,278858.21875
Nakuru,2022,female,30,30-34,95772.953125
Nandi,2022,female,30,30-34,34430.26171875
Narok,2022,female,30,30-34,43134.3125
Nyamira,2022,female,30,30-34,24553.849609375
Nyandarua,2022,female,30,30-34,21131.60546875
Nyeri,2022,female,30,30-34,26582.29296875
Samburu,2022,female,30,30-34,10207.80078125
Siaya,2022,female,30,30-34,36753.3515625
TaitaTaveta,2022,female,30,30-34,12275.9482421875
TanaRiver,2022,female,30,30-34,18974.916015625
Tharaka-Nithi,2022,female,30,30-34,11730.291015625
TransNzoia,2022,female,30,30-34,34361.4375
Turkana,2022,female,30,30-34,29840.79296875
UasinGishu,2022,female,30,30-34,50650.64453125
Vihiga,2022,female,30,30-34,17029.26171875
Wajir,2022,female,30,30-34,24190.939453125
WestPokot,2022,female,30,30-34,20079.83203125
Baringo,2022,female,35,35-39,16003.755859375
Bomet,2022,female,35,35-39,20842.474609375
Bungoma,2022,female,35,35-39,50452.03125
Busia,2022,female,35,35-39,23740.10546875
Elgeyo-Marakwet,2022,female,35,35-39,10543.0048828125
Embu,2022,female,35,35-39,24798.55859375
Garissa,2022,female,35,35-39,27124.18359375
HomaBay,2022,female,35,35-39,28100.4609375
Isiolo,2022,female,35,35-39,9458.96484375
Kajiado,2022,female,35,35-39,48949.14453125
Kakamega,2022,female,35,35-39,41587.546875
Kericho,2022,female,35,35-39,23571.52734375
Kiambu,2022,female,35,35-39,121193.40625
Kilifi,2022,female,35,35-39,40411.109375
Kirinyaga,2022,female,35,35-39,40452.17578125
Kisii,2022,female,35,35-39,34523.62109375
Kisumu,2022,female,35,35-39,35824.52734375
Kitui,2022,female,35,35-39,35093.734375
Kwale,2022,female,35,35-39,26092.578125
Laikipia,2022,female,35,35-39,18185.65625
Lamu,2022,female,35,35-39,4637.97509765625
Machakos,2022,female,35,35-39,61013.828125
Makueni,2022,female,35,35-39,32632.505859375
Mandera,2022,female,35,35-39,18426.30078125
Marsabit,2022,female,35,35-39,10795.0400390625
Meru,2022,female,35,35-39,58589.375
Migori,2022,female,35,35-39,28642.630859375
Mombasa,2022,female,35,35-39,52279.80859375
Murang'a,2022,female,35,35-39,38815.5
Nairobi,2022,female,35,35-39,220166.203125
Nakuru,2022,female,35,35-39,81518.671875
Nandi,2022,female,35,35-39,25350.70703125
Narok,2022,female,35,35-39,30860.078125
Nyamira,2022,female,35,35-39,16844.6640625
Nyandarua,2022,female,35,35-39,22693.142578125
Nyeri,2022,female,35,35-39,29885.45703125
Samburu,2022,female,35,35-39,7143.03955078125
Siaya,2022,female,35,35-39,28746.73046875
TaitaTaveta,2022,female,35,35-39,12068.548828125
TanaRiver,2022,female,35,35-39,16059.0859375
Tharaka-Nithi,2022,female,35,35-39,11623.046875
TransNzoia,2022,female,35,35-39,27669.26953125
Turkana,2022,female,35,35-39,24777.50390625
UasinGishu,2022,female,35,35-39,41037.578125
Vihiga,2022,female,35,35-39,15742.19921875
Wajir,2022,female,35,35-39,19938.83984375
WestPokot,2022,female,35,35-39,14376.521484375
Baringo,2022,female,40,40-44,13189.12890625
Bomet,2022,female,40,40-44,20046.728515625
Bungoma,2022,female,40,40-44,47004.09375
Busia,2022,female,40,40-44,21165.54296875
Elgeyo-Marakwet,2022,female,40,40-44,9022.662109375
Embu,2022,female,40,40-44,20346.55078125
Garissa,2022,female,40,40-44,20856.486328125
HomaBay,2022,female,40,40-44,24463.658203125
Isiolo,2022,female,40,40-44,6637.67578125
Kajiado,2022,female,40,40-44,34928.08984375
Kakamega,2022,female,40,40-44,38370.640625
Kericho,2022,female,40,40-44,21207.880859375
Kiambu,2022,female,40,40-44,88190.9453125
Kilifi,2022,female,40,40-44,40195.1640625
Kirinyaga,2022,female,40,40-44,33565.12890625
Kisii,2022,female,40,40-44,29010.748046875
Kisumu,2022,female,40,40-44,27686.7265625
Kitui,2022,female,40,40-44,30265.84765625
Kwale,2022,female,40,40-44,23652.59765625
Laikipia,2022,female,40,40-44,15182.35546875
Lamu,2022,female,40,40-44,3959.199951171875
Machakos,2022,female,40,40-44,48405.5859375
Makueni,2022,female,40,40-44,27696.421875
Mandera,2022,female,40,40-44,14403.0869140625
Marsabit,2022,female,40,40-44,8743.6396484375
Meru,2022,female,40,40-44,45227.7421875
Migori,2022,female,40,40-44,24270.91796875
Mombasa,2022,female,40,40-44,37637.3515625
Murang'a,2022,female,40,40-44,33378.9296875
Nairobi,2022,female,40,40-44,145396.59375
Nakuru,2022,female,40,40-44,62826.171875
Nandi,2022,female,40,40-44,22364.345703125
Narok,2022,female,40,40-44,26295.3125
Nyamira,2022,female,40,40-44,15132.28515625
Nyandarua,2022,female,40,40-44,19287.18359375
Nyeri,2022,female,40,40-44,25501.953125
Samburu,2022,female,40,40-44,5788.818359375
Siaya,2022,female,40,40-44,24091.15234375
TaitaTaveta,2022,female,40,40-44,9899.751953125
TanaRiver,2022,female,40,40-44,12328.9814453125
Tharaka-Nithi,2022,female,40,40-44,9456.541015625
TransNzoia,2022,female,40,40-44,25001.115234375
Turkana,2022,female,40,40-44,18721.20703125
UasinGishu,2022,female,40,40-44,32352.494140625
Vihiga,2022,female,40,40-44,14165.96875
Wajir,2022,female,40,40-44,14895.9814453125
WestPokot,2022,female,40,40-44,12190.306640625
Baringo,2022,female,45,45-49,12099.51171875
Bomet,2022,female,45,45-49,18776.50390625
Bungoma,2022,female,45,45-49,38040.30078125
Busia,2022,female,45,45-49,16829.353515625
Elgeyo-Marakwet,2022,female,45,45-49,8368.4716796875
Embu,2022,female,45,45-49,17929.5546875
Garissa,2022,female,45,45-49,11709.017578125
HomaBay,2022,female,45,45-49,19846.498046875
Isiolo,2022,female,45,45-49,5128.884765625
Kajiado,2022,female,45,45-49,26471.765625
Kakamega,2022,female,45,45-49,31101.26171875
Kericho,2022,female,45,45-49,19016.3203125
Kiambu,2022,female,45,45-49,69349.9453125
Kilifi,2022,female,45,45-49,27757.552734375
Kirinyaga,2022,female,45,45-49,28919.419921875
Kisii,2022,female,45,45-49,28982.4140625
Kisumu,2022,female,45,45-49,19949.72265625
Kitui,2022,female,45,45-49,28862.3359375
Kwale,2022,female,45,45-49,17165.47265625
Laikipia,2022,female,45,45-49,13103.71875
Lamu,2022,female,45,45-49,3307.740966796875
Machakos,2022,female,45,45-49,37771.4296875
Makueni,2022,female,45,45-49,27257.31640625
Mandera,2022,female,45,45-49,7800.66796875
Marsabit,2022,female,45,45-49,6964.6728515625
Meru,2022,female,45,45-49,39577.84765625
Migori,2022,female,45,45-49,20427.0859375
Mombasa,2022,female,45,45-49,26269.107421875
Murang'a,2022,female,45,45-49,31207.330078125
Nairobi,2022,female,45,45-49,97692.859375
Nakuru,2022,female,45,45-49,52944.78125
Nandi,2022,female,45,45-49,19739.01953125
Narok,2022,female,45,45-49,22046.078125
Nyamira,2022,female,45,45-49,13813.388671875
Nyandarua,2022,female,45,45-49,18181.96875
Nyeri,2022,female,45,45-49,23559.453125
Samburu,2022,female,45,45-49,5380.83740234375
Siaya,2022,female,45,45-49,19547.8984375
TaitaTaveta,2022,female,45,45-49,8997.96875
TanaRiver,2022,female,45,45-49,9984.130859375
Tharaka-Nithi,2022,female,45,45-49,9291.4697265625
TransNzoia,2022,female,45,45-49,19668.2734375
Turkana,2022,female,45,45-49,13925.388671875
UasinGishu,2022,female,45,45-49,26661.556640625
Vihiga,2022,female,45,45-49,12245.447265625
Wajir,2022,female,45,45-49,7608.44140625
WestPokot,2022,female,45,45-49,10845.4609375
Baringo,2022,female,50,50-54,10076.109375
Bomet,2022,female,50,50-54,12112.318359375
Bungoma,2022,female,50,50-54,34127.38671875
Busia,2022,female,50,50-54,17109.64453125
Elgeyo-Marakwet,2022,female,50,50-54,6076.90380859375
Embu,2022,female,50,50-54,16381.861328125
Garissa,2022,female,50,50-54,11383.2607421875
HomaBay,2022,female,50,50-54,16409.50390625
Isiolo,2022,female,50,50-54,4260.4375
Kajiado,2022,female,50,50-54,20334.08984375
Kakamega,2022,female,50,50-54,30021.837890625
Kericho,2022,female,50,50-54,13140.40234375
Kiambu,2022,female,50,50-54,55553.14453125
Kilifi,2022,female,50,50-54,24167.0234375
Kirinyaga,2022,female,50,50-54,26540.3046875
Kisii,2022,female,50,50-54,17881.970703125
Kisumu,2022,female,50,50-54,18955.05078125
Kitui,2022,female,50,50-54,22388.34375
Kwale,2022,female,50,50-54,11900.798828125
Laikipia,2022,female,50,50-54,11902.37109375
Lamu,2022,female,50,50-54,2611.543212890625
Machakos,2022,female,50,50-54,30833.34375
Makueni,2022,female,50,50-54,20348.681640625
Mandera,2022,female,50,50-54,6788.8056640625
Marsabit,2022,female,50,50-54,6530.0830078125
Meru,2022,female,50,50-54,28871.162109375
Migori,2022,female,50,50-54,16099.671875
Mombasa,2022,female,50,50-54,17999.634765625
Murang'a,2022,female,50,50-54,28475.47265625
Nairobi,2022,female,50,50-54,68373.875
Nakuru,2022,female,50,50-54,42157.984375
Nandi,2022,female,50,50-54,15361.248046875
Narok,2022,female,50,50-54,16401.08203125
Nyamira,2022,female,50,50-54,9142.8466796875
Nyandarua,2022,female,50,50-54,16541.1953125
Nyeri,2022,female,50,50-54,23492.12109375
Samburu,2022,female,50,50-54,3917.61474609375
Siaya,2022,female,50,50-54,19997.705078125
TaitaTaveta,2022,female,50,50-54,7549.482421875
TanaRiver,2022,female,50,50-54,8290.8134765625
Tharaka-Nithi,2022,female,50,50-54,6795.263671875
TransNzoia,2022,female,50,50-54,17001.697265625
Turkana,2022,female,50,50-54,10865.083984375
UasinGishu,2022,female,50,50-54,19297.16796875
Vihiga,2022,female,50,50-54,12444.607421875
Wajir,2022,female,50,50-54,6581.7490234375
WestPokot,2022,female,50,50-54,8186.97802734375
Baringo,2022,female,55,55-59,7358.30810546875
Bomet,2022,female,55,55-59,11053.1640625
Bungoma,2022,female,55,55-59,29135.642578125
Busia,2022,female,55,55-59,14310.427734375
Elgeyo-Marakwet,2022,female,55,55-59,5319.416015625
Embu,2022,female,55,55-59,13331.046875
Garissa,2022,female,55,55-59,4537.39501953125
HomaBay,2022,female,55,55-59,15696.658203125
Isiolo,2022,female,55,55-59,3629.69775390625
Kajiado,2022,female,55,55-59,12901.29296875
Kakamega,2022,female,55,55-59,24911.41796875
Kericho,2022,female,55,55-59,11940.796875
Kiambu,2022,female,55,55-59,36904.76171875
Kilifi,2022,female,55,55-59,18842.896484375
Kirinyaga,2022,female,55,55-59,20469.791015625
Kisii,2022,female,55,55-59,21972.734375
Kisumu,2022,female,55,55-59,16557.294921875
Kitui,2022,female,55,55-59,17456.33203125
Kwale,2022,female,55,55-59,10037.3271484375
Laikipia,2022,female,55,55-59,9039.1337890625
Lamu,2022,female,55,55-59,2209.28173828125
Machakos,2022,female,55,55-59,24792.73046875
Makueni,2022,female,55,55-59,17007.578125
Mandera,2022,female,55,55-59,3783.002197265625
Marsabit,2022,female,55,55-59,4354.2392578125
Meru,2022,female,55,55-59,25828.2265625
Migori,2022,female,55,55-59,13893.4814453125
Mombasa,2022,female,55,55-59,12129.349609375
Murang'a,2022,female,55,55-59,23708.3828125
Nairobi,2022,female,55,55-59,40800.57421875
Nakuru,2022,female,55,55-59,30705.857421875
Nandi,2022,female,55,55-59,12542.380859375
Narok,2022,female,55,55-59,12441.0400390625
Nyamira,2022,female,55,55-59,10522.7626953125
Nyandarua,2022,female,55,55-59,12146.125
Nyeri,2022,female,55,55-59,17374.560546875
Samburu,2022,female,55,55-59,2646.442626953125
Siaya,2022,female,55,55-59,17748.31640625
TaitaTaveta,2022,female,55,55-59,6447.892578125
TanaRiver,2022,female,55,55-59,5779.1572265625
Tharaka-Nithi,2022,female,55,55-59,6266.56298828125
TransNzoia,2022,female,55,55-59,13859.744140625
Turkana,2022,female,55,55-59,7394.9990234375
UasinGishu,2022,female,55,55-59,14993.134765625
Vihiga,2022,female,55,55-59,11117.904296875
Wajir,2022,female,55,55-59,3631.5078125
WestPokot,2022,female,55,55-59,5596.654296875
Baringo,2022,female,60,60-64,5681.4267578125
Bomet,2022,female,60,60-64,7659.0625
Bungoma,2022,female,60,60-64,20716.37890625
Busia,2022,female,60,60-64,10561.96484375
Elgeyo-Marakwet,2022,female,60,60-64,3901.439453125
Embu,2022,female,60,60-64,8500.1015625
Garissa,2022,female,60,60-64,5714.025390625
HomaBay,2022,female,60,60-64,12760.294921875
Isiolo,2022,female,60,60-64,2793.162109375
Kajiado,2022,female,60,60-64,8610.318359375
Kakamega,2022,female,60,60-64,19393.83984375
Kericho,2022,female,60,60-64,8388.580078125
Kiambu,2022,female,60,60-64,21766.69140625
Kilifi,2022,female,60,60-64,19508.529296875
Kirinyaga,2022,female,60,60-64,12229.884765625
Kisii,2022,female,60,60-64,16517.85546875
Kisumu,2022,female,60,60-64,13185.0068359375
Kitui,2022,female,60,60-64,13753.732421875
Kwale,2022,female,60,60-64,10509.138671875
Laikipia,2022,female,60,60-64,6010.58935546875
Lamu,2022,female,60,60-64,1647.956787109375
Machakos,2022,female,60,60-64,19317.9609375
Makueni,2022,female,60,60-64,14481.091796875
Mandera,2022,female,60,60-64,3415.63525390625
Marsabit,2022,female,60,60-64,3667.609130859375
Meru,2022,female,60,60-64,18953.28515625
Migori,2022,female,60,60-64,10678.576171875
Mombasa,2022,female,60,60-64,7992.10107421875
Murang'a,2022,female,60,60-64,15863.794921875
Nairobi,2022,female,60,60-64,22372.59765625
Nakuru,2022,female,60,60-64,19296.333984375
Nandi,2022,female,60,60-64,8530.1318359375
Narok,2022,female,60,60-64,8917.04296875
Nyamira,2022,female,60,60-64,7837.89013671875
Nyandarua,2022,female,60,60-64,7125.888671875
Nyeri,2022,female,60,60-64,10930.25390625
Samburu,2022,female,60,60-64,2748.000244140625
Siaya,2022,female,60,60-64,15237.353515625
TaitaTaveta,2022,female,60,60-64,4824.900390625
TanaRiver,2022,female,60,60-64,5277.71044921875
Tharaka-Nithi,2022,female,60,60-64,4641.3994140625
TransNzoia,2022,female,60,60-64,9541.453125
Turkana,2022,female,60,60-64,6666.22998046875
UasinGishu,2022,female,60,60-64,9569.013671875
Vihiga,2022,female,60,60-64,9398.2509765625
Wajir,2022,female,60,60-64,2975.4072265625
WestPokot,2022,female,60,60-64,5136.12744140625
Baringo,2022,female,65,65-69,4076.92578125
Bomet,2022,female,65,65-69,5170.65625
Bungoma,2022,female,65,65-69,13212.890625
Busia,2022,female,65,65-69,6964.24169921875
Elgeyo-Marakwet,2022,female,65,65-69,2763.579345703125
Embu,2022,female,65,65-69,6517.15234375
Garissa,2022,female,65,65-69,1941.979736328125
HomaBay,2022,female,65,65-69,9056.740234375
Isiolo,2022,female,65,65-69,1528.4344482421875
Kajiado,2022,female,65,65-69,4856.04296875
Kakamega,2022,female,65,65-69,12878.1357421875
Kericho,2022,female,65,65-69,5360.6103515625
Kiambu,2022,female,65,65-69,14804.173828125
Kilifi,2022,female,65,65-69,11112.6669921875
Kirinyaga,2022,female,65,65-69,9317.3623046875
Kisii,2022,female,65,65-69,10274.416015625
Kisumu,2022,female,65,65-69,8947.349609375
Kitui,2022,female,65,65-69,11067.720703125
Kwale,2022,female,65,65-69,6574.1298828125
Laikipia,2022,female,65,65-69,4315.4013671875
Lamu,2022,female,65,65-69,1071.582763671875
Machakos,2022,female,65,65-69,13721.451171875
Makueni,2022,female,65,65-69,11306.73046875
Mandera,2022,female,65,65-69,1485.0667724609375
Marsabit,2022,female,65,65-69,2061.4560546875
Meru,2022,female,65,65-69,13784.291015625
Migori,2022,female,65,65-69,7278.30078125
Mombasa,2022,female,65,65-69,4664.76611328125
Murang'a,2022,female,65,65-69,12939.240234375
Nairobi,2022,female,65,65-69,12342.5908203125
Nakuru,2022,female,65,65-69,13032.4853515625
Nandi,2022,female,65,65-69,6031.2724609375
Narok,2022,female,65,65-69,5072.7255859375
Nyamira,2022,female,65,65-69,4862.7666015625
Nyandarua,2022,female,65,65-69,5075.09765625
Nyeri,2022,female,65,65-69,8071.61474609375
Samburu,2022,female,65,65-69,1576.861328125
Siaya,2022,female,65,65-69,11461.125
TaitaTaveta,2022,female,65,65-69,3351.3212890625
TanaRiver,2022,female,65,65-69,2920.13916015625
Tharaka-Nithi,2022,female,65,65-69,3551.59765625
TransNzoia,2022,female,65,65-69,6014.9794921875
Turkana,2022,female,65,65-69,4328.0888671875
UasinGishu,2022,female,65,65-69,6302.2509765625
Vihiga,2022,female,65,65-69,6846.509765625
Wajir,2022,female,65,65-69,1337.5626220703125
WestPokot,2022,female,65,65-69,3851.77294921875
Baringo,2022,female,70,70-74,2780.79931640625
Bomet,2022,female,70,70-74,3376.1240234375
Bungoma,2022,female,70,70-74,7804.58837890625
Busia,2022,female,70,70-74,4457.6298828125
Elgeyo-Marakwet,2022,female,70,70-74,1932.989501953125
Embu,2022,female,70,70-74,4356.2744140625
Garissa,2022,female,70,70-74,2483.30908203125
HomaBay,2022,female,70,70-74,5975.55078125
Isiolo,2022,female,70,70-74,1188.18603515625
Kajiado,2022,female,70,70-74,3124.7900390625
Kakamega,2022,female,70,70-74,7681.5
Kericho,2022,female,70,70-74,3260.38525390625
Kiambu,2022,female,70,70-74,9702.6865234375
Kilifi,2022,female,70,70-74,6901.6845703125
Kirinyaga,2022,female,70,70-74,6559.49072265625
Kisii,2022,female,70,70-74,6042.4990234375
Kisumu,2022,female,70,70-74,5481.9345703125
Kitui,2022,female,70,70-74,8448.4248046875
Kwale,2022,female,70,70-74,4190.0947265625
Laikipia,2022,female,70,70-74,2955.47998046875
Lamu,2022,female,70,70-74,665.1019897460938
Machakos,2022,female,70,70-74,8078.3583984375
Makueni,2022,female,70,70-74,6946.59765625
Mandera,2022,female,70,70-74,1371.2021484375
Marsabit,2022,female,70,70-74,1843.54736328125
Meru,2022,female,70,70-74,9846.84375
Migori,2022,female,70,70-74,4493.71630859375
Mombasa,2022,female,70,70-74,2560.6923828125
Murang'a,2022,female,70,70-74,9368.0078125
Nairobi,2022,female,70,70-74,6622.4169921875
Nakuru,2022,female,70,70-74,8388.4912109375
Nandi,2022,female,70,70-74,3599.762451171875
Narok,2022,female,70,70-74,3594.089111328125
Nyamira,2022,female,70,70-74,3114.85107421875
Nyandarua,2022,female,70,70-74,3788.35498046875
Nyeri,2022,female,70,70-74,6359.70361328125
Samburu,2022,female,70,70-74,1256.9356689453125
Siaya,2022,female,70,70-74,7554.03125
TaitaTaveta,2022,female,70,70-74,2139.435546875
TanaRiver,2022,female,70,70-74,2110.56298828125
Tharaka-Nithi,2022,female,70,70-74,2543.953369140625
TransNzoia,2022,female,70,70-74,3639.6376953125
Turkana,2022,female,70,70-74,3182.9541015625
UasinGishu,2022,female,70,70-74,3655.16455078125
Vihiga,2022,female,70,70-74,4290.8115234375
Wajir,2022,female,70,70-74,1137.518310546875
WestPokot,2022,female,70,70-74,2498.377685546875
Baringo,2022,female,75,75-79,1722.26318359375
Bomet,2022,female,75,75-79,2499.99560546875
Bungoma,2022,female,75,75-79,5850.40283203125
Busia,2022,female,75,75-79,3128.972900390625
Elgeyo-Marakwet,2022,female,75,75-79,1368.5770263671875
Embu,2022,female,75,75-79,2835.93505859375
Garissa,2022,female,75,75-79,977.291259765625
HomaBay,2022,female,75,75-79,3854.326171875
Isiolo,2022,female,75,75-79,622.8002319335938
Kajiado,2022,female,75,75-79,1920.967041015625
Kakamega,2022,female,75,75-79,5987.296875
Kericho,2022,female,75,75-79,2188.6142578125
Kiambu,2022,female,75,75-79,7379.8330078125
Kilifi,2022,female,75,75-79,4547.6318359375
Kirinyaga,2022,female,75,75-79,4092.49658203125
Kisii,2022,female,75,75-79,3690.44921875
Kisumu,2022,female,75,75-79,3680.982666015625
Kitui,2022,female,75,75-79,5107.8271484375
Kwale,2022,female,75,75-79,2227.433349609375
Laikipia,2022,female,75,75-79,2139.25048828125
Lamu,2022,female,75,75-79,360.0816345214844
Machakos,2022,female,75,75-79,5813.6455078125
Makueni,2022,female,75,75-79,4811.89306640625
Mandera,2022,female,75,75-79,539.9088134765625
Marsabit,2022,female,75,75-79,811.0721435546875
Meru,2022,female,75,75-79,5724.1279296875
Migori,2022,female,75,75-79,3113.19189453125
Mombasa,2022,female,75,75-79,1432.608642578125
Murang'a,2022,female,75,75-79,7565.4970703125
Nairobi,2022,female,75,75-79,3894.8251953125
Nakuru,2022,female,75,75-79,6246.3115234375
Nandi,2022,female,75,75-79,2804.326904296875
Narok,2022,female,75,75-79,2209.98291015625
Nyamira,2022,female,75,75-79,1862.3321533203125
Nyandarua,2022,female,75,75-79,3357.7099609375
Nyeri,2022,female,75,75-79,5125.16748046875
Samburu,2022,female,75,75-79,710.3074951171875
Siaya,2022,female,75,75-79,5329.55029296875
TaitaTaveta,2022,female,75,75-79,1425.062744140625
TanaRiver,2022,female,75,75-79,1025.19921875
Tharaka-Nithi,2022,female,75,75-79,1602.078125
TransNzoia,2022,female,75,75-79,2621.990234375
Turkana,2022,female,75,75-79,1793.2861328125
UasinGishu,2022,female,75,75-79,2941.93798828125
Vihiga,2022,female,75,75-79,3392.04052734375
Wajir,2022,female,75,75-79,484.1861877441406
WestPokot,2022,female,75,75-79,1404.7703857421875
Baringo,2022,female,80,80-84,1147.7215576171875
Bomet,2022,female,80,80-84,1866.115478515625
Bungoma,2022,female,80,80-84,3734.989501953125
Busia,2022,female,80,80-84,2005.4390869140625
Elgeyo-Marakwet,2022,female,80,80-84,893.5074462890625
Embu,2022,female,80,80-84,2284.38623046875
Garissa,2022,female,80,80-84,652.2616577148438
HomaBay,2022,female,80,80-84,2384.5009765625
Isiolo,2022,female,80,80-84,425.73016357421875
Kajiado,2022,female,80,80-84,1231.12841796875
Kakamega,2022,female,80,80-84,3584.859619140625
Kericho,2022,female,80,80-84,1603.075439453125
Kiambu,2022,female,80,80-84,5090.60595703125
Kilifi,2022,female,80,80-84,2700.6669921875
Kirinyaga,2022,female,80,80-84,3257.5205078125
Kisii,2022,female,80,80-84,2558.84765625
Kisumu,2022,female,80,80-84,2255.0078125
Kitui,2022,female,80,80-84,3644.90185546875
Kwale,2022,female,80,80-84,1350.256103515625
Laikipia,2022,female,80,80-84,1283.384521484375
Lamu,2022,female,80,80-84,205.365478515625
Machakos,2022,female,80,80-84,4538.837890625
Makueni,2022,female,80,80-84,3766.212646484375
Mandera,2022,female,80,80-84,317.24859619140625
Marsabit,2022,female,80,80-84,494.1817932128906
Meru,2022,female,80,80-84,4215.009765625
Migori,2022,female,80,80-84,1958.959228515625
Mombasa,2022,female,80,80-84,802.29345703125
Murang'a,2022,female,80,80-84,5458.7509765625
Nairobi,2022,female,80,80-84,2268.395751953125
Nakuru,2022,female,80,80-84,4035.17626953125
Nandi,2022,female,80,80-84,1919.3876953125
Narok,2022,female,80,80-84,1432.25
Nyamira,2022,female,80,80-84,1247.4813232421875
Nyandarua,2022,female,80,80-84,1979.9786376953125
Nyeri,2022,female,80,80-84,3407.208740234375
Samburu,2022,female,80,80-84,427.9358215332031
Siaya,2022,female,80,80-84,3412.1435546875
TaitaTaveta,2022,female,80,80-84,985.38330078125
TanaRiver,2022,female,80,80-84,604.5751953125
Tharaka-Nithi,2022,female,80,80-84,1171.164794921875
TransNzoia,2022,female,80,80-84,1673.8681640625
Turkana,2022,female,80,80-84,904.4725341796875
UasinGishu,2022,female,80,80-84,1963.3031005859375
Vihiga,2022,female,80,80-84,2278.6435546875
Wajir,2022,female,80,80-84,274.52886962890625
WestPokot,2022,female,80,80-84,803.2359619140625
Baringo,2022,female,85,85-89,731.5687866210938
Bomet,2022,female,85,85-89,1081.040283203125
Bungoma,2022,female,85,85-89,1755.4696044921875
Busia,2022,female,85,85-89,1038.7232666015625
Elgeyo-Marakwet,2022,female,85,85-89,479.1881408691406
Embu,2022,female,85,85-89,1607.0401611328125
Garissa,2022,female,85,85-89,1115.2015380859375
HomaBay,2022,female,85,85-89,1263.06103515625
Isiolo,2022,female,85,85-89,358.8083190917969
Kajiado,2022,female,85,85-89,749.494873046875
Kakamega,2022,female,85,85-89,1513.0283203125
Kericho,2022,female,85,85-89,1003.1913452148438
Kiambu,2022,female,85,85-89,2627.47509765625
Kilifi,2022,female,85,85-89,1390.75244140625
Kirinyaga,2022,female,85,85-89,2369.431640625
Kisii,2022,female,85,85-89,1581.89208984375
Kisumu,2022,female,85,85-89,1111.6129150390625
Kitui,2022,female,85,85-89,2612.46923828125
Kwale,2022,female,85,85-89,844.1033935546875
Laikipia,2022,female,85,85-89,599.665283203125
Lamu,2022,female,85,85-89,118.82121276855469
Machakos,2022,female,85,85-89,2752.056640625
Makueni,2022,female,85,85-89,2361.5478515625
Mandera,2022,female,85,85-89,361.655029296875
Marsabit,2022,female,85,85-89,483.44012451171875
Meru,2022,female,85,85-89,2962.597412109375
Migori,2022,female,85,85-89,1000.733642578125
Mombasa,2022,female,85,85-89,414.6827087402344
Murang'a,2022,female,85,85-89,2746.24267578125
Nairobi,2022,female,85,85-89,1149.64697265625
Nakuru,2022,female,85,85-89,1944.58935546875
Nandi,2022,female,85,85-89,935.35888671875
Narok,2022,female,85,85-89,899.7109985351562
Nyamira,2022,female,85,85-89,772.9755249023438
Nyandarua,2022,female,85,85-89,789.3190307617188
Nyeri,2022,female,85,85-89,1705.1771240234375
Samburu,2022,female,85,85-89,295.1388244628906
Siaya,2022,female,85,85-89,1694.8203125
TaitaTaveta,2022,female,85,85-89,588.9627685546875
TanaRiver,2022,female,85,85-89,510.4895324707031
Tharaka-Nithi,2022,female,85,85-89,783.7044677734375
TransNzoia,2022,female,85,85-89,815.6349487304688
Turkana,2022,female,85,85-89,465.15081787109375
UasinGishu,2022,female,85,85-89,902.43212890625
Vihiga,2022,female,85,85-89,1090.1072998046875
Wajir,2022,female,85,85-89,269.58697509765625
WestPokot,2022,female,85,85-89,454.35302734375
Baringo,2022,female,90,90+,564.60400390625
Bomet,2022,female,90,90+,626.55322265625
Bungoma,2022,female,90,90+,981.086181640625
Busia,2022,female,90,90+,627.6654052734375
Elgeyo-Marakwet,2022,female,90,90+,304.023681640625
Embu,2022,female,90,90+,1045.603271484375
Garissa,2022,female,90,90+,1312.178466796875
HomaBay,2022,female,90,90+,780.5081787109375
Isiolo,2022,female,90,90+,317.82275390625
Kajiado,2022,female,90,90+,531.3475341796875
Kakamega,2022,female,90,90+,776.296875
Kericho,2022,female,90,90+,681.9558715820312
Kiambu,2022,female,90,90+,1491.879150390625
Kilifi,2022,female,90,90+,799.1986083984375
Kirinyaga,2022,female,90,90+,1542.9232177734375
Kisii,2022,female,90,90+,1061.4725341796875
Kisumu,2022,female,90,90+,641.7020874023438
Kitui,2022,female,90,90+,2020.637939453125
Kwale,2022,female,90,90+,571.2548217773438
Laikipia,2022,female,90,90+,357.64410400390625
Lamu,2022,female,90,90+,99.622802734375
Machakos,2022,female,90,90+,1662.00146484375
Makueni,2022,female,90,90+,1412.1671142578125
Mandera,2022,female,90,90+,469.6642150878906
Marsabit,2022,female,90,90+,537.178466796875
Meru,2022,female,90,90+,1887.0640869140625
Migori,2022,female,90,90+,633.5587158203125
Mombasa,2022,female,90,90+,289.07623291015625
Murang'a,2022,female,90,90+,1321.37255859375
Nairobi,2022,female,90,90+,732.4116821289062
Nakuru,2022,female,90,90+,1078.355712890625
Nandi,2022,female,90,90+,521.8599243164062
Narok,2022,female,90,90+,619.3507690429688
Nyamira,2022,female,90,90+,513.0145263671875
Nyandarua,2022,female,90,90+,404.51806640625
Nyeri,2022,female,90,90+,939.7467041015625
Samburu,2022,female,90,90+,231.38037109375
Siaya,2022,female,90,90+,904.410888671875
TaitaTaveta,2022,female,90,90+,406.903076171875
TanaRiver,2022,female,90,90+,491.21319580078125
Tharaka-Nithi,2022,female,90,90+,529.2537841796875
TransNzoia,2022,female,90,90+,458.9097900390625
Turkana,2022,female,90,90+,331.13433837890625
UasinGishu,2022,female,90,90+,484.34027099609375
Vihiga,2022,female,90,90+,574.9801635742188
Wajir,2022,female,90,90+,354.36932373046875
WestPokot,2022,female,90,90+,337.9110107421875
Baringo,2022,male,00,0-1,10670.267578125
Bomet,2022,male,00,0-1,12805.5185546875
Bungoma,2022,male,00,0-1,28562.4375
Busia,2022,male,00,0-1,12745.513671875
Elgeyo-Marakwet,2022,male,00,0-1,6202.9638671875
Embu,2022,male,00,0-1,7182.19970703125
Garissa,2022,male,00,0-1,17169.232421875
HomaBay,2022,male,00,0-1,17008.05078125
Isiolo,2022,male,00,0-1,6358.5244140625
Kajiado,2022,male,00,0-1,21679.693359375
Kakamega,2022,male,00,0-1,20733.56640625
Kericho,2022,male,00,0-1,12395.193359375
Kiambu,2022,male,00,0-1,35781.1796875
Kilifi,2022,male,00,0-1,23952.130859375
Kirinyaga,2022,male,00,0-1,8944.65625
Kisii,2022,male,00,0-1,15423.109375
Kisumu,2022,male,00,0-1,16398.66015625
Kitui,2022,male,00,0-1,13891.47265625
Kwale,2022,male,00,0-1,15891.75
Laikipia,2022,male,00,0-1,7851.294921875
Lamu,2022,male,00,0-1,2408.342041015625
Machakos,2022,male,00,0-1,18355.865234375
Makueni,2022,male,00,0-1,10683.841796875
Mandera,2022,male,00,0-1,17238.00390625
Marsabit,2022,male,00,0-1,8907.9541015625
Meru,2022,male,00,0-1,18764.25390625
Migori,2022,male,00,0-1,19096.505859375
Mombasa,2022,male,00,0-1,17780.326171875
Murang'a,2022,male,00,0-1,11958.083984375
Nairobi,2022,male,00,0-1,68039.0234375
Nakuru,2022,male,00,0-1,33407.83203125
Nandi,2022,male,00,0-1,12005.904296875
Narok,2022,male,00,0-1,23708.423828125
Nyamira,2022,male,00,0-1,6710.04736328125
Nyandarua,2022,male,00,0-1,7505.4541015625
Nyeri,2022,male,00,0-1,7835.478515625
Samburu,2022,male,00,0-1,6280.5576171875
Siaya,2022,male,00,0-1,14045.5908203125
TaitaTaveta,2022,male,00,0-1,4476.27587890625
TanaRiver,2022,male,00,0-1,12117.041015625
Tharaka-Nithi,2022,male,00,0-1,3695.07861328125
TransNzoia,2022,male,00,0-1,14839.1181640625
Turkana,2022,male,00,0-1,15169.34375
UasinGishu,2022,male,00,0-1,16829.228515625
Vihiga,2022,male,00,0-1,6672.578125
Wajir,2022,male,00,0-1,14067.232421875
WestPokot,2022,male,00,0-1,13842.1953125
Baringo,2022,male,01,1-4,41314.8828125
Bomet,2022,male,01,1-4,49582.5078125
Bungoma,2022,male,01,1-4,110588.6875
Busia,2022,male,01,1-4,49340.8515625
Elgeyo-Marakwet,2022,male,01,1-4,24017.654296875
Embu,2022,male,01,1-4,27809.21875
Garissa,2022,male,01,1-4,66477.7109375
HomaBay,2022,male,01,1-4,65854.5625
Isiolo,2022,male,01,1-4,24619.982421875
Kajiado,2022,male,01,1-4,83931.0625
Kakamega,2022,male,01,1-4,80279.625
Kericho,2022,male,01,1-4,47993.75
Kiambu,2022,male,01,1-4,138543.453125
Kilifi,2022,male,01,1-4,92741.796875
Kirinyaga,2022,male,01,1-4,34633.390625
Kisii,2022,male,01,1-4,59717.72265625
Kisumu,2022,male,01,1-4,63495.03125
Kitui,2022,male,01,1-4,53787.28515625
Kwale,2022,male,01,1-4,61531.6328125
Laikipia,2022,male,01,1-4,30399.93359375
Lamu,2022,male,01,1-4,9325.0146484375
Machakos,2022,male,01,1-4,71073.25
Makueni,2022,male,01,1-4,41367.453125
Mandera,2022,male,01,1-4,66723.9375
Marsabit,2022,male,01,1-4,34491.203125
Meru,2022,male,01,1-4,72654.515625
Migori,2022,male,01,1-4,73929.1875
Mombasa,2022,male,01,1-4,68844.7890625
Murang'a,2022,male,01,1-4,46301.2734375
Nairobi,2022,male,01,1-4,263444.6875
Nakuru,2022,male,01,1-4,129353.9296875
Nandi,2022,male,01,1-4,46486.4296875
Narok,2022,male,01,1-4,91797.546875
Nyamira,2022,male,01,1-4,25981.0625
Nyandarua,2022,male,01,1-4,29060.849609375
Nyeri,2022,male,01,1-4,30338.69140625
Samburu,2022,male,01,1-4,24318.09765625
Siaya,2022,male,01,1-4,54384.0234375
TaitaTaveta,2022,male,01,1-4,17330.859375
TanaRiver,2022,male,01,1-4,46916.75
Tharaka-Nithi,2022,male,01,1-4,14307.212890625
TransNzoia,2022,male,01,1-4,57455.87890625
Turkana,2022,male,01,1-4,58734.78125
UasinGishu,2022,male,01,1-4,65162.16796875
Vihiga,2022,male,01,1-4,25835.982421875
Wajir,2022,male,01,1-4,54467.82421875
WestPokot,2022,male,01,1-4,53593.015625
Baringo,2022,male,05,5-9,51936.3359375
Bomet,2022,male,05,5-9,65687.3046875
Bungoma,2022,male,05,5-9,153514.71875
Busia,2022,male,05,5-9,65782.5
Elgeyo-Marakwet,2022,male,05,5-9,30820.19921875
Embu,2022,male,05,5-9,32786.7109375
Garissa,2022,male,05,5-9,94484.265625
HomaBay,2022,male,05,5-9,83950.5703125
Isiolo,2022,male,05,5-9,30712.548828125
Kajiado,2022,male,05,5-9,92656.03125
Kakamega,2022,male,05,5-9,114608.6484375
Kericho,2022,male,05,5-9,61925.23046875
Kiambu,2022,male,05,5-9,142158.5625
Kilifi,2022,male,05,5-9,113827.21875
Kirinyaga,2022,male,05,5-9,41108.31640625
Kisii,2022,male,05,5-9,85268.5546875
Kisumu,2022,male,05,5-9,79911.9609375
Kitui,2022,male,05,5-9,73908.84375
Kwale,2022,male,05,5-9,74807.90625
Laikipia,2022,male,05,5-9,35625.0234375
Lamu,2022,male,05,5-9,11059.59375
Machakos,2022,male,05,5-9,85415.140625
Makueni,2022,male,05,5-9,57338.09375
Mandera,2022,male,05,5-9,84117.96875
Marsabit,2022,male,05,5-9,45201.1796875
Meru,2022,male,05,5-9,89598.078125
Migori,2022,male,05,5-9,94231.3359375
Mombasa,2022,male,05,5-9,71097.984375
Murang'a,2022,male,05,5-9,57176.6484375
Nairobi,2022,male,05,5-9,256506.09375
Nakuru,2022,male,05,5-9,151754.03125
Nandi,2022,male,05,5-9,60966.03125
Narok,2022,male,05,5-9,117102.984375
Nyamira,2022,male,05,5-9,38036.796875
Nyandarua,2022,male,05,5-9,37156.31640625
Nyeri,2022,male,05,5-9,36837.4140625
Samburu,2022,male,05,5-9,30615.07421875
Siaya,2022,male,05,5-9,73532.625
TaitaTaveta,2022,male,05,5-9,20082.845703125
TanaRiver,2022,male,05,5-9,57946.6015625
Tharaka-Nithi,2022,male,05,5-9,18551.146484375
TransNzoia,2022,male,05,5-9,75169.140625
Turkana,2022,male,05,5-9,78561.984375
UasinGishu,2022,male,05,5-9,78739.03125
Vihiga,2022,male,05,5-9,37356.09765625
Wajir,2022,male,05,5-9,74598.1015625
WestPokot,2022,male,05,5-9,61144.99609375
Baringo,2022,male,10,10-14,52356.8515625
Bomet,2022,male,10,10-14,68253.3125
Bungoma,2022,male,10,10-14,159585.71875
Busia,2022,male,10,10-14,70929.0078125
Elgeyo-Marakwet,2022,male,10,10-14,30277.3046875
Embu,2022,male,10,10-14,36187.234375
Garissa,2022,male,10,10-14,93569.09375
HomaBay,2022,male,10,10-14,89958.765625
Isiolo,2022,male,10,10-14,29443.576171875
Kajiado,2022,male,10,10-14,78867.59375
Kakamega,2022,male,10,10-14,121600.484375
Kericho,2022,male,10,10-14,64804.90625
Kiambu,2022,male,10,10-14,129172.4921875
Kilifi,2022,male,10,10-14,111643.890625
Kirinyaga,2022,male,10,10-14,43618.5078125
Kisii,2022,male,10,10-14,95568.109375
Kisumu,2022,male,10,10-14,86727.7109375
Kitui,2022,male,10,10-14,87417.515625
Kwale,2022,male,10,10-14,69729.921875
Laikipia,2022,male,10,10-14,36008.8125
Lamu,2022,male,10,10-14,10796.404296875
Machakos,2022,male,10,10-14,90101.8203125
Makueni,2022,male,10,10-14,68670.4296875
Mandera,2022,male,10,10-14,82643.1875
Marsabit,2022,male,10,10-14,44282.65625
Meru,2022,male,10,10-14,97486.6484375
Migori,2022,male,10,10-14,96510.484375
Mombasa,2022,male,10,10-14,61556.53125
Murang'a,2022,male,10,10-14,58716.8125
Nairobi,2022,male,10,10-14,215756.5625
Nakuru,2022,male,10,10-14,152243.171875
Nandi,2022,male,10,10-14,65245.0390625
Narok,2022,male,10,10-14,104790.8359375
Nyamira,2022,male,10,10-14,44384.5
Nyandarua,2022,male,10,10-14,41013.1796875
Nyeri,2022,male,10,10-14,37630.73828125
Samburu,2022,male,10,10-14,28135.40234375
Siaya,2022,male,10,10-14,79904.484375
TaitaTaveta,2022,male,10,10-14,21122.6171875
TanaRiver,2022,male,10,10-14,51371.03125
Tharaka-Nithi,2022,male,10,10-14,20340.08203125
TransNzoia,2022,male,10,10-14,77609.0234375
Turkana,2022,male,10,10-14,78271.9375
UasinGishu,2022,male,10,10-14,79982.828125
Vihiga,2022,male,10,10-14,41494.875
Wajir,2022,male,10,10-14,76261.6953125
WestPokot,2022,male,10,10-14,53742.61328125
Baringo,2022,male,15,15-19,44679.859375
Bomet,2022,male,15,15-19,61301.625
Bungoma,2022,male,15,15-19,138756.21875
Busia,2022,male,15,15-19,63392.234375
Elgeyo-Marakwet,2022,male,15,15-19,27308.896484375
Embu,2022,male,15,15-19,36080.0390625
Garissa,2022,male,15,15-19,75673.578125
HomaBay,2022,male,15,15-19,72042.40625
Isiolo,2022,male,15,15-19,25733.322265625
Kajiado,2022,male,15,15-19,65116.46875
Kakamega,2022,male,15,15-19,105472.546875
Kericho,2022,male,15,15-19,58388.8046875
Kiambu,2022,male,15,15-19,122772.84375
Kilifi,2022,male,15,15-19,99434.2578125
Kirinyaga,2022,male,15,15-19,44470.06640625
Kisii,2022,male,15,15-19,77448.609375
Kisumu,2022,male,15,15-19,74421.0
Kitui,2022,male,15,15-19,80925.5625
Kwale,2022,male,15,15-19,57502.8671875
Laikipia,2022,male,15,15-19,32998.0546875
Lamu,2022,male,15,15-19,9544.05859375
Machakos,2022,male,15,15-19,84865.390625
Makueni,2022,male,15,15-19,66893.21875
Mandera,2022,male,15,15-19,65684.2421875
Marsabit,2022,male,15,15-19,39976.9375
Meru,2022,male,15,15-19,86479.78125
Migori,2022,male,15,15-19,76221.84375
Mombasa,2022,male,15,15-19,54360.1328125
Murang'a,2022,male,15,15-19,56944.7421875
Nairobi,2022,male,15,15-19,195991.234375
Nakuru,2022,male,15,15-19,139000.5625
Nandi,2022,male,15,15-19,59950.5703125
Narok,2022,male,15,15-19,79164.125
Nyamira,2022,male,15,15-19,35167.3359375
Nyandarua,2022,male,15,15-19,39769.26171875
Nyeri,2022,male,15,15-19,38260.7109375
Samburu,2022,male,15,15-19,23621.55078125
Siaya,2022,male,15,15-19,65779.90625
TaitaTaveta,2022,male,15,15-19,19719.73828125
TanaRiver,2022,male,15,15-19,38998.609375
Tharaka-Nithi,2022,male,15,15-19,18936.8828125
TransNzoia,2022,male,15,15-19,69014.328125
Turkana,2022,male,15,15-19,73723.6171875
UasinGishu,2022,male,15,15-19,75797.7109375
Vihiga,2022,male,15,15-19,37093.8984375
Wajir,2022,male,15,15-19,62809.203125
WestPokot,2022,male,15,15-19,41810.18359375
Baringo,2022,male,20,20-24,33529.44921875
Bomet,2022,male,20,20-24,43671.3515625
Bungoma,2022,male,20,20-24,86978.9296875
Busia,2022,male,20,20-24,40382.5859375
Elgeyo-Marakwet,2022,male,20,20-24,21733.650390625
Embu,2022,male,20,20-24,30572.796875
Garissa,2022,male,20,20-24,53923.6171875
HomaBay,2022,male,20,20-24,47474.8359375
Isiolo,2022,male,20,20-24,19242.7265625
Kajiado,2022,male,20,20-24,75125.734375
Kakamega,2022,male,20,20-24,65086.0546875
Kericho,2022,male,20,20-24,45581.87890625
Kiambu,2022,male,20,20-24,159245.96875
Kilifi,2022,male,20,20-24,75946.078125
Kirinyaga,2022,male,20,20-24,36110.4296875
Kisii,2022,male,20,20-24,49479.1484375
Kisumu,2022,male,20,20-24,59594.03125
Kitui,2022,male,20,20-24,47278.0234375
Kwale,2022,male,20,20-24,39761.23046875
Laikipia,2022,male,20,20-24,24651.66796875
Lamu,2022,male,20,20-24,8856.8642578125
Machakos,2022,male,20,20-24,81429.6875
Makueni,2022,male,20,20-24,45347.125
Mandera,2022,male,20,20-24,41526.859375
Marsabit,2022,male,20,20-24,29501.47265625
Meru,2022,male,20,20-24,71375.484375
Migori,2022,male,20,20-24,53412.0859375
Mombasa,2022,male,20,20-24,75805.015625
Murang'a,2022,male,20,20-24,41120.796875
Nairobi,2022,male,20,20-24,314178.28125
Nakuru,2022,male,20,20-24,125089.6953125
Nandi,2022,male,20,20-24,44298.01171875
Narok,2022,male,20,20-24,59808.7109375
Nyamira,2022,male,20,20-24,20805.7421875
Nyandarua,2022,male,20,20-24,25903.54296875
Nyeri,2022,male,20,20-24,31453.16796875
Samburu,2022,male,20,20-24,17592.423828125
Siaya,2022,male,20,20-24,42124.390625
TaitaTaveta,2022,male,20,20-24,16892.625
TanaRiver,2022,male,20,20-24,31031.94921875
Tharaka-Nithi,2022,male,20,20-24,13908.58984375
TransNzoia,2022,male,20,20-24,46282.71875
Turkana,2022,male,20,20-24,58419.62109375
UasinGishu,2022,male,20,20-24,73081.0546875
Vihiga,2022,male,20,20-24,21780.689453125
Wajir,2022,male,20,20-24,38523.9765625
WestPokot,2022,male,20,20-24,31368.3828125
Baringo,2022,male,25,25-29,24185.41796875
Bomet,2022,male,25,25-29,34006.2734375
Bungoma,2022,male,25,25-29,62371.15625
Busia,2022,male,25,25-29,28152.17578125
Elgeyo-Marakwet,2022,male,25,25-29,16002.9853515625
Embu,2022,male,25,25-29,25723.931640625
Garissa,2022,male,25,25-29,34368.73828125
HomaBay,2022,male,25,25-29,34832.1484375
Isiolo,2022,male,25,25-29,15366.3740234375
Kajiado,2022,male,25,25-29,75341.2421875
Kakamega,2022,male,25,25-29,45368.0390625
Kericho,2022,male,25,25-29,37784.296875
Kiambu,2022,male,25,25-29,154136.421875
Kilifi,2022,male,25,25-29,59217.23828125
Kirinyaga,2022,male,25,25-29,30894.33203125
Kisii,2022,male,25,25-29,40872.7265625
Kisumu,2022,male,25,25-29,49947.62109375
Kitui,2022,male,25,25-29,32914.3359375
Kwale,2022,male,25,25-29,33043.30078125
Laikipia,2022,male,25,25-29,20368.8671875
Lamu,2022,male,25,25-29,7811.263671875
Machakos,2022,male,25,25-29,72773.8203125
Makueni,2022,male,25,25-29,34696.46875
Mandera,2022,male,25,25-29,29571.6171875
Marsabit,2022,male,25,25-29,23240.97265625
Meru,2022,male,25,25-29,59811.64453125
Migori,2022,male,25,25-29,41091.671875
Mombasa,2022,male,25,25-29,80438.296875
Murang'a,2022,male,25,25-29,32989.33203125
Nairobi,2022,male,25,25-29,346613.9375
Nakuru,2022,male,25,25-29,101003.515625
Nandi,2022,male,25,25-29,33913.43359375
Narok,2022,male,25,25-29,47661.8984375
Nyamira,2022,male,25,25-29,17596.548828125
Nyandarua,2022,male,25,25-29,19340.53515625
Nyeri,2022,male,25,25-29,24711.0390625
Samburu,2022,male,25,25-29,13090.73046875
Siaya,2022,male,25,25-29,32023.75
TaitaTaveta,2022,male,25,25-29,14726.423828125
TanaRiver,2022,male,25,25-29,23098.328125
Tharaka-Nithi,2022,male,25,25-29,11339.904296875
TransNzoia,2022,male,25,25-29,34632.1875
Turkana,2022,male,25,25-29,42925.140625
UasinGishu,2022,male,25,25-29,59656.66796875
Vihiga,2022,male,25,25-29,14673.9921875
Wajir,2022,male,25,25-29,29977.8984375
WestPokot,2022,male,25,25-29,24225.2734375
Baringo,2022,male,30,30-34,20438.890625
Bomet,2022,male,30,30-34,31819.80078125
Bungoma,2022,male,30,30-34,59008.78125
Busia,2022,male,30,30-34,26502.693359375
Elgeyo-Marakwet,2022,male,30,30-34,13662.66015625
Embu,2022,male,30,30-34,25816.546875
Garissa,2022,male,30,30-34,28093.53515625
HomaBay,2022,male,30,30-34,33184.93359375
Isiolo,2022,male,30,30-34,13956.9541015625
Kajiado,2022,male,30,30-34,67031.8203125
Kakamega,2022,male,30,30-34,45267.28515625
Kericho,2022,male,30,30-34,35588.5859375
Kiambu,2022,male,30,30-34,138993.96875
Kilifi,2022,male,30,30-34,47871.48046875
Kirinyaga,2022,male,30,30-34,36296.04296875
Kisii,2022,male,30,30-34,40594.296875
Kisumu,2022,male,30,30-34,47350.140625
Kitui,2022,male,30,30-34,31958.361328125
Kwale,2022,male,30,30-34,28927.732421875
Laikipia,2022,male,30,30-34,20125.6171875
Lamu,2022,male,30,30-34,6778.02587890625
Machakos,2022,male,30,30-34,69489.3203125
Makueni,2022,male,30,30-34,33685.765625
Mandera,2022,male,30,30-34,24580.71875
Marsabit,2022,male,30,30-34,18418.05078125
Meru,2022,male,30,30-34,60632.328125
Migori,2022,male,30,30-34,37076.36328125
Mombasa,2022,male,30,30-34,70613.890625
Murang'a,2022,male,30,30-34,36654.46484375
Nairobi,2022,male,30,30-34,307103.40625
Nakuru,2022,male,30,30-34,94747.09375
Nandi,2022,male,30,30-34,33227.765625
Narok,2022,male,30,30-34,43158.16015625
Nyamira,2022,male,30,30-34,18397.74609375
Nyandarua,2022,male,30,30-34,20233.1953125
Nyeri,2022,male,30,30-34,26966.400390625
Samburu,2022,male,30,30-34,10001.7802734375
Siaya,2022,male,30,30-34,32354.232421875
TaitaTaveta,2022,male,30,30-34,14332.6796875
TanaRiver,2022,male,30,30-34,18734.515625
Tharaka-Nithi,2022,male,30,30-34,11619.201171875
TransNzoia,2022,male,30,30-34,32800.2890625
Turkana,2022,male,30,30-34,30859.861328125
UasinGishu,2022,male,30,30-34,51939.359375
Vihiga,2022,male,30,30-34,14931.830078125
Wajir,2022,male,30,30-34,26197.9375
WestPokot,2022,male,30,30-34,20449.279296875
Baringo,2022,male,35,35-39,16699.12890625
Bomet,2022,male,35,35-39,26144.845703125
Bungoma,2022,male,35,35-39,49892.21484375
Busia,2022,male,35,35-39,23305.140625
Elgeyo-Marakwet,2022,male,35,35-39,11482.6171875
Embu,2022,male,35,35-39,25972.33203125
Garissa,2022,male,35,35-39,22934.86328125
HomaBay,2022,male,35,35-39,29350.376953125
Isiolo,2022,male,35,35-39,10821.7958984375
Kajiado,2022,male,35,35-39,54794.26953125
Kakamega,2022,male,35,35-39,40351.6953125
Kericho,2022,male,35,35-39,29004.994140625
Kiambu,2022,male,35,35-39,120116.4765625
Kilifi,2022,male,35,35-39,38972.94140625
Kirinyaga,2022,male,35,35-39,40300.60546875
Kisii,2022,male,35,35-39,34198.10546875
Kisumu,2022,male,35,35-39,41009.55859375
Kitui,2022,male,35,35-39,29683.548828125
Kwale,2022,male,35,35-39,24548.046875
Laikipia,2022,male,35,35-39,19026.787109375
Lamu,2022,male,35,35-39,5583.005859375
Machakos,2022,male,35,35-39,64234.5
Makueni,2022,male,35,35-39,32068.49609375
Mandera,2022,male,35,35-39,16758.58984375
Marsabit,2022,male,35,35-39,12922.40625
Meru,2022,male,35,35-39,60791.91796875
Migori,2022,male,35,35-39,30437.166015625
Mombasa,2022,male,35,35-39,58747.46875
Murang'a,2022,male,35,35-39,38616.9609375
Nairobi,2022,male,35,35-39,243557.15625
Nakuru,2022,male,35,35-39,83263.8125
Nandi,2022,male,35,35-39,28465.109375
Narok,2022,male,35,35-39,34345.5078125
Nyamira,2022,male,35,35-39,16410.43359375
Nyandarua,2022,male,35,35-39,20764.92578125
Nyeri,2022,male,35,35-39,28577.775390625
Samburu,2022,male,35,35-39,6929.798828125
Siaya,2022,male,35,35-39,28939.376953125
TaitaTaveta,2022,male,35,35-39,13862.083984375
TanaRiver,2022,male,35,35-39,16239.029296875
Tharaka-Nithi,2022,male,35,35-39,11388.0859375
TransNzoia,2022,male,35,35-39,28550.08203125
Turkana,2022,male,35,35-39,23278.47265625
UasinGishu,2022,male,35,35-39,44106.44921875
Vihiga,2022,male,35,35-39,14432.3828125
Wajir,2022,male,35,35-39,19500.46484375
WestPokot,2022,male,35,35-39,14660.220703125
Baringo,2022,male,40,40-44,13428.736328125
Bomet,2022,male,40,40-44,21031.19921875
Bungoma,2022,male,40,40-44,42207.0859375
Busia,2022,male,40,40-44,19159.736328125
Elgeyo-Marakwet,2022,male,40,40-44,9362.388671875
Embu,2022,male,40,40-44,21323.169921875
Garissa,2022,male,40,40-44,23809.4140625
HomaBay,2022,male,40,40-44,22935.078125
Isiolo,2022,male,40,40-44,8345.4453125
Kajiado,2022,male,40,40-44,38834.83984375
Kakamega,2022,male,40,40-44,34414.94921875
Kericho,2022,male,40,40-44,23549.24609375
Kiambu,2022,male,40,40-44,91454.921875
Kilifi,2022,male,40,40-44,34324.01953125
Kirinyaga,2022,male,40,40-44,33686.6015625
Kisii,2022,male,40,40-44,28462.763671875
Kisumu,2022,male,40,40-44,30999.99609375
Kitui,2022,male,40,40-44,25767.466796875
Kwale,2022,male,40,40-44,21744.66015625
Laikipia,2022,male,40,40-44,15742.880859375
Lamu,2022,male,40,40-44,4768.3232421875
Machakos,2022,male,40,40-44,50922.0859375
Makueni,2022,male,40,40-44,26918.525390625
Mandera,2022,male,40,40-44,16499.072265625
Marsabit,2022,male,40,40-44,11150.310546875
Meru,2022,male,40,40-44,48739.28125
Migori,2022,male,40,40-44,23663.57421875
Mombasa,2022,male,40,40-44,46962.91796875
Murang'a,2022,male,40,40-44,33873.6953125
Nairobi,2022,male,40,40-44,174724.46875
Nakuru,2022,male,40,40-44,66849.390625
Nandi,2022,male,40,40-44,23634.65625
Narok,2022,male,40,40-44,27252.787109375
Nyamira,2022,male,40,40-44,14208.2265625
Nyandarua,2022,male,40,40-44,17750.7890625
Nyeri,2022,male,40,40-44,24829.091796875
Samburu,2022,male,40,40-44,6464.23046875
Siaya,2022,male,40,40-44,22719.4609375
TaitaTaveta,2022,male,40,40-44,11419.8544921875
TanaRiver,2022,male,40,40-44,13629.220703125
Tharaka-Nithi,2022,male,40,40-44,9603.3154296875
TransNzoia,2022,male,40,40-44,24179.41015625
Turkana,2022,male,40,40-44,18870.1640625
UasinGishu,2022,male,40,40-44,34715.859375
Vihiga,2022,male,40,40-44,12617.1640625
Wajir,2022,male,40,40-44,18924.09375
WestPokot,2022,male,40,40-44,12131.181640625
Baringo,2022,male,45,45-49,11497.9189453125
Bomet,2022,male,45,45-49,18423.35546875
Bungoma,2022,male,45,45-49,35331.015625
Busia,2022,male,45,45-49,14680.3984375
Elgeyo-Marakwet,2022,male,45,45-49,8321.6982421875
Embu,2022,male,45,45-49,17763.0859375
Garissa,2022,male,45,45-49,14632.5771484375
HomaBay,2022,male,45,45-49,15680.7158203125
Isiolo,2022,male,45,45-49,5795.19677734375
Kajiado,2022,male,45,45-49,30680.380859375
Kakamega,2022,male,45,45-49,27658.67578125
Kericho,2022,male,45,45-49,19800.20703125
Kiambu,2022,male,45,45-49,72913.40625
Kilifi,2022,male,45,45-49,28362.142578125
Kirinyaga,2022,male,45,45-49,28631.1171875
Kisii,2022,male,45,45-49,22811.16015625
Kisumu,2022,male,45,45-49,21070.1875
Kitui,2022,male,45,45-49,23516.478515625
Kwale,2022,male,45,45-49,17775.3046875
Laikipia,2022,male,45,45-49,13124.8515625
Lamu,2022,male,45,45-49,4018.27587890625
Machakos,2022,male,45,45-49,41255.9765625
Makueni,2022,male,45,45-49,24377.31640625
Mandera,2022,male,45,45-49,9521.046875
Marsabit,2022,male,45,45-49,7728.6630859375
Meru,2022,male,45,45-49,38828.19140625
Migori,2022,male,45,45-49,17695.591796875
Mombasa,2022,male,45,45-49,36141.8203125
Murang'a,2022,male,45,45-49,30312.91015625
Nairobi,2022,male,45,45-49,127079.1640625
Nakuru,2022,male,45,45-49,54713.0390625
Nandi,2022,male,45,45-49,19725.349609375
Narok,2022,male,45,45-49,22727.626953125
Nyamira,2022,male,45,45-49,11631.421875
Nyandarua,2022,male,45,45-49,16184.861328125
Nyeri,2022,male,45,45-49,22673.54296875
Samburu,2022,male,45,45-49,5050.00048828125
Siaya,2022,male,45,45-49,16467.091796875
TaitaTaveta,2022,male,45,45-49,9854.6162109375
TanaRiver,2022,male,45,45-49,10504.6884765625
Tharaka-Nithi,2022,male,45,45-49,8751.64453125
TransNzoia,2022,male,45,45-49,18955.521484375
Turkana,2022,male,45,45-49,13539.669921875
UasinGishu,2022,male,45,45-49,27991.759765625
Vihiga,2022,male,45,45-49,10888.33203125
Wajir,2022,male,45,45-49,10748.7431640625
WestPokot,2022,male,45,45-49,10762.6884765625
Baringo,2022,male,50,50-54,9038.080078125
Bomet,2022,male,50,50-54,11762.638671875
Bungoma,2022,male,50,50-54,28115.369140625
Busia,2022,male,50,50-54,12884.771484375
Elgeyo-Marakwet,2022,male,50,50-54,5599.556640625
Embu,2022,male,50,50-54,15033.82421875
Garissa,2022,male,50,50-54,16222.8173828125
HomaBay,2022,male,50,50-54,12173.912109375
Isiolo,2022,male,50,50-54,5070.0205078125
Kajiado,2022,male,50,50-54,23044.10546875
Kakamega,2022,male,50,50-54,23760.3203125
Kericho,2022,male,50,50-54,13031.369140625
Kiambu,2022,male,50,50-54,57253.21875
Kilifi,2022,male,50,50-54,22749.42578125
Kirinyaga,2022,male,50,50-54,25779.130859375
Kisii,2022,male,50,50-54,17495.05859375
Kisumu,2022,male,50,50-54,16346.8935546875
Kitui,2022,male,50,50-54,18687.283203125
Kwale,2022,male,50,50-54,13959.0078125
Laikipia,2022,male,50,50-54,11474.9248046875
Lamu,2022,male,50,50-54,3148.82177734375
Machakos,2022,male,50,50-54,31294.25
Makueni,2022,male,50,50-54,19111.40625
Mandera,2022,male,50,50-54,9038.6318359375
Marsabit,2022,male,50,50-54,7319.541015625
Meru,2022,male,50,50-54,29436.697265625
Migori,2022,male,50,50-54,13107.7822265625
Mombasa,2022,male,50,50-54,25323.1953125
Murang'a,2022,male,50,50-54,25806.330078125
Nairobi,2022,male,50,50-54,90270.0625
Nakuru,2022,male,50,50-54,41861.5546875
Nandi,2022,male,50,50-54,14526.623046875
Narok,2022,male,50,50-54,16561.201171875
Nyamira,2022,male,50,50-54,9139.626953125
Nyandarua,2022,male,50,50-54,14618.5625
Nyeri,2022,male,50,50-54,21128.919921875
Samburu,2022,male,50,50-54,3548.1953125
Siaya,2022,male,50,50-54,14115.962890625
TaitaTaveta,2022,male,50,50-54,8292.509765625
TanaRiver,2022,male,50,50-54,9047.30078125
Tharaka-Nithi,2022,male,50,50-54,6829.71826171875
TransNzoia,2022,male,50,50-54,15239.3916015625
Turkana,2022,male,50,50-54,10904.203125
UasinGishu,2022,male,50,50-54,20115.228515625
Vihiga,2022,male,50,50-54,9837.927734375
Wajir,2022,male,50,50-54,11118.5908203125
WestPokot,2022,male,50,50-54,7823.9248046875
Baringo,2022,male,55,55-59,7002.5419921875
Bomet,2022,male,55,55-59,9726.4140625
Bungoma,2022,male,55,55-59,24650.80078125
Busia,2022,male,55,55-59,10962.1513671875
Elgeyo-Marakwet,2022,male,55,55-59,5029.916015625
Embu,2022,male,55,55-59,12461.5830078125
Garissa,2022,male,55,55-59,7268.8330078125
HomaBay,2022,male,55,55-59,10897.048828125
Isiolo,2022,male,55,55-59,3700.312744140625
Kajiado,2022,male,55,55-59,14206.0078125
Kakamega,2022,male,55,55-59,20328.501953125
Kericho,2022,male,55,55-59,11034.7607421875
Kiambu,2022,male,55,55-59,38766.97265625
Kilifi,2022,male,55,55-59,16987.7109375
Kirinyaga,2022,male,55,55-59,19912.5390625
Kisii,2022,male,55,55-59,19117.919921875
Kisumu,2022,male,55,55-59,13141.427734375
Kitui,2022,male,55,55-59,14943.802734375
Kwale,2022,male,55,55-59,10390.783203125
Laikipia,2022,male,55,55-59,8696.9814453125
Lamu,2022,male,55,55-59,2418.35791015625
Machakos,2022,male,55,55-59,24540.9140625
Makueni,2022,male,55,55-59,15124.40234375
Mandera,2022,male,55,55-59,4915.22509765625
Marsabit,2022,male,55,55-59,4673.158203125
Meru,2022,male,55,55-59,24373.693359375
Migori,2022,male,55,55-59,10457.330078125
Mombasa,2022,male,55,55-59,16340.337890625
Murang'a,2022,male,55,55-59,21452.7734375
Nairobi,2022,male,55,55-59,56159.77734375
Nakuru,2022,male,55,55-59,30334.14453125
Nandi,2022,male,55,55-59,11641.73828125
Narok,2022,male,55,55-59,11514.720703125
Nyamira,2022,male,55,55-59,9935.65234375
Nyandarua,2022,male,55,55-59,11218.03515625
Nyeri,2022,male,55,55-59,16485.51953125
Samburu,2022,male,55,55-59,2611.944580078125
Siaya,2022,male,55,55-59,11893.251953125
TaitaTaveta,2022,male,55,55-59,6254.1298828125
TanaRiver,2022,male,55,55-59,6512.3916015625
Tharaka-Nithi,2022,male,55,55-59,6039.3466796875
TransNzoia,2022,male,55,55-59,12297.888671875
Turkana,2022,male,55,55-59,6579.05859375
UasinGishu,2022,male,55,55-59,14744.728515625
Vihiga,2022,male,55,55-59,8656.568359375
Wajir,2022,male,55,55-59,5574.76611328125
WestPokot,2022,male,55,55-59,5389.78125
Baringo,2022,male,60,60-64,5449.50146484375
Bomet,2022,male,60,60-64,7096.87060546875
Bungoma,2022,male,60,60-64,17627.435546875
Busia,2022,male,60,60-64,7935.67333984375
Elgeyo-Marakwet,2022,male,60,60-64,3642.3642578125
Embu,2022,male,60,60-64,7789.447265625
Garissa,2022,male,60,60-64,8150.5
HomaBay,2022,male,60,60-64,8816.396484375
Isiolo,2022,male,60,60-64,3403.86669921875
Kajiado,2022,male,60,60-64,8523.58984375
Kakamega,2022,male,60,60-64,15522.55859375
Kericho,2022,male,60,60-64,7707.2822265625
Kiambu,2022,male,60,60-64,21493.302734375
Kilifi,2022,male,60,60-64,12444.1787109375
Kirinyaga,2022,male,60,60-64,11763.5703125
Kisii,2022,male,60,60-64,13565.6875
Kisumu,2022,male,60,60-64,9976.689453125
Kitui,2022,male,60,60-64,11358.04296875
Kwale,2022,male,60,60-64,8198.146484375
Laikipia,2022,male,60,60-64,5400.3984375
Lamu,2022,male,60,60-64,1694.99560546875
Machakos,2022,male,60,60-64,18471.9453125
Makueni,2022,male,60,60-64,12302.8974609375
Mandera,2022,male,60,60-64,4784.2412109375
Marsabit,2022,male,60,60-64,4052.8115234375
Meru,2022,male,60,60-64,16994.896484375
Migori,2022,male,60,60-64,7868.5458984375
Mombasa,2022,male,60,60-64,9160.8193359375
Murang'a,2022,male,60,60-64,14185.443359375
Nairobi,2022,male,60,60-64,27949.181640625
Nakuru,2022,male,60,60-64,18342.63671875
Nandi,2022,male,60,60-64,8152.1142578125
Narok,2022,male,60,60-64,8041.166015625
Nyamira,2022,male,60,60-64,7136.02294921875
Nyandarua,2022,male,60,60-64,6573.134765625
Nyeri,2022,male,60,60-64,9772.279296875
Samburu,2022,male,60,60-64,2394.17333984375
Siaya,2022,male,60,60-64,9694.2607421875
TaitaTaveta,2022,male,60,60-64,4558.43701171875
TanaRiver,2022,male,60,60-64,5501.80859375
Tharaka-Nithi,2022,male,60,60-64,4444.0556640625
TransNzoia,2022,male,60,60-64,8839.7890625
Turkana,2022,male,60,60-64,5494.5791015625
UasinGishu,2022,male,60,60-64,9254.92578125
Vihiga,2022,male,60,60-64,7503.93408203125
Wajir,2022,male,60,60-64,5312.7724609375
WestPokot,2022,male,60,60-64,4183.0341796875
Baringo,2022,male,65,65-69,3684.9296875
Bomet,2022,male,65,65-69,4484.99755859375
Bungoma,2022,male,65,65-69,10323.712890625
Busia,2022,male,65,65-69,4911.79296875
Elgeyo-Marakwet,2022,male,65,65-69,2590.027099609375
Embu,2022,male,65,65-69,5707.1689453125
Garissa,2022,male,65,65-69,2692.0029296875
HomaBay,2022,male,65,65-69,6081.328125
Isiolo,2022,male,65,65-69,1658.0819091796875
Kajiado,2022,male,65,65-69,4673.7109375
Kakamega,2022,male,65,65-69,9950.396484375
Kericho,2022,male,65,65-69,5189.6923828125
Kiambu,2022,male,65,65-69,13186.205078125
Kilifi,2022,male,65,65-69,8887.4228515625
Kirinyaga,2022,male,65,65-69,7944.38623046875
Kisii,2022,male,65,65-69,8005.8564453125
Kisumu,2022,male,65,65-69,6707.166015625
Kitui,2022,male,65,65-69,8453.6015625
Kwale,2022,male,65,65-69,5764.43994140625
Laikipia,2022,male,65,65-69,3662.102294921875
Lamu,2022,male,65,65-69,1100.072509765625
Machakos,2022,male,65,65-69,11112.0712890625
Makueni,2022,male,65,65-69,8591.837890625
Mandera,2022,male,65,65-69,2047.837890625
Marsabit,2022,male,65,65-69,2116.3603515625
Meru,2022,male,65,65-69,11721.1083984375
Migori,2022,male,65,65-69,5019.82861328125
Mombasa,2022,male,65,65-69,4796.2060546875
Murang'a,2022,male,65,65-69,10896.158203125
Nairobi,2022,male,65,65-69,13851.98828125
Nakuru,2022,male,65,65-69,12155.8359375
Nandi,2022,male,65,65-69,5211.66943359375
Narok,2022,male,65,65-69,4977.72119140625
Nyamira,2022,male,65,65-69,4046.982177734375
Nyandarua,2022,male,65,65-69,4294.58984375
Nyeri,2022,male,65,65-69,6914.81591796875
Samburu,2022,male,65,65-69,1198.483642578125
Siaya,2022,male,65,65-69,7176.2109375
TaitaTaveta,2022,male,65,65-69,3055.26123046875
TanaRiver,2022,male,65,65-69,2734.0732421875
Tharaka-Nithi,2022,male,65,65-69,2970.95849609375
TransNzoia,2022,male,65,65-69,5333.5302734375
Turkana,2022,male,65,65-69,3174.130859375
UasinGishu,2022,male,65,65-69,5667.904296875
Vihiga,2022,male,65,65-69,5518.740234375
Wajir,2022,male,65,65-69,2112.48974609375
WestPokot,2022,male,65,65-69,2915.47607421875
Baringo,2022,male,70,70-74,2608.812255859375
Bomet,2022,male,70,70-74,3044.6279296875
Bungoma,2022,male,70,70-74,6197.91650390625
Busia,2022,male,70,70-74,3327.51904296875
Elgeyo-Marakwet,2022,male,70,70-74,1641.359130859375
Embu,2022,male,70,70-74,3254.497802734375
Garissa,2022,male,70,70-74,3153.741943359375
HomaBay,2022,male,70,70-74,4170.7958984375
Isiolo,2022,male,70,70-74,1270.8236083984375
Kajiado,2022,male,70,70-74,2979.2216796875
Kakamega,2022,male,70,70-74,6492.6875
Kericho,2022,male,70,70-74,3479.412109375
Kiambu,2022,male,70,70-74,8620.01953125
Kilifi,2022,male,70,70-74,5134.509765625
Kirinyaga,2022,male,70,70-74,5027.8212890625
Kisii,2022,male,70,70-74,4996.962890625
Kisumu,2022,male,70,70-74,4425.99267578125
Kitui,2022,male,70,70-74,5666.9189453125
Kwale,2022,male,70,70-74,3409.411376953125
Laikipia,2022,male,70,70-74,2738.974609375
Lamu,2022,male,70,70-74,726.789794921875
Machakos,2022,male,70,70-74,6563.6611328125
Makueni,2022,male,70,70-74,5435.6728515625
Mandera,2022,male,70,70-74,1713.2872314453125
Marsabit,2022,male,70,70-74,2073.701171875
Meru,2022,male,70,70-74,7907.03515625
Migori,2022,male,70,70-74,3298.80078125
Mombasa,2022,male,70,70-74,2461.503662109375
Murang'a,2022,male,70,70-74,8182.4814453125
Nairobi,2022,male,70,70-74,7146.00390625
Nakuru,2022,male,70,70-74,7870.986328125
Nandi,2022,male,70,70-74,3325.426025390625
Narok,2022,male,70,70-74,3318.127197265625
Nyamira,2022,male,70,70-74,2702.697265625
Nyandarua,2022,male,70,70-74,3061.5927734375
Nyeri,2022,male,70,70-74,5463.3388671875
Samburu,2022,male,70,70-74,1090.821044921875
Siaya,2022,male,70,70-74,5058.255859375
TaitaTaveta,2022,male,70,70-74,1819.927001953125
TanaRiver,2022,male,70,70-74,2014.50390625
Tharaka-Nithi,2022,male,70,70-74,2017.400634765625
TransNzoia,2022,male,70,70-74,3321.960205078125
Turkana,2022,male,70,70-74,2449.04150390625
UasinGishu,2022,male,70,70-74,3462.27001953125
Vihiga,2022,male,70,70-74,3838.29931640625
Wajir,2022,male,70,70-74,1723.49462890625
WestPokot,2022,male,70,70-74,2029.2105712890625
Baringo,2022,male,75,75-79,1359.311767578125
Bomet,2022,male,75,75-79,1673.649658203125
Bungoma,2022,male,75,75-79,3931.01708984375
Busia,2022,male,75,75-79,2061.153564453125
Elgeyo-Marakwet,2022,male,75,75-79,1001.8246459960938
Embu,2022,male,75,75-79,1932.287109375
Garissa,2022,male,75,75-79,1270.77197265625
HomaBay,2022,male,75,75-79,2304.40087890625
Isiolo,2022,male,75,75-79,678.4033203125
Kajiado,2022,male,75,75-79,1606.9232177734375
Kakamega,2022,male,75,75-79,3868.06689453125
Kericho,2022,male,75,75-79,1728.887939453125
Kiambu,2022,male,75,75-79,4491.396484375
Kilifi,2022,male,75,75-79,3236.0986328125
Kirinyaga,2022,male,75,75-79,2726.25927734375
Kisii,2022,male,75,75-79,2756.856689453125
Kisumu,2022,male,75,75-79,2333.88525390625
Kitui,2022,male,75,75-79,3669.475830078125
Kwale,2022,male,75,75-79,2016.2890625
Laikipia,2022,male,75,75-79,1625.070556640625
Lamu,2022,male,75,75-79,388.9064636230469
Machakos,2022,male,75,75-79,3473.40478515625
Makueni,2022,male,75,75-79,3036.824951171875
Mandera,2022,male,75,75-79,872.3140869140625
Marsabit,2022,male,75,75-79,922.959228515625
Meru,2022,male,75,75-79,4357.06591796875
Migori,2022,male,75,75-79,1925.515625
Mombasa,2022,male,75,75-79,1221.5762939453125
Murang'a,2022,male,75,75-79,4650.1279296875
Nairobi,2022,male,75,75-79,3225.51123046875
Nakuru,2022,male,75,75-79,4375.328125
Nandi,2022,male,75,75-79,2291.912841796875
Narok,2022,male,75,75-79,1979.057861328125
Nyamira,2022,male,75,75-79,1490.039794921875
Nyandarua,2022,male,75,75-79,1929.8150634765625
Nyeri,2022,male,75,75-79,3128.432373046875
Samburu,2022,male,75,75-79,639.7316284179688
Siaya,2022,male,75,75-79,2919.09814453125
TaitaTaveta,2022,male,75,75-79,1079.986328125
TanaRiver,2022,male,75,75-79,1093.029052734375
Tharaka-Nithi,2022,male,75,75-79,1197.62890625
TransNzoia,2022,male,75,75-79,1942.90234375
Turkana,2022,male,75,75-79,1353.4305419921875
UasinGishu,2022,male,75,75-79,2198.89453125
Vihiga,2022,male,75,75-79,2309.297607421875
Wajir,2022,male,75,75-79,886.8161010742188
WestPokot,2022,male,75,75-79,1060.0645751953125
Baringo,2022,male,80,80-84,651.6412353515625
Bomet,2022,male,80,80-84,873.6026611328125
Bungoma,2022,male,80,80-84,2058.35009765625
Busia,2022,male,80,80-84,1068.286376953125
Elgeyo-Marakwet,2022,male,80,80-84,496.31500244140625
Embu,2022,male,80,80-84,1168.0743408203125
Garissa,2022,male,80,80-84,709.6698608398438
HomaBay,2022,male,80,80-84,1160.8675537109375
Isiolo,2022,male,80,80-84,340.6300048828125
Kajiado,2022,male,80,80-84,757.12744140625
Kakamega,2022,male,80,80-84,1920.124755859375
Kericho,2022,male,80,80-84,842.4213256835938
Kiambu,2022,male,80,80-84,2081.74462890625
Kilifi,2022,male,80,80-84,1466.7274169921875
Kirinyaga,2022,male,80,80-84,1454.606689453125
Kisii,2022,male,80,80-84,1418.9266357421875
Kisumu,2022,male,80,80-84,1100.06005859375
Kitui,2022,male,80,80-84,2188.15576171875
Kwale,2022,male,80,80-84,957.6097412109375
Laikipia,2022,male,80,80-84,766.1029052734375
Lamu,2022,male,80,80-84,167.78294372558594
Machakos,2022,male,80,80-84,2028.79052734375
Makueni,2022,male,80,80-84,1786.9345703125
Mandera,2022,male,80,80-84,457.83880615234375
Marsabit,2022,male,80,80-84,472.2591247558594
Meru,2022,male,80,80-84,2304.0791015625
Migori,2022,male,80,80-84,988.3515014648438
Mombasa,2022,male,80,80-84,461.484619140625
Murang'a,2022,male,80,80-84,2309.5400390625
Nairobi,2022,male,80,80-84,1255.4508056640625
Nakuru,2022,male,80,80-84,2123.084228515625
Nandi,2022,male,80,80-84,1210.55078125
Narok,2022,male,80,80-84,992.1005249023438
Nyamira,2022,male,80,80-84,746.818115234375
Nyandarua,2022,male,80,80-84,1001.7001953125
Nyeri,2022,male,80,80-84,1542.4110107421875
Samburu,2022,male,80,80-84,303.1180114746094
Siaya,2022,male,80,80-84,1506.64404296875
TaitaTaveta,2022,male,80,80-84,531.0948486328125
TanaRiver,2022,male,80,80-84,539.0315551757812
Tharaka-Nithi,2022,male,80,80-84,649.662353515625
TransNzoia,2022,male,80,80-84,979.4832763671875
Turkana,2022,male,80,80-84,551.9075317382812
UasinGishu,2022,male,80,80-84,1123.05029296875
Vihiga,2022,male,80,80-84,1174.8082275390625
Wajir,2022,male,80,80-84,387.42352294921875
WestPokot,2022,male,80,80-84,448.018798828125
Baringo,2022,male,85,85-89,356.4030456542969
Bomet,2022,male,85,85-89,493.54364013671875
Bungoma,2022,male,85,85-89,1014.925537109375
Busia,2022,male,85,85-89,548.3228759765625
Elgeyo-Marakwet,2022,male,85,85-89,232.14340209960938
Embu,2022,male,85,85-89,660.6455688476562
Garissa,2022,male,85,85-89,911.3170776367188
HomaBay,2022,male,85,85-89,638.994384765625
Isiolo,2022,male,85,85-89,225.13458251953125
Kajiado,2022,male,85,85-89,384.5599060058594
Kakamega,2022,male,85,85-89,939.88037109375
Kericho,2022,male,85,85-89,471.3092346191406
Kiambu,2022,male,85,85-89,1031.6146240234375
Kilifi,2022,male,85,85-89,578.9806518554688
Kirinyaga,2022,male,85,85-89,816.3748168945312
Kisii,2022,male,85,85-89,776.3695068359375
Kisumu,2022,male,85,85-89,561.5946044921875
Kitui,2022,male,85,85-89,1268.392822265625
Kwale,2022,male,85,85-89,418.51519775390625
Laikipia,2022,male,85,85-89,361.1094055175781
Lamu,2022,male,85,85-89,75.89273834228516
Machakos,2022,male,85,85-89,1323.8551025390625
Makueni,2022,male,85,85-89,1142.15869140625
Mandera,2022,male,85,85-89,359.20098876953125
Marsabit,2022,male,85,85-89,426.1965026855469
Meru,2022,male,85,85-89,1286.716796875
Migori,2022,male,85,85-89,527.6563720703125
Mombasa,2022,male,85,85-89,176.0201416015625
Murang'a,2022,male,85,85-89,1162.4322509765625
Nairobi,2022,male,85,85-89,519.9525146484375
Nakuru,2022,male,85,85-89,1034.6669921875
Nandi,2022,male,85,85-89,553.5982666015625
Narok,2022,male,85,85-89,501.0118713378906
Nyamira,2022,male,85,85-89,408.81097412109375
Nyandarua,2022,male,85,85-89,508.8544616699219
Nyeri,2022,male,85,85-89,810.273193359375
Samburu,2022,male,85,85-89,176.66314697265625
Siaya,2022,male,85,85-89,805.0858764648438
TaitaTaveta,2022,male,85,85-89,248.16571044921875
TanaRiver,2022,male,85,85-89,357.55572509765625
Tharaka-Nithi,2022,male,85,85-89,362.8836669921875
TransNzoia,2022,male,85,85-89,490.630615234375
Turkana,2022,male,85,85-89,260.488525390625
UasinGishu,2022,male,85,85-89,519.0826416015625
Vihiga,2022,male,85,85-89,590.506591796875
Wajir,2022,male,85,85-89,249.79376220703125
WestPokot,2022,male,85,85-89,206.97836303710938
Baringo,2022,male,90,90+,234.65782165527344
Bomet,2022,male,90,90+,306.69915771484375
Bungoma,2022,male,90,90+,591.4404296875
Busia,2022,male,90,90+,322.5272216796875
Elgeyo-Marakwet,2022,male,90,90+,134.33697509765625
Embu,2022,male,90,90+,369.01715087890625
Garissa,2022,male,90,90+,790.27197265625
HomaBay,2022,male,90,90+,421.7452697753906
Isiolo,2022,male,90,90+,167.6765594482422
Kajiado,2022,male,90,90+,230.49485778808594
Kakamega,2022,male,90,90+,526.8396606445312
Kericho,2022,male,90,90+,308.13818359375
Kiambu,2022,male,90,90+,600.0408325195312
Kilifi,2022,male,90,90+,287.9026794433594
Kirinyaga,2022,male,90,90+,503.60675048828125
Kisii,2022,male,90,90+,499.3974304199219
Kisumu,2022,male,90,90+,341.2666931152344
Kitui,2022,male,90,90+,835.440673828125
Kwale,2022,male,90,90+,211.03346252441406
Laikipia,2022,male,90,90+,200.01821899414062
Lamu,2022,male,90,90+,43.14147186279297
Machakos,2022,male,90,90+,866.8328247070312
Makueni,2022,male,90,90+,773.5506591796875
Mandera,2022,male,90,90+,310.484375
Marsabit,2022,male,90,90+,393.71722412109375
Meru,2022,male,90,90+,775.7197265625
Migori,2022,male,90,90+,338.05853271484375
Mombasa,2022,male,90,90+,92.29933166503906
Murang'a,2022,male,90,90+,616.9347534179688
Nairobi,2022,male,90,90+,275.75372314453125
Nakuru,2022,male,90,90+,570.17578125
Nandi,2022,male,90,90+,283.88262939453125
Narok,2022,male,90,90+,294.74951171875
Nyamira,2022,male,90,90+,265.16644287109375
Nyandarua,2022,male,90,90+,303.13128662109375
Nyeri,2022,male,90,90+,480.4324951171875
Samburu,2022,male,90,90+,123.86384582519531
Siaya,2022,male,90,90+,479.00640869140625
TaitaTaveta,2022,male,90,90+,137.90750122070312
TanaRiver,2022,male,90,90+,266.10833740234375
Tharaka-Nithi,2022,male,90,90+,228.29673767089844
TransNzoia,2022,male,90,90+,278.34918212890625
Turkana,2022,male,90,90+,177.3380889892578
UasinGishu,2022,male,90,90+,271.2861633300781
Vihiga,2022,male,90,90+,330.99383544921875
Wajir,2022,male,90,90+,224.92816162109375
WestPokot,2022,male,90,90+,124.91893768310547
Baringo,2023,female,00,0-1,10304.892578125
Bomet,2023,female,00,0-1,12531.015625
Bungoma,2023,female,00,0-1,28970.20703125
Busia,2023,female,00,0-1,12975.0009765625
Elgeyo-Marakwet,2023,female,00,0-1,6196.1474609375
Embu,2023,female,00,0-1,7030.50390625
Garissa,2023,female,00,0-1,15688.0390625
HomaBay,2023,female,00,0-1,17045.025390625
Isiolo,2023,female,00,0-1,6299.9111328125
Kajiado,2023,female,00,0-1,21395.0546875
Kakamega,2023,female,00,0-1,21095.15234375
Kericho,2023,female,00,0-1,12215.638671875
Kiambu,2023,female,00,0-1,35375.3203125
Kilifi,2023,female,00,0-1,23853.77734375
Kirinyaga,2023,female,00,0-1,8968.1435546875
Kisii,2023,female,00,0-1,15485.541015625
Kisumu,2023,female,00,0-1,16636.203125
Kitui,2023,female,00,0-1,13756.1171875
Kwale,2023,female,00,0-1,15813.6884765625
Laikipia,2023,female,00,0-1,7699.4765625
Lamu,2023,female,00,0-1,2304.982421875
Machakos,2023,female,00,0-1,18091.23828125
Makueni,2023,female,00,0-1,10491.458984375
Mandera,2023,female,00,0-1,20210.419921875
Marsabit,2023,female,00,0-1,8676.318359375
Meru,2023,female,00,0-1,18733.455078125
Migori,2023,female,00,0-1,19501.376953125
Mombasa,2023,female,00,0-1,17508.71484375
Murang'a,2023,female,00,0-1,11804.65234375
Nairobi,2023,female,00,0-1,67416.5703125
Nakuru,2023,female,00,0-1,32913.7578125
Nandi,2023,female,00,0-1,11943.9931640625
Narok,2023,female,00,0-1,23654.373046875
Nyamira,2023,female,00,0-1,6750.931640625
Nyandarua,2023,female,00,0-1,7378.2490234375
Nyeri,2023,female,00,0-1,7649.29736328125
Samburu,2023,female,00,0-1,6270.6513671875
Siaya,2023,female,00,0-1,14114.0927734375
TaitaTaveta,2023,female,00,0-1,4473.4716796875
TanaRiver,2023,female,00,0-1,11503.896484375
Tharaka-Nithi,2023,female,00,0-1,3718.963623046875
TransNzoia,2023,female,00,0-1,14685.62890625
Turkana,2023,female,00,0-1,15072.408203125
UasinGishu,2023,female,00,0-1,16789.22265625
Vihiga,2023,female,00,0-1,6804.95068359375
Wajir,2023,female,00,0-1,14150.46484375
WestPokot,2023,female,00,0-1,13856.322265625
Baringo,2023,female,01,1-4,39692.8125
Bomet,2023,female,01,1-4,48267.48046875
Bungoma,2023,female,01,1-4,111586.40625
Busia,2023,female,01,1-4,49972.5
Elgeyo-Marakwet,2023,female,01,1-4,23866.578125
Embu,2023,female,01,1-4,27080.38671875
Garissa,2023,female,01,1-4,60427.13671875
HomaBay,2023,female,01,1-4,65654.734375
Isiolo,2023,female,01,1-4,24266.25390625
Kajiado,2023,female,01,1-4,82401.6875
Kakamega,2023,female,01,1-4,81255.1796875
Kericho,2023,female,01,1-4,47052.6953125
Kiambu,2023,female,01,1-4,136260.109375
Kilifi,2023,female,01,1-4,91880.9609375
Kirinyaga,2023,female,01,1-4,34543.8671875
Kisii,2023,female,01,1-4,59647.8515625
Kisumu,2023,female,01,1-4,64080.01171875
Kitui,2023,female,01,1-4,52986.375
Kwale,2023,female,01,1-4,60911.3515625
Laikipia,2023,female,01,1-4,29657.16015625
Lamu,2023,female,01,1-4,8878.42578125
Machakos,2023,female,01,1-4,69684.578125
Makueni,2023,female,01,1-4,40411.43359375
Mandera,2023,female,01,1-4,77831.8125
Marsabit,2023,female,01,1-4,33419.76953125
Meru,2023,female,01,1-4,72158.296875
Migori,2023,female,01,1-4,75107.484375
Mombasa,2023,female,01,1-4,67440.796875
Murang'a,2023,female,01,1-4,45469.6484375
Nairobi,2023,female,01,1-4,259677.96875
Nakuru,2023,female,01,1-4,126778.578125
Nandi,2023,female,01,1-4,46006.37109375
Narok,2023,female,01,1-4,91112.4375
Nyamira,2023,female,01,1-4,26003.51953125
Nyandarua,2023,female,01,1-4,28419.84375
Nyeri,2023,female,01,1-4,29463.87890625
Samburu,2023,female,01,1-4,24153.55078125
Siaya,2023,female,01,1-4,54365.2421875
TaitaTaveta,2023,female,01,1-4,17230.3359375
TanaRiver,2023,female,01,1-4,44311.17578125
Tharaka-Nithi,2023,female,01,1-4,14324.8583984375
TransNzoia,2023,female,01,1-4,56566.37109375
Turkana,2023,female,01,1-4,58056.3515625
UasinGishu,2023,female,01,1-4,64669.421875
Vihiga,2023,female,01,1-4,26211.58984375
Wajir,2023,female,01,1-4,54505.34375
WestPokot,2023,female,01,1-4,53370.3203125
Baringo,2023,female,05,5-9,49591.328125
Bomet,2023,female,05,5-9,63123.59765625
Bungoma,2023,female,05,5-9,152705.890625
Busia,2023,female,05,5-9,67291.890625
Elgeyo-Marakwet,2023,female,05,5-9,29902.31640625
Embu,2023,female,05,5-9,32212.0546875
Garissa,2023,female,05,5-9,82288.6015625
HomaBay,2023,female,05,5-9,84465.765625
Isiolo,2023,female,05,5-9,29093.28515625
Kajiado,2023,female,05,5-9,91182.9609375
Kakamega,2023,female,05,5-9,114918.8359375
Kericho,2023,female,05,5-9,60497.51171875
Kiambu,2023,female,05,5-9,141140.4375
Kilifi,2023,female,05,5-9,112147.1953125
Kirinyaga,2023,female,05,5-9,40681.71875
Kisii,2023,female,05,5-9,84859.0
Kisumu,2023,female,05,5-9,79803.515625
Kitui,2023,female,05,5-9,72089.7421875
Kwale,2023,female,05,5-9,72868.03125
Laikipia,2023,female,05,5-9,34712.953125
Lamu,2023,female,05,5-9,10689.544921875
Machakos,2023,female,05,5-9,82583.90625
Makueni,2023,female,05,5-9,55292.3359375
Mandera,2023,female,05,5-9,92821.9296875
Marsabit,2023,female,05,5-9,43615.4140625
Meru,2023,female,05,5-9,88168.7109375
Migori,2023,female,05,5-9,94926.3046875
Mombasa,2023,female,05,5-9,71753.015625
Murang'a,2023,female,05,5-9,55964.9453125
Nairobi,2023,female,05,5-9,258034.96875
Nakuru,2023,female,05,5-9,147851.0625
Nandi,2023,female,05,5-9,59876.78125
Narok,2023,female,05,5-9,114658.5078125
Nyamira,2023,female,05,5-9,37459.1796875
Nyandarua,2023,female,05,5-9,36003.47265625
Nyeri,2023,female,05,5-9,36097.07421875
Samburu,2023,female,05,5-9,29898.966796875
Siaya,2023,female,05,5-9,73706.796875
TaitaTaveta,2023,female,05,5-9,19833.447265625
TanaRiver,2023,female,05,5-9,53665.91796875
Tharaka-Nithi,2023,female,05,5-9,18282.638671875
TransNzoia,2023,female,05,5-9,74635.6171875
Turkana,2023,female,05,5-9,75272.4375
UasinGishu,2023,female,05,5-9,77005.484375
Vihiga,2023,female,05,5-9,37619.5859375
Wajir,2023,female,05,5-9,71109.125
WestPokot,2023,female,05,5-9,61057.8046875
Baringo,2023,female,10,10-14,50207.7421875
Bomet,2023,female,10,10-14,68913.640625
Bungoma,2023,female,10,10-14,163253.4375
Busia,2023,female,10,10-14,73477.8125
Elgeyo-Marakwet,2023,female,10,10-14,30670.025390625
Embu,2023,female,10,10-14,35887.69140625
Garissa,2023,female,10,10-14,74260.109375
HomaBay,2023,female,10,10-14,91157.859375
Isiolo,2023,female,10,10-14,26671.8515625
Kajiado,2023,female,10,10-14,82476.6015625
Kakamega,2023,female,10,10-14,125701.5
Kericho,2023,female,10,10-14,65557.0859375
Kiambu,2023,female,10,10-14,132666.96875
Kilifi,2023,female,10,10-14,113269.0703125
Kirinyaga,2023,female,10,10-14,43873.921875
Kisii,2023,female,10,10-14,96537.59375
Kisumu,2023,female,10,10-14,89268.90625
Kitui,2023,female,10,10-14,86832.953125
Kwale,2023,female,10,10-14,69789.5390625
Laikipia,2023,female,10,10-14,34942.64453125
Lamu,2023,female,10,10-14,10425.14453125
Machakos,2023,female,10,10-14,89829.8203125
Makueni,2023,female,10,10-14,68173.859375
Mandera,2023,female,10,10-14,76275.6015625
Marsabit,2023,female,10,10-14,39848.7109375
Meru,2023,female,10,10-14,98469.421875
Migori,2023,female,10,10-14,99254.7734375
Mombasa,2023,female,10,10-14,63896.6171875
Murang'a,2023,female,10,10-14,57433.7265625
Nairobi,2023,female,10,10-14,229372.90625
Nakuru,2023,female,10,10-14,152651.625
Nandi,2023,female,10,10-14,65095.16796875
Narok,2023,female,10,10-14,103852.203125
Nyamira,2023,female,10,10-14,44297.37109375
Nyandarua,2023,female,10,10-14,39461.80078125
Nyeri,2023,female,10,10-14,36720.8828125
Samburu,2023,female,10,10-14,26678.75390625
Siaya,2023,female,10,10-14,80457.1328125
TaitaTaveta,2023,female,10,10-14,20992.33203125
TanaRiver,2023,female,10,10-14,47945.1171875
Tharaka-Nithi,2023,female,10,10-14,20351.3671875
TransNzoia,2023,female,10,10-14,77968.6171875
Turkana,2023,female,10,10-14,71351.0078125
UasinGishu,2023,female,10,10-14,81605.5
Vihiga,2023,female,10,10-14,42432.01171875
Wajir,2023,female,10,10-14,63049.453125
WestPokot,2023,female,10,10-14,54159.3046875
Baringo,2023,female,15,15-19,43343.421875
Bomet,2023,female,15,15-19,62870.8046875
Bungoma,2023,female,15,15-19,143716.328125
Busia,2023,female,15,15-19,67568.15625
Elgeyo-Marakwet,2023,female,15,15-19,28031.130859375
Embu,2023,female,15,15-19,36372.09375
Garissa,2023,female,15,15-19,62969.68359375
HomaBay,2023,female,15,15-19,75907.1015625
Isiolo,2023,female,15,15-19,22374.24609375
Kajiado,2023,female,15,15-19,72626.546875
Kakamega,2023,female,15,15-19,111584.15625
Kericho,2023,female,15,15-19,60393.90625
Kiambu,2023,female,15,15-19,142631.65625
Kilifi,2023,female,15,15-19,103436.140625
Kirinyaga,2023,female,15,15-19,45283.10546875
Kisii,2023,female,15,15-19,82588.625
Kisumu,2023,female,15,15-19,82136.296875
Kitui,2023,female,15,15-19,81922.7265625
Kwale,2023,female,15,15-19,59271.703125
Laikipia,2023,female,15,15-19,32504.197265625
Lamu,2023,female,15,15-19,9211.130859375
Machakos,2023,female,15,15-19,87423.6640625
Makueni,2023,female,15,15-19,65665.53125
Mandera,2023,female,15,15-19,58948.0
Marsabit,2023,female,15,15-19,32701.12890625
Meru,2023,female,15,15-19,93607.9375
Migori,2023,female,15,15-19,82586.328125
Mombasa,2023,female,15,15-19,64861.8828125
Murang'a,2023,female,15,15-19,54925.6484375
Nairobi,2023,female,15,15-19,252682.8125
Nakuru,2023,female,15,15-19,143952.09375
Nandi,2023,female,15,15-19,61648.7421875
Narok,2023,female,15,15-19,78556.1875
Nyamira,2023,female,15,15-19,36999.28515625
Nyandarua,2023,female,15,15-19,38883.328125
Nyeri,2023,female,15,15-19,37959.30078125
Samburu,2023,female,15,15-19,20731.09375
Siaya,2023,female,15,15-19,68682.953125
TaitaTaveta,2023,female,15,15-19,19839.2109375
TanaRiver,2023,female,15,15-19,37723.859375
Tharaka-Nithi,2023,female,15,15-19,19802.2890625
TransNzoia,2023,female,15,15-19,70487.1171875
Turkana,2023,female,15,15-19,61531.2109375
UasinGishu,2023,female,15,15-19,81278.84375
Vihiga,2023,female,15,15-19,38558.32421875
Wajir,2023,female,15,15-19,49361.96875
WestPokot,2023,female,15,15-19,42640.19921875
Baringo,2023,female,20,20-24,33349.1640625
Bomet,2023,female,20,20-24,47454.31640625
Bungoma,2023,female,20,20-24,94448.3203125
Busia,2023,female,20,20-24,45241.09375
Elgeyo-Marakwet,2023,female,20,20-24,21193.482421875
Embu,2023,female,20,20-24,29145.9921875
Garissa,2023,female,20,20-24,47901.765625
HomaBay,2023,female,20,20-24,55716.1796875
Isiolo,2023,female,20,20-24,18100.658203125
Kajiado,2023,female,20,20-24,87372.25
Kakamega,2023,female,20,20-24,71381.9375
Kericho,2023,female,20,20-24,48254.2265625
Kiambu,2023,female,20,20-24,183045.96875
Kilifi,2023,female,20,20-24,82863.703125
Kirinyaga,2023,female,20,20-24,35538.92578125
Kisii,2023,female,20,20-24,59505.9296875
Kisumu,2023,female,20,20-24,69850.265625
Kitui,2023,female,20,20-24,48641.18359375
Kwale,2023,female,20,20-24,46005.94921875
Laikipia,2023,female,20,20-24,25390.59375
Lamu,2023,female,20,20-24,7315.27001953125
Machakos,2023,female,20,20-24,82021.59375
Makueni,2023,female,20,20-24,40966.89453125
Mandera,2023,female,20,20-24,41436.4609375
Marsabit,2023,female,20,20-24,25227.1171875
Meru,2023,female,20,20-24,71583.3671875
Migori,2023,female,20,20-24,64128.21875
Mombasa,2023,female,20,20-24,87285.1875
Murang'a,2023,female,20,20-24,38778.84375
Nairobi,2023,female,20,20-24,385057.90625
Nakuru,2023,female,20,20-24,127486.71875
Nandi,2023,female,20,20-24,45338.25
Narok,2023,female,20,20-24,65669.9921875
Nyamira,2023,female,20,20-24,24673.22265625
Nyandarua,2023,female,20,20-24,25073.36328125
Nyeri,2023,female,20,20-24,30186.11328125
Samburu,2023,female,20,20-24,17875.30859375
Siaya,2023,female,20,20-24,48450.28125
TaitaTaveta,2023,female,20,20-24,16098.873046875
TanaRiver,2023,female,20,20-24,31514.744140625
Tharaka-Nithi,2023,female,20,20-24,14290.46875
TransNzoia,2023,female,20,20-24,48787.36328125
Turkana,2023,female,20,20-24,48536.796875
UasinGishu,2023,female,20,20-24,76117.2890625
Vihiga,2023,female,20,20-24,22484.37890625
Wajir,2023,female,20,20-24,35516.38671875
WestPokot,2023,female,20,20-24,34082.4296875
Baringo,2023,female,25,25-29,25337.296875
Bomet,2023,female,25,25-29,38084.57421875
Bungoma,2023,female,25,25-29,73317.234375
Busia,2023,female,25,25-29,35261.75
Elgeyo-Marakwet,2023,female,25,25-29,16191.408203125
Embu,2023,female,25,25-29,23895.828125
Garissa,2023,female,25,25-29,40273.359375
HomaBay,2023,female,25,25-29,44234.328125
Isiolo,2023,female,25,25-29,14511.1435546875
Kajiado,2023,female,25,25-29,79117.4375
Kakamega,2023,female,25,25-29,56724.35546875
Kericho,2023,female,25,25-29,40309.3515625
Kiambu,2023,female,25,25-29,160769.53125
Kilifi,2023,female,25,25-29,68457.1171875
Kirinyaga,2023,female,25,25-29,31142.203125
Kisii,2023,female,25,25-29,52913.7421875
Kisumu,2023,female,25,25-29,57808.81640625
Kitui,2023,female,25,25-29,37432.66796875
Kwale,2023,female,25,25-29,39549.671875
Laikipia,2023,female,25,25-29,20976.505859375
Lamu,2023,female,25,25-29,6012.154296875
Machakos,2023,female,25,25-29,72025.8671875
Makueni,2023,female,25,25-29,34170.4765625
Mandera,2023,female,25,25-29,31356.0234375
Marsabit,2023,female,25,25-29,19647.46484375
Meru,2023,female,25,25-29,58788.64453125
Migori,2023,female,25,25-29,49541.9296875
Mombasa,2023,female,25,25-29,82299.5078125
Murang'a,2023,female,25,25-29,33414.84375
Nairobi,2023,female,25,25-29,364044.3125
Nakuru,2023,female,25,25-29,107828.015625
Nandi,2023,female,25,25-29,36904.75
Narok,2023,female,25,25-29,53128.859375
Nyamira,2023,female,25,25-29,23698.12890625
Nyandarua,2023,female,25,25-29,20263.126953125
Nyeri,2023,female,25,25-29,25235.19921875
Samburu,2023,female,25,25-29,13440.8515625
Siaya,2023,female,25,25-29,39819.859375
TaitaTaveta,2023,female,25,25-29,13853.11328125
TanaRiver,2023,female,25,25-29,25681.7109375
Tharaka-Nithi,2023,female,25,25-29,11779.2705078125
TransNzoia,2023,female,25,25-29,38814.8515625
Turkana,2023,female,25,25-29,40126.93359375
UasinGishu,2023,female,25,25-29,60763.53125
Vihiga,2023,female,25,25-29,17508.76953125
Wajir,2023,female,25,25-29,31381.943359375
WestPokot,2023,female,25,25-29,25708.55078125
Baringo,2023,female,30,30-34,20326.51171875
Bomet,2023,female,30,30-34,35204.7578125
Bungoma,2023,female,30,30-34,67713.9296875
Busia,2023,female,30,30-34,31757.0703125
Elgeyo-Marakwet,2023,female,30,30-34,13772.494140625
Embu,2023,female,30,30-34,24470.58984375
Garissa,2023,female,30,30-34,29505.060546875
HomaBay,2023,female,30,30-34,42090.80859375
Isiolo,2023,female,30,30-34,12435.072265625
Kajiado,2023,female,30,30-34,63555.4609375
Kakamega,2023,female,30,30-34,55517.1015625
Kericho,2023,female,30,30-34,36908.48828125
Kiambu,2023,female,30,30-34,136075.0
Kilifi,2023,female,30,30-34,58441.03515625
Kirinyaga,2023,female,30,30-34,36021.4375
Kisii,2023,female,30,30-34,52777.03125
Kisumu,2023,female,30,30-34,50336.0546875
Kitui,2023,female,30,30-34,37964.14453125
Kwale,2023,female,30,30-34,33695.5
Laikipia,2023,female,30,30-34,20331.71875
Lamu,2023,female,30,30-34,5502.6103515625
Machakos,2023,female,30,30-34,65921.59375
Makueni,2023,female,30,30-34,34274.6171875
Mandera,2023,female,30,30-34,23872.9765625
Marsabit,2023,female,30,30-34,15276.712890625
Meru,2023,female,30,30-34,60025.375
Migori,2023,female,30,30-34,42925.921875
Mombasa,2023,female,30,30-34,65697.640625
Murang'a,2023,female,30,30-34,35307.6796875
Nairobi,2023,female,30,30-34,284288.0625
Nakuru,2023,female,30,30-34,97744.0703125
Nandi,2023,female,30,30-34,35155.3046875
Narok,2023,female,30,30-34,44160.80078125
Nyamira,2023,female,30,30-34,25063.548828125
Nyandarua,2023,female,30,30-34,21542.962890625
Nyeri,2023,female,30,30-34,27050.74609375
Samburu,2023,female,30,30-34,10450.037109375
Siaya,2023,female,30,30-34,37542.375
TaitaTaveta,2023,female,30,30-34,12511.875
TanaRiver,2023,female,30,30-34,19435.576171875
Tharaka-Nithi,2023,female,30,30-34,11954.71875
TransNzoia,2023,female,30,30-34,35114.5390625
Turkana,2023,female,30,30-34,30527.212890625
UasinGishu,2023,female,30,30-34,51690.87890625
Vihiga,2023,female,30,30-34,17376.73046875
Wajir,2023,female,30,30-34,24784.37890625
WestPokot,2023,female,30,30-34,20567.2265625
Baringo,2023,female,35,35-39,16641.755859375
Bomet,2023,female,35,35-39,21664.59765625
Bungoma,2023,female,35,35-39,52454.4765625
Busia,2023,female,35,35-39,24675.58203125
Elgeyo-Marakwet,2023,female,35,35-39,10954.9677734375
Embu,2023,female,35,35-39,25685.1171875
Garissa,2023,female,35,35-39,28235.5546875
HomaBay,2023,female,35,35-39,29224.08203125
Isiolo,2023,female,35,35-39,9843.05859375
Kajiado,2023,female,35,35-39,50824.81640625
Kakamega,2023,female,35,35-39,43211.9296875
Kericho,2023,female,35,35-39,24484.69921875
Kiambu,2023,female,35,35-39,125617.40625
Kilifi,2023,female,35,35-39,41993.375
Kirinyaga,2023,female,35,35-39,41859.65625
Kisii,2023,female,35,35-39,35858.8984375
Kisumu,2023,female,35,35-39,37207.1328125
Kitui,2023,female,35,35-39,36434.1015625
Kwale,2023,female,35,35-39,27130.337890625
Laikipia,2023,female,35,35-39,18869.521484375
Lamu,2023,female,35,35-39,4815.7314453125
Machakos,2023,female,35,35-39,63242.73828125
Makueni,2023,female,35,35-39,33838.87890625
Mandera,2023,female,35,35-39,19218.755859375
Marsabit,2023,female,35,35-39,11237.708984375
Meru,2023,female,35,35-39,60753.83984375
Migori,2023,female,35,35-39,29805.453125
Mombasa,2023,female,35,35-39,54217.8203125
Murang'a,2023,female,35,35-39,40205.8125
Nairobi,2023,female,35,35-39,228288.296875
Nakuru,2023,female,35,35-39,84618.8984375
Nandi,2023,female,35,35-39,26327.703125
Narok,2023,female,35,35-39,32135.73046875
Nyamira,2023,female,35,35-39,17488.80859375
Nyandarua,2023,female,35,35-39,23531.34765625
Nyeri,2023,female,35,35-39,30933.423828125
Samburu,2023,female,35,35-39,7437.88134765625
Siaya,2023,female,35,35-39,29866.896484375
TaitaTaveta,2023,female,35,35-39,12510.3828125
TanaRiver,2023,female,35,35-39,16731.12109375
Tharaka-Nithi,2023,female,35,35-39,12048.7412109375
TransNzoia,2023,female,35,35-39,28760.21484375
Turkana,2023,female,35,35-39,25781.53125
UasinGishu,2023,female,35,35-39,42598.40234375
Vihiga,2023,female,35,35-39,16338.671875
Wajir,2023,female,35,35-39,20777.6875
WestPokot,2023,female,35,35-39,14977.4140625
Baringo,2023,female,40,40-44,13703.51953125
Bomet,2023,female,40,40-44,20821.05078125
Bungoma,2023,female,40,40-44,48829.27734375
Busia,2023,female,40,40-44,21980.1875
Elgeyo-Marakwet,2023,female,40,40-44,9368.2265625
Embu,2023,female,40,40-44,21056.2734375
Garissa,2023,female,40,40-44,21693.28515625
HomaBay,2023,female,40,40-44,25421.75
Isiolo,2023,female,40,40-44,6901.61181640625
Kajiado,2023,female,40,40-44,36242.6328125
Kakamega,2023,female,40,40-44,39838.37109375
Kericho,2023,female,40,40-44,22011.94921875
Kiambu,2023,female,40,40-44,91331.234375
Kilifi,2023,female,40,40-44,41737.86328125
Kirinyaga,2023,female,40,40-44,34703.40625
Kisii,2023,female,40,40-44,30108.13671875
Kisumu,2023,female,40,40-44,28732.6328125
Kitui,2023,female,40,40-44,31395.5703125
Kwale,2023,female,40,40-44,24574.48828125
Laikipia,2023,female,40,40-44,15741.474609375
Lamu,2023,female,40,40-44,4107.5166015625
Machakos,2023,female,40,40-44,50130.42578125
Makueni,2023,female,40,40-44,28696.626953125
Mandera,2023,female,40,40-44,15009.8330078125
Marsabit,2023,female,40,40-44,9094.671875
Meru,2023,female,40,40-44,46857.53125
Migori,2023,female,40,40-44,25235.876953125
Mombasa,2023,female,40,40-44,38998.62890625
Murang'a,2023,female,40,40-44,34545.62890625
Nairobi,2023,female,40,40-44,150624.25
Nakuru,2023,female,40,40-44,65165.625
Nandi,2023,female,40,40-44,23207.2578125
Narok,2023,female,40,40-44,27360.189453125
Nyamira,2023,female,40,40-44,15698.154296875
Nyandarua,2023,female,40,40-44,19983.00390625
Nyeri,2023,female,40,40-44,26374.126953125
Samburu,2023,female,40,40-44,6022.8876953125
Siaya,2023,female,40,40-44,25009.09375
TaitaTaveta,2023,female,40,40-44,10253.36328125
TanaRiver,2023,female,40,40-44,12833.9970703125
Tharaka-Nithi,2023,female,40,40-44,9793.46875
TransNzoia,2023,female,40,40-44,25965.3046875
Turkana,2023,female,40,40-44,19463.9921875
UasinGishu,2023,female,40,40-44,33555.91796875
Vihiga,2023,female,40,40-44,14690.677734375
Wajir,2023,female,40,40-44,15510.279296875
WestPokot,2023,female,40,40-44,12688.478515625
Baringo,2023,female,45,45-49,12509.3671875
Bomet,2023,female,45,45-49,19407.0390625
Bungoma,2023,female,45,45-49,39325.4609375
Busia,2023,female,45,45-49,17391.978515625
Elgeyo-Marakwet,2023,female,45,45-49,8646.9296875
Embu,2023,female,45,45-49,18464.330078125
Garissa,2023,female,45,45-49,12117.7783203125
HomaBay,2023,female,45,45-49,20523.587890625
Isiolo,2023,female,45,45-49,5306.8994140625
Kajiado,2023,female,45,45-49,27340.82421875
Kakamega,2023,female,45,45-49,32133.880859375
Kericho,2023,female,45,45-49,19642.11328125
Kiambu,2023,female,45,45-49,71468.8203125
Kilifi,2023,female,45,45-49,28683.046875
Kirinyaga,2023,female,45,45-49,29755.091796875
Kisii,2023,female,45,45-49,29933.783203125
Kisumu,2023,female,45,45-49,20603.208984375
Kitui,2023,female,45,45-49,29795.572265625
Kwale,2023,female,45,45-49,17747.39453125
Laikipia,2023,female,45,45-49,13519.681640625
Lamu,2023,female,45,45-49,3415.02294921875
Machakos,2023,female,45,45-49,38926.91015625
Makueni,2023,female,45,45-49,28104.474609375
Mandera,2023,female,45,45-49,8089.80322265625
Marsabit,2023,female,45,45-49,7209.52734375
Meru,2023,female,45,45-49,40802.42578125
Migori,2023,female,45,45-49,21138.0703125
Mombasa,2023,female,45,45-49,27085.1328125
Murang'a,2023,female,45,45-49,32141.13671875
Nairobi,2023,female,45,45-49,100706.84375
Nakuru,2023,female,45,45-49,54652.5078125
Nandi,2023,female,45,45-49,20383.71875
Narok,2023,female,45,45-49,22827.662109375
Nyamira,2023,female,45,45-49,14260.525390625
Nyandarua,2023,female,45,45-49,18746.666015625
Nyeri,2023,female,45,45-49,24246.900390625
Samburu,2023,female,45,45-49,5571.18896484375
Siaya,2023,female,45,45-49,20194.177734375
TaitaTaveta,2023,female,45,45-49,9274.265625
TanaRiver,2023,female,45,45-49,10342.2421875
Tharaka-Nithi,2023,female,45,45-49,9575.845703125
TransNzoia,2023,female,45,45-49,20327.6640625
Turkana,2023,female,45,45-49,14407.958984375
UasinGishu,2023,female,45,45-49,27519.8984375
Vihiga,2023,female,45,45-49,12637.458984375
Wajir,2023,female,45,45-49,7883.35400390625
WestPokot,2023,female,45,45-49,11233.830078125
Baringo,2023,female,50,50-54,10430.26171875
Bomet,2023,female,50,50-54,12534.08984375
Bungoma,2023,female,50,50-54,35323.04296875
Busia,2023,female,50,50-54,17702.958984375
Elgeyo-Marakwet,2023,female,50,50-54,6286.5712890625
Embu,2023,female,50,50-54,16890.76953125
Garissa,2023,female,50,50-54,11795.6123046875
HomaBay,2023,female,50,50-54,16989.380859375
Isiolo,2023,female,50,50-54,4413.96923828125
Kajiado,2023,female,50,50-54,21030.693359375
Kakamega,2023,female,50,50-54,31054.8671875
Kericho,2023,female,50,50-54,13589.177734375
Kiambu,2023,female,50,50-54,57316.84765625
Kilifi,2023,female,50,50-54,25004.32421875
Kirinyaga,2023,female,50,50-54,27338.818359375
Kisii,2023,female,50,50-54,18490.6328125
Kisumu,2023,female,50,50-54,19600.140625
Kitui,2023,female,50,50-54,23138.958984375
Kwale,2023,female,50,50-54,12318.48046875
Laikipia,2023,female,50,50-54,12294.6572265625
Lamu,2023,female,50,50-54,2699.480224609375
Machakos,2023,female,50,50-54,31813.35546875
Makueni,2023,female,50,50-54,21006.09375
Mandera,2023,female,50,50-54,7048.0283203125
Marsabit,2023,female,50,50-54,6767.70947265625
Meru,2023,female,50,50-54,29796.3359375
Migori,2023,female,50,50-54,16680.26953125
Mombasa,2023,female,50,50-54,18579.24609375
Murang'a,2023,female,50,50-54,29362.12109375
Nairobi,2023,female,50,50-54,70562.3984375
Nakuru,2023,female,50,50-54,43568.09765625
Nandi,2023,female,50,50-54,15881.7919921875
Narok,2023,female,50,50-54,17003.193359375
Nyamira,2023,female,50,50-54,9449.9423828125
Nyandarua,2023,female,50,50-54,17075.248046875
Nyeri,2023,female,50,50-54,24206.265625
Samburu,2023,female,50,50-54,4061.2451171875
Siaya,2023,female,50,50-54,20683.5078125
TaitaTaveta,2023,female,50,50-54,7790.35546875
TanaRiver,2023,female,50,50-54,8598.6376953125
Tharaka-Nithi,2023,female,50,50-54,7010.56884765625
TransNzoia,2023,female,50,50-54,17592.619140625
Turkana,2023,female,50,50-54,11255.1435546875
UasinGishu,2023,female,50,50-54,19942.32421875
Vihiga,2023,female,50,50-54,12858.3896484375
Wajir,2023,female,50,50-54,6828.1318359375
WestPokot,2023,female,50,50-54,8490.6357421875
Baringo,2023,female,55,55-59,7658.06298828125
Bomet,2023,female,55,55-59,11501.6953125
Bungoma,2023,female,55,55-59,30324.740234375
Busia,2023,female,55,55-59,14889.033203125
Elgeyo-Marakwet,2023,female,55,55-59,5533.49609375
Embu,2023,female,55,55-59,13821.16796875
Garissa,2023,female,55,55-59,4726.09912109375
HomaBay,2023,female,55,55-59,16341.5390625
Isiolo,2023,female,55,55-59,3780.9267578125
Kajiado,2023,female,55,55-59,13416.2802734375
Kakamega,2023,female,55,55-59,25911.94140625
Kericho,2023,female,55,55-59,12417.865234375
Kiambu,2023,female,55,55-59,38286.18359375
Kilifi,2023,female,55,55-59,19604.19921875
Kirinyaga,2023,female,55,55-59,21202.533203125
Kisii,2023,female,55,55-59,22847.11328125
Kisumu,2023,female,55,55-59,17216.328125
Kitui,2023,female,55,55-59,18141.49609375
Kwale,2023,female,55,55-59,10448.26171875
Laikipia,2023,female,55,55-59,9388.7685546875
Lamu,2023,female,55,55-59,2296.283203125
Machakos,2023,female,55,55-59,25721.890625
Makueni,2023,female,55,55-59,17654.4921875
Mandera,2023,female,55,55-59,3948.4970703125
Marsabit,2023,female,55,55-59,4537.8916015625
Meru,2023,female,55,55-59,26804.1640625
Migori,2023,female,55,55-59,14472.630859375
Mombasa,2023,female,55,55-59,12588.861328125
Murang'a,2023,female,55,55-59,24581.97265625
Nairobi,2023,female,55,55-59,42337.2109375
Nakuru,2023,female,55,55-59,31911.421875
Nandi,2023,female,55,55-59,13039.466796875
Narok,2023,female,55,55-59,12968.8388671875
Nyamira,2023,female,55,55-59,10936.712890625
Nyandarua,2023,female,55,55-59,12607.6943359375
Nyeri,2023,female,55,55-59,18001.685546875
Samburu,2023,female,55,55-59,2758.61474609375
Siaya,2023,female,55,55-59,18458.8203125
TaitaTaveta,2023,female,55,55-59,6689.8876953125
TanaRiver,2023,female,55,55-59,6026.94970703125
Tharaka-Nithi,2023,female,55,55-59,6501.126953125
TransNzoia,2023,female,55,55-59,14421.0302734375
Turkana,2023,female,55,55-59,7703.1015625
UasinGishu,2023,female,55,55-59,15580.708984375
Vihiga,2023,female,55,55-59,11551.3642578125
Wajir,2023,female,55,55-59,3788.367431640625
WestPokot,2023,female,55,55-59,5836.0576171875
Baringo,2023,female,60,60-64,5969.98193359375
Bomet,2023,female,60,60-64,8046.111328125
Bungoma,2023,female,60,60-64,21767.6328125
Busia,2023,female,60,60-64,11093.609375
Elgeyo-Marakwet,2023,female,60,60-64,4097.5166015625
Embu,2023,female,60,60-64,8897.251953125
Garissa,2023,female,60,60-64,6009.86279296875
HomaBay,2023,female,60,60-64,13411.5517578125
Isiolo,2023,female,60,60-64,2937.79150390625
Kajiado,2023,female,60,60-64,9038.181640625
Kakamega,2023,female,60,60-64,20365.42578125
Kericho,2023,female,60,60-64,8807.041015625
Kiambu,2023,female,60,60-64,22796.2890625
Kilifi,2023,female,60,60-64,20491.62890625
Kirinyaga,2023,female,60,60-64,12788.73046875
Kisii,2023,female,60,60-64,17339.677734375
Kisumu,2023,female,60,60-64,13841.3466796875
Kitui,2023,female,60,60-64,14431.103515625
Kwale,2023,female,60,60-64,11044.927734375
Laikipia,2023,female,60,60-64,6303.8408203125
Lamu,2023,female,60,60-64,1729.22412109375
Machakos,2023,female,60,60-64,20232.865234375
Makueni,2023,female,60,60-64,15175.8134765625
Mandera,2023,female,60,60-64,3599.225830078125
Marsabit,2023,female,60,60-64,3858.74169921875
Meru,2023,female,60,60-64,19859.875
Migori,2023,female,60,60-64,11228.11328125
Mombasa,2023,female,60,60-64,8374.2880859375
Murang'a,2023,female,60,60-64,16605.48046875
Nairobi,2023,female,60,60-64,23434.615234375
Nakuru,2023,female,60,60-64,20246.078125
Nandi,2023,female,60,60-64,8952.9228515625
Narok,2023,female,60,60-64,9384.2646484375
Nyamira,2023,female,60,60-64,8224.1826171875
Nyandarua,2023,female,60,60-64,7467.39111328125
Nyeri,2023,female,60,60-64,11432.8271484375
Samburu,2023,female,60,60-64,2891.8037109375
Siaya,2023,female,60,60-64,15998.7724609375
TaitaTaveta,2023,female,60,60-64,5053.0595703125
TanaRiver,2023,female,60,60-64,5556.7529296875
Tharaka-Nithi,2023,female,60,60-64,4861.17333984375
TransNzoia,2023,female,60,60-64,10022.7080078125
Turkana,2023,female,60,60-64,7010.5869140625
UasinGishu,2023,female,60,60-64,10039.3017578125
Vihiga,2023,female,60,60-64,9857.998046875
Wajir,2023,female,60,60-64,3133.649658203125
WestPokot,2023,female,60,60-64,5407.330078125
Baringo,2023,female,65,65-69,4328.7998046875
Bomet,2023,female,65,65-69,5488.8564453125
Bungoma,2023,female,65,65-69,14028.9248046875
Busia,2023,female,65,65-69,7391.14013671875
Elgeyo-Marakwet,2023,female,65,65-69,2933.13623046875
Embu,2023,female,65,65-69,6893.328125
Garissa,2023,female,65,65-69,2063.14501953125
HomaBay,2023,female,65,65-69,9618.77734375
Isiolo,2023,female,65,65-69,1624.3551025390625
Kajiado,2023,female,65,65-69,5150.23486328125
Kakamega,2023,female,65,65-69,13664.8154296875
Kericho,2023,female,65,65-69,5686.9443359375
Kiambu,2023,female,65,65-69,15666.2314453125
Kilifi,2023,female,65,65-69,11795.103515625
Kirinyaga,2023,female,65,65-69,9845.18359375
Kisii,2023,female,65,65-69,10898.7265625
Kisumu,2023,female,65,65-69,9491.2958984375
Kitui,2023,female,65,65-69,11734.314453125
Kwale,2023,female,65,65-69,6981.7265625
Laikipia,2023,female,65,65-69,4573.25
Lamu,2023,female,65,65-69,1136.213134765625
Machakos,2023,female,65,65-69,14521.9580078125
Makueni,2023,female,65,65-69,11973.1982421875
Mandera,2023,female,65,65-69,1580.6422119140625
Marsabit,2023,female,65,65-69,2191.77685546875
Meru,2023,female,65,65-69,14594.9375
Migori,2023,female,65,65-69,7733.1943359375
Mombasa,2023,female,65,65-69,4938.671875
Murang'a,2023,female,65,65-69,13685.888671875
Nairobi,2023,female,65,65-69,13062.6767578125
Nakuru,2023,female,65,65-69,13817.287109375
Nandi,2023,female,65,65-69,6396.54833984375
Narok,2023,female,65,65-69,5394.294921875
Nyamira,2023,female,65,65-69,5155.94970703125
Nyandarua,2023,female,65,65-69,5374.056640625
Nyeri,2023,female,65,65-69,8531.05078125
Samburu,2023,female,65,65-69,1676.778076171875
Siaya,2023,female,65,65-69,12159.818359375
TaitaTaveta,2023,female,65,65-69,3546.4716796875
TanaRiver,2023,female,65,65-69,3106.573974609375
Tharaka-Nithi,2023,female,65,65-69,3758.870849609375
TransNzoia,2023,female,65,65-69,6384.5341796875
Turkana,2023,female,65,65-69,4599.3212890625
UasinGishu,2023,female,65,65-69,6681.2880859375
Vihiga,2023,female,65,65-69,7256.64697265625
Wajir,2023,female,65,65-69,1423.5059814453125
WestPokot,2023,female,65,65-69,4097.8359375
Baringo,2023,female,70,70-74,2894.52783203125
Bomet,2023,female,70,70-74,3513.560791015625
Bungoma,2023,female,70,70-74,8124.1552734375
Busia,2023,female,70,70-74,4638.6240234375
Elgeyo-Marakwet,2023,female,70,70-74,2011.5736083984375
Embu,2023,female,70,70-74,4517.2646484375
Garissa,2023,female,70,70-74,2587.548828125
HomaBay,2023,female,70,70-74,6221.705078125
Isiolo,2023,female,70,70-74,1237.9952392578125
Kajiado,2023,female,70,70-74,3250.5302734375
Kakamega,2023,female,70,70-74,7990.5537109375
Kericho,2023,female,70,70-74,3390.924560546875
Kiambu,2023,female,70,70-74,10065.640625
Kilifi,2023,female,70,70-74,7181.47412109375
Kirinyaga,2023,female,70,70-74,6794.9208984375
Kisii,2023,female,70,70-74,6283.685546875
Kisumu,2023,female,70,70-74,5701.021484375
Kitui,2023,female,70,70-74,8781.5625
Kwale,2023,female,70,70-74,4362.5419921875
Laikipia,2023,female,70,70-74,3070.599365234375
Lamu,2023,female,70,70-74,691.3519287109375
Machakos,2023,female,70,70-74,8381.6396484375
Makueni,2023,female,70,70-74,7211.5224609375
Mandera,2023,female,70,70-74,1431.679443359375
Marsabit,2023,female,70,70-74,1921.493408203125
Meru,2023,female,70,70-74,10222.02734375
Migori,2023,female,70,70-74,4681.55078125
Mombasa,2023,female,70,70-74,2657.544677734375
Murang'a,2023,female,70,70-74,9713.7158203125
Nairobi,2023,female,70,70-74,6870.41015625
Nakuru,2023,female,70,70-74,8718.68359375
Nandi,2023,female,70,70-74,3742.740234375
Narok,2023,female,70,70-74,3746.96142578125
Nyamira,2023,female,70,70-74,3237.736572265625
Nyandarua,2023,female,70,70-74,3932.72607421875
Nyeri,2023,female,70,70-74,6589.5859375
Samburu,2023,female,70,70-74,1310.34228515625
Siaya,2023,female,70,70-74,7857.08935546875
TaitaTaveta,2023,female,70,70-74,2219.722412109375
TanaRiver,2023,female,70,70-74,2201.3125
Tharaka-Nithi,2023,female,70,70-74,2639.755859375
TransNzoia,2023,female,70,70-74,3787.41845703125
Turkana,2023,female,70,70-74,3316.13427734375
UasinGishu,2023,female,70,70-74,3798.897705078125
Vihiga,2023,female,70,70-74,4458.49609375
Wajir,2023,female,70,70-74,1186.812744140625
WestPokot,2023,female,70,70-74,2605.783203125
Baringo,2023,female,75,75-79,1760.436767578125
Bomet,2023,female,75,75-79,2555.09375
Bungoma,2023,female,75,75-79,5980.8916015625
Busia,2023,female,75,75-79,3197.68212890625
Elgeyo-Marakwet,2023,female,75,75-79,1398.5780029296875
Embu,2023,female,75,75-79,2887.91064453125
Garissa,2023,female,75,75-79,999.92822265625
HomaBay,2023,female,75,75-79,3941.14892578125
Isiolo,2023,female,75,75-79,637.224365234375
Kajiado,2023,female,75,75-79,1963.50634765625
Kakamega,2023,female,75,75-79,6116.486328125
Kericho,2023,female,75,75-79,2235.42822265625
Kiambu,2023,female,75,75-79,7518.2236328125
Kilifi,2023,female,75,75-79,4647.46240234375
Kirinyaga,2023,female,75,75-79,4163.4501953125
Kisii,2023,female,75,75-79,3768.90234375
Kisumu,2023,female,75,75-79,3759.4384765625
Kitui,2023,female,75,75-79,5214.0224609375
Kwale,2023,female,75,75-79,2277.655517578125
Laikipia,2023,female,75,75-79,2182.59375
Lamu,2023,female,75,75-79,367.586669921875
Machakos,2023,female,75,75-79,5923.6015625
Makueni,2023,female,75,75-79,4905.712890625
Mandera,2023,female,75,75-79,553.7061767578125
Marsabit,2023,female,75,75-79,830.2864990234375
Meru,2023,female,75,75-79,5834.7734375
Migori,2023,female,75,75-79,3185.880126953125
Mombasa,2023,female,75,75-79,1460.064697265625
Murang'a,2023,female,75,75-79,7704.10791015625
Nairobi,2023,female,75,75-79,3967.80419921875
Nakuru,2023,female,75,75-79,6375.6181640625
Nandi,2023,female,75,75-79,2863.429931640625
Narok,2023,female,75,75-79,2262.714599609375
Nyamira,2023,female,75,75-79,1901.035888671875
Nyandarua,2023,female,75,75-79,3423.15185546875
Nyeri,2023,female,75,75-79,5215.19140625
Samburu,2023,female,75,75-79,727.2208862304688
Siaya,2023,female,75,75-79,5443.90380859375
TaitaTaveta,2023,female,75,75-79,1452.2841796875
TanaRiver,2023,female,75,75-79,1050.0751953125
Tharaka-Nithi,2023,female,75,75-79,1632.54638671875
TransNzoia,2023,female,75,75-79,2679.52880859375
Turkana,2023,female,75,75-79,1834.8155517578125
UasinGishu,2023,female,75,75-79,3002.79052734375
Vihiga,2023,female,75,75-79,3461.42138671875
Wajir,2023,female,75,75-79,496.09942626953125
WestPokot,2023,female,75,75-79,1438.8238525390625
Baringo,2023,female,80,80-84,1148.33447265625
Bomet,2023,female,80,80-84,1867.022705078125
Bungoma,2023,female,80,80-84,3737.747314453125
Busia,2023,female,80,80-84,2006.040771484375
Elgeyo-Marakwet,2023,female,80,80-84,893.79248046875
Embu,2023,female,80,80-84,2277.2041015625
Garissa,2023,female,80,80-84,653.3478393554688
HomaBay,2023,female,80,80-84,2386.77587890625
Isiolo,2023,female,80,80-84,426.3896484375
Kajiado,2023,female,80,80-84,1231.863037109375
Kakamega,2023,female,80,80-84,3585.0244140625
Kericho,2023,female,80,80-84,1602.8370361328125
Kiambu,2023,female,80,80-84,5076.60693359375
Kilifi,2023,female,80,80-84,2701.799072265625
Kirinyaga,2023,female,80,80-84,3244.0859375
Kisii,2023,female,80,80-84,2558.143798828125
Kisumu,2023,female,80,80-84,2254.509765625
Kitui,2023,female,80,80-84,3642.140380859375
Kwale,2023,female,80,80-84,1351.64013671875
Laikipia,2023,female,80,80-84,1281.78955078125
Lamu,2023,female,80,80-84,205.23007202148438
Machakos,2023,female,80,80-84,4527.123046875
Makueni,2023,female,80,80-84,3758.623291015625
Mandera,2023,female,80,80-84,318.4454345703125
Marsabit,2023,female,80,80-84,495.20965576171875
Meru,2023,female,80,80-84,4205.69482421875
Migori,2023,female,80,80-84,1962.39697265625
Mombasa,2023,female,80,80-84,800.442626953125
Murang'a,2023,female,80,80-84,5441.6005859375
Nairobi,2023,female,80,80-84,2262.1845703125
Nakuru,2023,female,80,80-84,4031.89404296875
Nandi,2023,female,80,80-84,1918.51123046875
Narok,2023,female,80,80-84,1435.4705810546875
Nyamira,2023,female,80,80-84,1246.564697265625
Nyandarua,2023,female,80,80-84,1976.008056640625
Nyeri,2023,female,80,80-84,3393.904052734375
Samburu,2023,female,80,80-84,428.87298583984375
Siaya,2023,female,80,80-84,3411.881103515625
TaitaTaveta,2023,female,80,80-84,983.0318603515625
TanaRiver,2023,female,80,80-84,606.19287109375
Tharaka-Nithi,2023,female,80,80-84,1168.2203369140625
TransNzoia,2023,female,80,80-84,1674.51806640625
Turkana,2023,female,80,80-84,905.9097290039062
UasinGishu,2023,female,80,80-84,1961.663818359375
Vihiga,2023,female,80,80-84,2276.208740234375
Wajir,2023,female,80,80-84,275.3477783203125
WestPokot,2023,female,80,80-84,805.2788696289062
Baringo,2023,female,85,85-89,727.9849243164062
Bomet,2023,female,85,85-89,1075.711669921875
Bungoma,2023,female,85,85-89,1747.268310546875
Busia,2023,female,85,85-89,1033.447021484375
Elgeyo-Marakwet,2023,female,85,85-89,476.7580871582031
Embu,2023,female,85,85-89,1593.3604736328125
Garissa,2023,female,85,85-89,1111.339111328125
HomaBay,2023,female,85,85-89,1257.3748779296875
Isiolo,2023,female,85,85-89,357.4493408203125
Kajiado,2023,female,85,85-89,745.8973388671875
Kakamega,2023,female,85,85-89,1504.92431640625
Kericho,2023,female,85,85-89,997.5938110351562
Kiambu,2023,female,85,85-89,2606.0869140625
Kilifi,2023,female,85,85-89,1383.741455078125
Kirinyaga,2023,female,85,85-89,2346.80419921875
Kisii,2023,female,85,85-89,1572.904052734375
Kisumu,2023,female,85,85-89,1105.344482421875
Kitui,2023,female,85,85-89,2596.298828125
Kwale,2023,female,85,85-89,840.4204711914062
Laikipia,2023,female,85,85-89,595.7273559570312
Lamu,2023,female,85,85-89,118.10000610351562
Machakos,2023,female,85,85-89,2730.048828125
Makueni,2023,female,85,85-89,2344.01708984375
Mandera,2023,female,85,85-89,361.0722351074219
Marsabit,2023,female,85,85-89,481.7193298339844
Meru,2023,female,85,85-89,2940.411865234375
Migori,2023,female,85,85-89,997.0762329101562
Mombasa,2023,female,85,85-89,411.50604248046875
Murang'a,2023,female,85,85-89,2722.73583984375
Nairobi,2023,female,85,85-89,1140.3826904296875
Nakuru,2023,female,85,85-89,1932.5106201171875
Nandi,2023,female,85,85-89,929.8526000976562
Narok,2023,female,85,85-89,896.8353271484375
Nyamira,2023,female,85,85-89,768.2351684570312
Nyandarua,2023,female,85,85-89,783.4737548828125
Nyeri,2023,female,85,85-89,1689.281005859375
Samburu,2023,female,85,85-89,294.1703186035156
Siaya,2023,female,85,85-89,1685.5269775390625
TaitaTaveta,2023,female,85,85-89,584.3713989257812
TanaRiver,2023,female,85,85-89,509.12176513671875
Tharaka-Nithi,2023,female,85,85-89,777.509033203125
TransNzoia,2023,female,85,85-89,811.5322875976562
Turkana,2023,female,85,85-89,463.3790283203125
UasinGishu,2023,female,85,85-89,896.7922973632812
Vihiga,2023,female,85,85-89,1083.0201416015625
Wajir,2023,female,85,85-89,268.9197082519531
WestPokot,2023,female,85,85-89,453.0284423828125
Baringo,2023,female,90,90+,544.089111328125
Bomet,2023,female,90,90+,603.72998046875
Bungoma,2023,female,90,90+,945.641845703125
Busia,2023,female,90,90+,604.787841796875
Elgeyo-Marakwet,2023,female,90,90+,292.9180603027344
Embu,2023,female,90,90+,1003.9134521484375
Garissa,2023,female,90,90+,1266.326904296875
HomaBay,2023,female,90,90+,752.367919921875
Isiolo,2023,female,90,90+,306.6243896484375
Kajiado,2023,female,90,90+,512.1262817382812
Kakamega,2023,female,90,90+,747.71923828125
Kericho,2023,female,90,90+,656.6708374023438
Kiambu,2023,female,90,90+,1432.9619140625
Kilifi,2023,female,90,90+,769.9842529296875
Kirinyaga,2023,female,90,90+,1479.823486328125
Kisii,2023,female,90,90+,1022.0591430664062
Kisumu,2023,female,90,90+,617.8745727539062
Kitui,2023,female,90,90+,1944.5263671875
Kwale,2023,female,90,90+,550.7713623046875
Laikipia,2023,female,90,90+,344.10675048828125
Lamu,2023,female,90,90+,95.87987518310547
Machakos,2023,female,90,90+,1596.487548828125
Makueni,2023,female,90,90+,1357.342041015625
Mandera,2023,female,90,90+,454.0514221191406
Marsabit,2023,female,90,90+,518.2813110351562
Meru,2023,female,90,90+,1813.84912109375
Migori,2023,female,90,90+,611.3250732421875
Mombasa,2023,female,90,90+,277.80499267578125
Murang'a,2023,female,90,90+,1268.5498046875
Nairobi,2023,female,90,90+,703.603271484375
Nakuru,2023,female,90,90+,1037.763671875
Nandi,2023,female,90,90+,502.3626708984375
Narok,2023,female,90,90+,597.8403930664062
Nyamira,2023,female,90,90+,493.7245178222656
Nyandarua,2023,female,90,90+,388.81976318359375
Nyeri,2023,female,90,90+,901.5072021484375
Samburu,2023,female,90,90+,223.32040405273438
Siaya,2023,female,90,90+,870.990478515625
TaitaTaveta,2023,female,90,90+,390.9744567871094
TanaRiver,2023,female,90,90+,474.3965759277344
Tharaka-Nithi,2023,female,90,90+,508.5093688964844
TransNzoia,2023,female,90,90+,442.16351318359375
Turkana,2023,female,90,90+,319.43878173828125
UasinGishu,2023,female,90,90+,466.0731201171875
Vihiga,2023,female,90,90+,553.1502685546875
Wajir,2023,female,90,90+,342.3284606933594
WestPokot,2023,female,90,90+,326.29388427734375
Baringo,2023,male,00,0-1,10813.677734375
Bomet,2023,male,00,0-1,12968.7265625
Bungoma,2023,male,00,0-1,28934.59765625
Busia,2023,male,00,0-1,12906.1806640625
Elgeyo-Marakwet,2023,male,00,0-1,6281.09521484375
Embu,2023,male,00,0-1,7248.578125
Garissa,2023,male,00,0-1,17411.587890625
HomaBay,2023,male,00,0-1,17234.21484375
Isiolo,2023,male,00,0-1,6447.15478515625
Kajiado,2023,male,00,0-1,21945.20703125
Kakamega,2023,male,00,0-1,20991.09375
Kericho,2023,male,00,0-1,12545.716796875
Kiambu,2023,male,00,0-1,36133.1953125
Kilifi,2023,male,00,0-1,24253.2421875
Kirinyaga,2023,male,00,0-1,9017.935546875
Kisii,2023,male,00,0-1,15608.056640625
Kisumu,2023,male,00,0-1,16594.3984375
Kitui,2023,male,00,0-1,14052.5
Kwale,2023,male,00,0-1,16103.19140625
Laikipia,2023,male,00,0-1,7941.06201171875
Lamu,2023,male,00,0-1,2436.28759765625
Machakos,2023,male,00,0-1,18537.33984375
Makueni,2023,male,00,0-1,10794.0263671875
Mandera,2023,male,00,0-1,17517.9140625
Marsabit,2023,male,00,0-1,9036.27734375
Meru,2023,male,00,0-1,18961.6171875
Migori,2023,male,00,0-1,19362.349609375
Mombasa,2023,male,00,0-1,17966.998046875
Murang'a,2023,male,00,0-1,12067.908203125
Nairobi,2023,male,00,0-1,68741.4375
Nakuru,2023,male,00,0-1,33791.6640625
Nandi,2023,male,00,0-1,12148.30859375
Narok,2023,male,00,0-1,24055.59765625
Nyamira,2023,male,00,0-1,6787.5517578125
Nyandarua,2023,male,00,0-1,7582.4677734375
Nyeri,2023,male,00,0-1,7901.56787109375
Samburu,2023,male,00,0-1,6371.7509765625
Siaya,2023,male,00,0-1,14217.400390625
TaitaTaveta,2023,male,00,0-1,4521.0771484375
TanaRiver,2023,male,00,0-1,12298.875
Tharaka-Nithi,2023,male,00,0-1,3732.37548828125
TransNzoia,2023,male,00,0-1,15027.9453125
Turkana,2023,male,00,0-1,15378.47265625
UasinGishu,2023,male,00,0-1,17020.28515625
Vihiga,2023,male,00,0-1,6747.2822265625
Wajir,2023,male,00,0-1,14282.8369140625
WestPokot,2023,male,00,0-1,14050.5810546875
Baringo,2023,male,01,1-4,41617.4609375
Bomet,2023,male,01,1-4,49911.3671875
Bungoma,2023,male,01,1-4,111355.09375
Busia,2023,male,01,1-4,49665.09375
Elgeyo-Marakwet,2023,male,01,1-4,24173.38671875
Embu,2023,male,01,1-4,27896.8359375
Garissa,2023,male,01,1-4,67009.359375
HomaBay,2023,male,01,1-4,66327.5
Isiolo,2023,male,01,1-4,24812.484375
Kajiado,2023,male,01,1-4,84449.1171875
Kakamega,2023,male,01,1-4,80786.203125
Kericho,2023,male,01,1-4,48283.37109375
Kiambu,2023,male,01,1-4,139062.0
Kilifi,2023,male,01,1-4,93340.890625
Kirinyaga,2023,male,01,1-4,34706.37890625
Kisii,2023,male,01,1-4,60069.078125
Kisumu,2023,male,01,1-4,63865.109375
Kitui,2023,male,01,1-4,54082.375
Kwale,2023,male,01,1-4,61974.1484375
Laikipia,2023,male,01,1-4,30561.92578125
Lamu,2023,male,01,1-4,9376.283203125
Machakos,2023,male,01,1-4,71342.703125
Makueni,2023,male,01,1-4,41541.828125
Mandera,2023,male,01,1-4,67402.015625
Marsabit,2023,male,01,1-4,34776.9296875
Meru,2023,male,01,1-4,72975.578125
Migori,2023,male,01,1-4,74508.671875
Mombasa,2023,male,01,1-4,69147.6875
Murang'a,2023,male,01,1-4,46444.484375
Nairobi,2023,male,01,1-4,264557.9375
Nakuru,2023,male,01,1-4,130050.40625
Nandi,2023,male,01,1-4,46753.9140625
Narok,2023,male,01,1-4,92579.75
Nyamira,2023,male,01,1-4,26122.533203125
Nyandarua,2023,male,01,1-4,29181.845703125
Nyeri,2023,male,01,1-4,30409.927734375
Samburu,2023,male,01,1-4,24522.28515625
Siaya,2023,male,01,1-4,54717.0
TaitaTaveta,2023,male,01,1-4,17398.953125
TanaRiver,2023,male,01,1-4,47333.375
Tharaka-Nithi,2023,male,01,1-4,14364.400390625
TransNzoia,2023,male,01,1-4,57836.0703125
Turkana,2023,male,01,1-4,59185.265625
UasinGishu,2023,male,01,1-4,65504.16796875
Vihiga,2023,male,01,1-4,25967.55078125
Wajir,2023,male,01,1-4,54968.84375
WestPokot,2023,male,01,1-4,54072.9296875
Baringo,2023,male,05,5-9,51939.1328125
Bomet,2023,male,05,5-9,65640.7421875
Bungoma,2023,male,05,5-9,153451.921875
Busia,2023,male,05,5-9,65731.8671875
Elgeyo-Marakwet,2023,male,05,5-9,30794.509765625
Embu,2023,male,05,5-9,32650.53125
Garissa,2023,male,05,5-9,94551.078125
HomaBay,2023,male,05,5-9,83935.78125
Isiolo,2023,male,05,5-9,30728.4921875
Kajiado,2023,male,05,5-9,92567.9765625
Kakamega,2023,male,05,5-9,114492.53125
Kericho,2023,male,05,5-9,61844.6640625
Kiambu,2023,male,05,5-9,141644.796875
Kilifi,2023,male,05,5-9,113729.375
Kirinyaga,2023,male,05,5-9,40894.28515625
Kisii,2023,male,05,5-9,85146.6484375
Kisumu,2023,male,05,5-9,79793.3671875
Kitui,2023,male,05,5-9,73775.75
Kwale,2023,male,05,5-9,74797.3046875
Laikipia,2023,male,05,5-9,35552.984375
Lamu,2023,male,05,5-9,11039.2333984375
Machakos,2023,male,05,5-9,85110.65625
Makueni,2023,male,05,5-9,57159.609375
Mandera,2023,male,05,5-9,84357.765625
Marsabit,2023,male,05,5-9,45240.0390625
Meru,2023,male,05,5-9,89340.734375
Migori,2023,male,05,5-9,94284.734375
Mombasa,2023,male,05,5-9,70888.234375
Murang'a,2023,male,05,5-9,56934.6796875
Nairobi,2023,male,05,5-9,255702.0
Nakuru,2023,male,05,5-9,151466.65625
Nandi,2023,male,05,5-9,60869.9375
Narok,2023,male,05,5-9,117240.1328125
Nyamira,2023,male,05,5-9,37964.9921875
Nyandarua,2023,male,05,5-9,37038.7578125
Nyeri,2023,male,05,5-9,36654.1640625
Samburu,2023,male,05,5-9,30647.251953125
Siaya,2023,male,05,5-9,73442.421875
TaitaTaveta,2023,male,05,5-9,20015.119140625
TanaRiver,2023,male,05,5-9,58034.60546875
Tharaka-Nithi,2023,male,05,5-9,18490.96484375
TransNzoia,2023,male,05,5-9,75114.359375
Turkana,2023,male,05,5-9,78585.140625
UasinGishu,2023,male,05,5-9,78576.140625
Vihiga,2023,male,05,5-9,37272.3203125
Wajir,2023,male,05,5-9,74733.4765625
WestPokot,2023,male,05,5-9,61241.60546875
Baringo,2023,male,10,10-14,52721.63671875
Bomet,2023,male,10,10-14,68679.8984375
Bungoma,2023,male,10,10-14,160627.921875
Busia,2023,male,10,10-14,71366.109375
Elgeyo-Marakwet,2023,male,10,10-14,30461.421875
Embu,2023,male,10,10-14,36289.515625
Garissa,2023,male,10,10-14,94292.1171875
HomaBay,2023,male,10,10-14,90568.265625
Isiolo,2023,male,10,10-14,29664.4765625
Kajiado,2023,male,10,10-14,79335.8515625
Kakamega,2023,male,10,10-14,122324.359375
Kericho,2023,male,10,10-14,65170.4609375
Kiambu,2023,male,10,10-14,129598.625
Kilifi,2023,male,10,10-14,112326.5859375
Kirinyaga,2023,male,10,10-14,43693.2265625
Kisii,2023,male,10,10-14,96096.4375
Kisumu,2023,male,10,10-14,87203.796875
Kitui,2023,male,10,10-14,87867.09375
Kwale,2023,male,10,10-14,70205.0
Laikipia,2023,male,10,10-14,36184.765625
Lamu,2023,male,10,10-14,10851.623046875
Machakos,2023,male,10,10-14,90403.890625
Makueni,2023,male,10,10-14,68933.75
Mandera,2023,male,10,10-14,83453.546875
Marsabit,2023,male,10,10-14,44628.48828125
Meru,2023,male,10,10-14,97885.65625
Migori,2023,male,10,10-14,97227.984375
Mombasa,2023,male,10,10-14,61800.7734375
Murang'a,2023,male,10,10-14,58875.34375
Nairobi,2023,male,10,10-14,216572.0625
Nakuru,2023,male,10,10-14,153016.375
Nandi,2023,male,10,10-14,65595.453125
Narok,2023,male,10,10-14,105641.09375
Nyamira,2023,male,10,10-14,44609.203125
Nyandarua,2023,male,10,10-14,41168.4453125
Nyeri,2023,male,10,10-14,37704.34765625
Samburu,2023,male,10,10-14,28361.28515625
Siaya,2023,male,10,10-14,80362.4765625
TaitaTaveta,2023,male,10,10-14,21196.73046875
TanaRiver,2023,male,10,10-14,51807.5625
Tharaka-Nithi,2023,male,10,10-14,20415.140625
TransNzoia,2023,male,10,10-14,78091.9375
Turkana,2023,male,10,10-14,78837.75
UasinGishu,2023,male,10,10-14,80374.5
Vihiga,2023,male,10,10-14,41690.4375
Wajir,2023,male,10,10-14,76931.703125
WestPokot,2023,male,10,10-14,54199.8359375
Baringo,2023,male,15,15-19,46106.0234375
Bomet,2023,male,15,15-19,63218.4375
Bungoma,2023,male,15,15-19,143130.875
Busia,2023,male,15,15-19,65363.55078125
Elgeyo-Marakwet,2023,male,15,15-19,28155.890625
Embu,2023,male,15,15-19,37080.33984375
Garissa,2023,male,15,15-19,78157.390625
HomaBay,2023,male,15,15-19,74333.6875
Isiolo,2023,male,15,15-19,26570.45703125
Kajiado,2023,male,15,15-19,67118.7578125
Kakamega,2023,male,15,15-19,108736.0625
Kericho,2023,male,15,15-19,60177.9765625
Kiambu,2023,male,15,15-19,126239.8984375
Kilifi,2023,male,15,15-19,102528.796875
Kirinyaga,2023,male,15,15-19,45654.06640625
Kisii,2023,male,15,15-19,79812.078125
Kisumu,2023,male,15,15-19,76689.3203125
Kitui,2023,male,15,15-19,83361.5078125
Kwale,2023,male,15,15-19,59329.7890625
Laikipia,2023,male,15,15-19,33980.5859375
Lamu,2023,male,15,15-19,9831.5517578125
Machakos,2023,male,15,15-19,87267.359375
Makueni,2023,male,15,15-19,68819.484375
Mandera,2023,male,15,15-19,67968.90625
Marsabit,2023,male,15,15-19,41288.1796875
Meru,2023,male,15,15-19,88987.0859375
Migori,2023,male,15,15-19,78692.859375
Mombasa,2023,male,15,15-19,55930.9453125
Murang'a,2023,male,15,15-19,58518.6328125
Nairobi,2023,male,15,15-19,201616.609375
Nakuru,2023,male,15,15-19,143174.59375
Nandi,2023,male,15,15-19,61771.453125
Narok,2023,male,15,15-19,81789.7265625
Nyamira,2023,male,15,15-19,36224.38671875
Nyandarua,2023,male,15,15-19,40912.96484375
Nyeri,2023,male,15,15-19,39288.9609375
Samburu,2023,male,15,15-19,24403.97265625
Siaya,2023,male,15,15-19,67802.84375
TaitaTaveta,2023,male,15,15-19,20280.1640625
TanaRiver,2023,male,15,15-19,40307.9609375
Tharaka-Nithi,2023,male,15,15-19,19478.83203125
TransNzoia,2023,male,15,15-19,71169.6953125
Turkana,2023,male,15,15-19,76101.6640625
UasinGishu,2023,male,15,15-19,78063.46875
Vihiga,2023,male,15,15-19,38195.625
Wajir,2023,male,15,15-19,64935.953125
WestPokot,2023,male,15,15-19,43209.71875
Baringo,2023,male,20,20-24,34809.375
Bomet,2023,male,20,20-24,45312.1953125
Bungoma,2023,male,20,20-24,90270.40625
Busia,2023,male,20,20-24,41893.5625
Elgeyo-Marakwet,2023,male,20,20-24,22543.640625
Embu,2023,male,20,20-24,31611.078125
Garissa,2023,male,20,20-24,56032.68359375
HomaBay,2023,male,20,20-24,49285.515625
Isiolo,2023,male,20,20-24,19989.34375
Kajiado,2023,male,20,20-24,77876.0625
Kakamega,2023,male,20,20-24,67505.59375
Kericho,2023,male,20,20-24,47264.5546875
Kiambu,2023,male,20,20-24,164766.09375
Kilifi,2023,male,20,20-24,78780.0
Kirinyaga,2023,male,20,20-24,37300.703125
Kisii,2023,male,20,20-24,51298.75390625
Kisumu,2023,male,20,20-24,61783.75
Kitui,2023,male,20,20-24,48993.3359375
Kwale,2023,male,20,20-24,41267.71875
Laikipia,2023,male,20,20-24,25540.296875
Lamu,2023,male,20,20-24,9179.7802734375
Machakos,2023,male,20,20-24,84253.4765625
Makueni,2023,male,20,20-24,46938.65234375
Mandera,2023,male,20,20-24,43232.01171875
Marsabit,2023,male,20,20-24,30653.77734375
Meru,2023,male,20,20-24,73887.140625
Migori,2023,male,20,20-24,55480.953125
Mombasa,2023,male,20,20-24,78475.1796875
Murang'a,2023,male,20,20-24,42518.359375
Nairobi,2023,male,20,20-24,325181.125
Nakuru,2023,male,20,20-24,129618.5859375
Nandi,2023,male,20,20-24,45923.55859375
Narok,2023,male,20,20-24,62170.984375
Nyamira,2023,male,20,20-24,21562.73828125
Nyandarua,2023,male,20,20-24,26812.310546875
Nyeri,2023,male,20,20-24,32497.42578125
Samburu,2023,male,20,20-24,18286.43359375
Siaya,2023,male,20,20-24,43687.8203125
TaitaTaveta,2023,male,20,20-24,17479.59375
TanaRiver,2023,male,20,20-24,32272.01171875
Tharaka-Nithi,2023,male,20,20-24,14391.76171875
TransNzoia,2023,male,20,20-24,48021.68359375
Turkana,2023,male,20,20-24,60674.109375
UasinGishu,2023,male,20,20-24,75723.828125
Vihiga,2023,male,20,20-24,22565.3203125
Wajir,2023,male,20,20-24,40072.59375
WestPokot,2023,male,20,20-24,32617.296875
Baringo,2023,male,25,25-29,24760.203125
Bomet,2023,male,25,25-29,34794.4921875
Bungoma,2023,male,25,25-29,63836.6640625
Busia,2023,male,25,25-29,28803.69140625
Elgeyo-Marakwet,2023,male,25,25-29,16370.5
Embu,2023,male,25,25-29,26229.611328125
Garissa,2023,male,25,25-29,35216.2578125
HomaBay,2023,male,25,25-29,35659.55859375
Isiolo,2023,male,25,25-29,15740.265625
Kajiado,2023,male,25,25-29,77009.4375
Kakamega,2023,male,25,25-29,46400.91796875
Kericho,2023,male,25,25-29,38634.6796875
Kiambu,2023,male,25,25-29,157276.796875
Kilifi,2023,male,25,25-29,60570.50390625
Kirinyaga,2023,male,25,25-29,31471.412109375
Kisii,2023,male,25,25-29,41788.578125
Kisumu,2023,male,25,25-29,51064.16015625
Kitui,2023,male,25,25-29,33633.76953125
Kwale,2023,male,25,25-29,33817.5859375
Laikipia,2023,male,25,25-29,20809.5546875
Lamu,2023,male,25,25-29,7983.90185546875
Machakos,2023,male,25,25-29,74256.859375
Makueni,2023,male,25,25-29,35416.78125
Mandera,2023,male,25,25-29,30363.9921875
Marsabit,2023,male,25,25-29,23813.89453125
Meru,2023,male,25,25-29,61056.00390625
Migori,2023,male,25,25-29,42095.0390625
Mombasa,2023,male,25,25-29,82122.734375
Murang'a,2023,male,25,25-29,33638.8203125
Nairobi,2023,male,25,25-29,353809.0
Nakuru,2023,male,25,25-29,103209.9921875
Nandi,2023,male,25,25-29,34670.9375
Narok,2023,male,25,25-29,48857.2109375
Nyamira,2023,male,25,25-29,17984.2109375
Nyandarua,2023,male,25,25-29,19741.751953125
Nyeri,2023,male,25,25-29,25178.294921875
Samburu,2023,male,25,25-29,13418.69140625
Siaya,2023,male,25,25-29,32752.578125
TaitaTaveta,2023,male,25,25-29,15028.5205078125
TanaRiver,2023,male,25,25-29,23688.716796875
Tharaka-Nithi,2023,male,25,25-29,11570.8955078125
TransNzoia,2023,male,25,25-29,35436.5078125
Turkana,2023,male,25,25-29,43965.8046875
UasinGishu,2023,male,25,25-29,60956.578125
Vihiga,2023,male,25,25-29,14992.115234375
Wajir,2023,male,25,25-29,30750.40234375
WestPokot,2023,male,25,25-29,24842.375
Baringo,2023,male,30,30-34,20681.359375
Bomet,2023,male,30,30-34,32181.703125
Bungoma,2023,male,30,30-34,59699.3203125
Busia,2023,male,30,30-34,26805.27734375
Elgeyo-Marakwet,2023,male,30,30-34,13814.44921875
Embu,2023,male,30,30-34,26018.9609375
Garissa,2023,male,30,30-34,28454.2265625
HomaBay,2023,male,30,30-34,33581.12890625
Isiolo,2023,male,30,30-34,14131.4091796875
Kajiado,2023,male,30,30-34,67728.6640625
Kakamega,2023,male,30,30-34,45764.98046875
Kericho,2023,male,30,30-34,35969.9296875
Kiambu,2023,male,30,30-34,140185.703125
Kilifi,2023,male,30,30-34,48400.796875
Kirinyaga,2023,male,30,30-34,36546.125
Kisii,2023,male,30,30-34,41026.18359375
Kisumu,2023,male,30,30-34,47850.15234375
Kitui,2023,male,30,30-34,32280.44921875
Kwale,2023,male,30,30-34,29263.53515625
Laikipia,2023,male,30,30-34,20322.046875
Lamu,2023,male,30,30-34,6847.84716796875
Machakos,2023,male,30,30-34,70086.2265625
Makueni,2023,male,30,30-34,33988.4296875
Mandera,2023,male,30,30-34,24946.59375
Marsabit,2023,male,30,30-34,18654.6015625
Meru,2023,male,30,30-34,61174.4296875
Migori,2023,male,30,30-34,37543.8515625
Mombasa,2023,male,30,30-34,71260.828125
Murang'a,2023,male,30,30-34,36943.56640625
Nairobi,2023,male,30,30-34,309863.71875
Nakuru,2023,male,30,30-34,95699.9921875
Nandi,2023,male,30,30-34,33578.0859375
Narok,2023,male,30,30-34,43729.3515625
Nyamira,2023,male,30,30-34,18585.990234375
Nyandarua,2023,male,30,30-34,20414.439453125
Nyeri,2023,male,30,30-34,27159.015625
Samburu,2023,male,30,30-34,10133.833984375
Siaya,2023,male,30,30-34,32708.51171875
TaitaTaveta,2023,male,30,30-34,14457.8408203125
TanaRiver,2023,male,30,30-34,18991.52734375
Tharaka-Nithi,2023,male,30,30-34,11718.6396484375
TransNzoia,2023,male,30,30-34,33174.5078125
Turkana,2023,male,30,30-34,31243.453125
UasinGishu,2023,male,30,30-34,52458.7734375
Vihiga,2023,male,30,30-34,15079.505859375
Wajir,2023,male,30,30-34,26563.109375
WestPokot,2023,male,30,30-34,20729.75
Baringo,2023,male,35,35-39,17239.009765625
Bomet,2023,male,35,35-39,26981.08203125
Bungoma,2023,male,35,35-39,51503.703125
Busia,2023,male,35,35-39,24050.50390625
Elgeyo-Marakwet,2023,male,35,35-39,11846.4716796875
Embu,2023,male,35,35-39,26708.62890625
Garissa,2023,male,35,35-39,23702.171875
HomaBay,2023,male,35,35-39,30306.03125
Isiolo,2023,male,35,35-39,11180.1875
Kajiado,2023,male,35,35-39,56491.421875
Kakamega,2023,male,35,35-39,41627.2890625
Kericho,2023,male,35,35-39,29913.216796875
Kiambu,2023,male,35,35-39,123611.78125
Kilifi,2023,male,35,35-39,40206.9765625
Kirinyaga,2023,male,35,35-39,41404.47265625
Kisii,2023,male,35,35-39,35266.32421875
Kisumu,2023,male,35,35-39,42287.77734375
Kitui,2023,male,35,35-39,30594.509765625
Kwale,2023,male,35,35-39,25339.046875
Laikipia,2023,male,35,35-39,19601.89453125
Lamu,2023,male,35,35-39,5755.53662109375
Machakos,2023,male,35,35-39,66105.5625
Makueni,2023,male,35,35-39,33016.2265625
Mandera,2023,male,35,35-39,17354.08203125
Marsabit,2023,male,35,35-39,13354.9521484375
Meru,2023,male,35,35-39,62584.6953125
Migori,2023,male,35,35-39,31446.96484375
Mombasa,2023,male,35,35-39,60492.82421875
Murang'a,2023,male,35,35-39,39714.3984375
Nairobi,2023,male,35,35-39,250746.34375
Nakuru,2023,male,35,35-39,85814.4453125
Nandi,2023,male,35,35-39,29351.474609375
Narok,2023,male,35,35-39,35508.9453125
Nyamira,2023,male,35,35-39,16916.14453125
Nyandarua,2023,male,35,35-39,21377.876953125
Nyeri,2023,male,35,35-39,29368.546875
Samburu,2023,male,35,35-39,7164.271484375
Siaya,2023,male,35,35-39,29852.60546875
TaitaTaveta,2023,male,35,35-39,14267.2900390625
TanaRiver,2023,male,35,35-39,16797.384765625
Tharaka-Nithi,2023,male,35,35-39,11719.1171875
TransNzoia,2023,male,35,35-39,29464.146484375
Turkana,2023,male,35,35-39,24048.470703125
UasinGishu,2023,male,35,35-39,45456.296875
Vihiga,2023,male,35,35-39,14872.2021484375
Wajir,2023,male,35,35-39,20175.369140625
WestPokot,2023,male,35,35-39,15163.298828125
Baringo,2023,male,40,40-44,13944.59765625
Bomet,2023,male,40,40-44,21830.6171875
Bungoma,2023,male,40,40-44,43821.78125
Busia,2023,male,40,40-44,19885.82421875
Elgeyo-Marakwet,2023,male,40,40-44,9715.365234375
Embu,2023,male,40,40-44,22054.6953125
Garissa,2023,male,40,40-44,24751.255859375
HomaBay,2023,male,40,40-44,23819.52734375
Isiolo,2023,male,40,40-44,8672.791015625
Kajiado,2023,male,40,40-44,40270.0703125
Kakamega,2023,male,40,40-44,35709.74609375
Kericho,2023,male,40,40-44,24427.578125
Kiambu,2023,male,40,40-44,94660.1484375
Kilifi,2023,male,40,40-44,35618.15625
Kirinyaga,2023,male,40,40-44,34809.98046875
Kisii,2023,male,40,40-44,29522.431640625
Kisumu,2023,male,40,40-44,32152.26171875
Kitui,2023,male,40,40-44,26713.345703125
Kwale,2023,male,40,40-44,22576.7734375
Laikipia,2023,male,40,40-44,16313.5390625
Lamu,2023,male,40,40-44,4944.2392578125
Machakos,2023,male,40,40-44,52708.30078125
Makueni,2023,male,40,40-44,27875.16796875
Mandera,2023,male,40,40-44,17184.765625
Marsabit,2023,male,40,40-44,11590.7841796875
Meru,2023,male,40,40-44,50465.80078125
Migori,2023,male,40,40-44,24590.32421875
Mombasa,2023,male,40,40-44,48637.796875
Murang'a,2023,male,40,40-44,35038.3359375
Nairobi,2023,male,40,40-44,180916.734375
Nakuru,2023,male,40,40-44,69299.796875
Nandi,2023,male,40,40-44,24512.1953125
Narok,2023,male,40,40-44,28339.62890625
Nyamira,2023,male,40,40-44,14731.072265625
Nyandarua,2023,male,40,40-44,18380.94140625
Nyeri,2023,male,40,40-44,25664.173828125
Samburu,2023,male,40,40-44,6721.77490234375
Siaya,2023,male,40,40-44,23572.25
TaitaTaveta,2023,male,40,40-44,11821.5771484375
TanaRiver,2023,male,40,40-44,14179.697265625
Tharaka-Nithi,2023,male,40,40-44,9939.5166015625
TransNzoia,2023,male,40,40-44,25098.1484375
Turkana,2023,male,40,40-44,19607.37890625
UasinGishu,2023,male,40,40-44,35986.53515625
Vihiga,2023,male,40,40-44,13077.1767578125
Wajir,2023,male,40,40-44,19692.8203125
WestPokot,2023,male,40,40-44,12619.515625
Baringo,2023,male,45,45-49,11898.30078125
Bomet,2023,male,45,45-49,19059.03125
Bungoma,2023,male,45,45-49,36559.75390625
Busia,2023,male,45,45-49,15185.03515625
Elgeyo-Marakwet,2023,male,45,45-49,8606.8095703125
Embu,2023,male,45,45-49,18310.02734375
Garissa,2023,male,45,45-49,15158.8740234375
HomaBay,2023,male,45,45-49,16230.57421875
Isiolo,2023,male,45,45-49,6001.796875
Kajiado,2023,male,45,45-49,31712.1171875
Kakamega,2023,male,45,45-49,28602.673828125
Kericho,2023,male,45,45-49,20470.3203125
Kiambu,2023,male,45,45-49,75212.7421875
Kilifi,2023,male,45,45-49,29332.609375
Kirinyaga,2023,male,45,45-49,29485.9453125
Kisii,2023,male,45,45-49,23581.0078125
Kisumu,2023,male,45,45-49,21779.671875
Kitui,2023,male,45,45-49,24299.017578125
Kwale,2023,male,45,45-49,18392.7734375
Laikipia,2023,male,45,45-49,13554.2080078125
Lamu,2023,male,45,45-49,4152.4990234375
Machakos,2023,male,45,45-49,42558.78125
Makueni,2023,male,45,45-49,25158.4765625
Mandera,2023,male,45,45-49,9883.416015625
Marsabit,2023,male,45,45-49,8006.49462890625
Meru,2023,male,45,45-49,40066.4921875
Migori,2023,male,45,45-49,18327.3515625
Mombasa,2023,male,45,45-49,37302.421875
Murang'a,2023,male,45,45-49,31249.2890625
Nairobi,2023,male,45,45-49,131129.765625
Nakuru,2023,male,45,45-49,56529.38671875
Nandi,2023,male,45,45-49,20388.89453125
Narok,2023,male,45,45-49,23554.66796875
Nyamira,2023,male,45,45-49,12018.8759765625
Nyandarua,2023,male,45,45-49,16702.984375
Nyeri,2023,male,45,45-49,23356.97265625
Samburu,2023,male,45,45-49,5233.4560546875
Siaya,2023,male,45,45-49,17027.451171875
TaitaTaveta,2023,male,45,45-49,10166.80078125
TanaRiver,2023,male,45,45-49,10891.6484375
Tharaka-Nithi,2023,male,45,45-49,9027.6494140625
TransNzoia,2023,male,45,45-49,19609.578125
Turkana,2023,male,45,45-49,14021.3271484375
UasinGishu,2023,male,45,45-49,28918.791015625
Vihiga,2023,male,45,45-49,11247.2568359375
Wajir,2023,male,45,45-49,11147.3212890625
WestPokot,2023,male,45,45-49,11158.0732421875
Baringo,2023,male,50,50-54,9366.228515625
Bomet,2023,male,50,50-54,12185.5810546875
Bungoma,2023,male,50,50-54,29132.6640625
Busia,2023,male,50,50-54,13346.5966796875
Elgeyo-Marakwet,2023,male,50,50-54,5799.19921875
Embu,2023,male,50,50-54,15517.3857421875
Garissa,2023,male,50,50-54,16831.47265625
HomaBay,2023,male,50,50-54,12618.162109375
Isiolo,2023,male,50,50-54,5258.4150390625
Kajiado,2023,male,50,50-54,23855.740234375
Kakamega,2023,male,50,50-54,24604.845703125
Kericho,2023,male,50,50-54,13491.18359375
Kiambu,2023,male,50,50-54,59139.0078125
Kilifi,2023,male,50,50-54,23561.90625
Kirinyaga,2023,male,50,50-54,26584.86328125
Kisii,2023,male,50,50-54,18110.48828125
Kisumu,2023,male,50,50-54,16920.890625
Kitui,2023,male,50,50-54,19335.13671875
Kwale,2023,male,50,50-54,14464.2294921875
Laikipia,2023,male,50,50-54,11866.36328125
Lamu,2023,male,50,50-54,3258.505859375
Machakos,2023,male,50,50-54,32326.421875
Makueni,2023,male,50,50-54,19750.93359375
Mandera,2023,male,50,50-54,9395.400390625
Marsabit,2023,male,50,50-54,7593.0927734375
Meru,2023,male,50,50-54,30415.501953125
Migori,2023,male,50,50-54,13595.802734375
Mombasa,2023,male,50,50-54,26171.015625
Murang'a,2023,male,50,50-54,26639.900390625
Nairobi,2023,male,50,50-54,93269.7734375
Nakuru,2023,male,50,50-54,43309.796875
Nandi,2023,male,50,50-54,15035.8515625
Narok,2023,male,50,50-54,17187.68359375
Nyamira,2023,male,50,50-54,9457.037109375
Nyandarua,2023,male,50,50-54,15107.353515625
Nyeri,2023,male,50,50-54,21795.83203125
Samburu,2023,male,50,50-54,3682.293701171875
Siaya,2023,male,50,50-54,14616.4296875
TaitaTaveta,2023,male,50,50-54,8567.05078125
TanaRiver,2023,male,50,50-54,9393.6171875
Tharaka-Nithi,2023,male,50,50-54,7054.18310546875
TransNzoia,2023,male,50,50-54,15786.962890625
Turkana,2023,male,50,50-54,11307.7548828125
UasinGishu,2023,male,50,50-54,20810.31640625
Vihiga,2023,male,50,50-54,10176.388671875
Wajir,2023,male,50,50-54,11546.880859375
WestPokot,2023,male,50,50-54,8123.02734375
Baringo,2023,male,55,55-59,7302.267578125
Bomet,2023,male,55,55-59,10140.7861328125
Bungoma,2023,male,55,55-59,25707.455078125
Busia,2023,male,55,55-59,11428.21875
Elgeyo-Marakwet,2023,male,55,55-59,5242.84228515625
Embu,2023,male,55,55-59,12944.724609375
Garissa,2023,male,55,55-59,7588.123046875
HomaBay,2023,male,55,55-59,11367.052734375
Isiolo,2023,male,55,55-59,3862.225341796875
Kajiado,2023,male,55,55-59,14801.1005859375
Kakamega,2023,male,55,55-59,21186.44921875
Kericho,2023,male,55,55-59,11497.541015625
Kiambu,2023,male,55,55-59,40299.06640625
Kilifi,2023,male,55,55-59,17707.611328125
Kirinyaga,2023,male,55,55-59,20666.578125
Kisii,2023,male,55,55-59,19917.494140625
Kisumu,2023,male,55,55-59,13690.619140625
Kitui,2023,male,55,55-59,15560.892578125
Kwale,2023,male,55,55-59,10836.56640625
Laikipia,2023,male,55,55-59,9051.3134765625
Lamu,2023,male,55,55-59,2518.619873046875
Machakos,2023,male,55,55-59,25511.845703125
Makueni,2023,male,55,55-59,15730.599609375
Mandera,2023,male,55,55-59,5141.27294921875
Marsabit,2023,male,55,55-59,4879.14111328125
Meru,2023,male,55,55-59,25344.76171875
Migori,2023,male,55,55-59,10916.0576171875
Mombasa,2023,male,55,55-59,16994.525390625
Murang'a,2023,male,55,55-59,22287.646484375
Nairobi,2023,male,55,55-59,58392.86328125
Nakuru,2023,male,55,55-59,31586.1484375
Nandi,2023,male,55,55-59,12127.111328125
Narok,2023,male,55,55-59,12026.51953125
Nyamira,2023,male,55,55-59,10346.8828125
Nyandarua,2023,male,55,55-59,11667.451171875
Nyeri,2023,male,55,55-59,17114.765625
Samburu,2023,male,55,55-59,2728.036376953125
Siaya,2023,male,55,55-59,12393.8798828125
TaitaTaveta,2023,male,55,55-59,6502.4453125
TanaRiver,2023,male,55,55-59,6805.05078125
Tharaka-Nithi,2023,male,55,55-59,6277.5234375
TransNzoia,2023,male,55,55-59,12821.341796875
Turkana,2023,male,55,55-59,6866.39697265625
UasinGishu,2023,male,55,55-59,15352.3935546875
Vihiga,2023,male,55,55-59,9011.900390625
Wajir,2023,male,55,55-59,5826.8828125
WestPokot,2023,male,55,55-59,5631.36376953125
Baringo,2023,male,60,60-64,5745.73828125
Bomet,2023,male,60,60-64,7481.091796875
Bungoma,2023,male,60,60-64,18586.021484375
Busia,2023,male,60,60-64,8364.052734375
Elgeyo-Marakwet,2023,male,60,60-64,3838.71728515625
Embu,2023,male,60,60-64,8181.314453125
Garissa,2023,male,60,60-64,8603.9443359375
HomaBay,2023,male,60,60-64,9298.3974609375
Isiolo,2023,male,60,60-64,3592.7373046875
Kajiado,2023,male,60,60-64,8979.126953125
Kakamega,2023,male,60,60-64,16356.443359375
Kericho,2023,male,60,60-64,8119.5302734375
Kiambu,2023,male,60,60-64,22588.662109375
Kilifi,2023,male,60,60-64,13115.89453125
Kirinyaga,2023,male,60,60-64,12343.841796875
Kisii,2023,male,60,60-64,14289.568359375
Kisumu,2023,male,60,60-64,10509.0625
Kitui,2023,male,60,60-64,11958.2275390625
Kwale,2023,male,60,60-64,8645.107421875
Laikipia,2023,male,60,60-64,5683.23095703125
Lamu,2023,male,60,60-64,1784.78466796875
Machakos,2023,male,60,60-64,19414.548828125
Makueni,2023,male,60,60-64,12937.4697265625
Mandera,2023,male,60,60-64,5059.6025390625
Marsabit,2023,male,60,60-64,4278.30419921875
Meru,2023,male,60,60-64,17868.3671875
Migori,2023,male,60,60-64,8302.984375
Mombasa,2023,male,60,60-64,9632.5048828125
Murang'a,2023,male,60,60-64,14900.30078125
Nairobi,2023,male,60,60-64,29379.912109375
Nakuru,2023,male,60,60-64,19312.017578125
Nandi,2023,male,60,60-64,8585.92578125
Narok,2023,male,60,60-64,8491.7568359375
Nyamira,2023,male,60,60-64,7513.6025390625
Nyandarua,2023,male,60,60-64,6912.0478515625
Nyeri,2023,male,60,60-64,10257.2578125
Samburu,2023,male,60,60-64,2528.2470703125
Siaya,2023,male,60,60-64,10214.03515625
TaitaTaveta,2023,male,60,60-64,4791.2412109375
TanaRiver,2023,male,60,60-64,5812.6259765625
Tharaka-Nithi,2023,male,60,60-64,4670.6025390625
TransNzoia,2023,male,60,60-64,9317.939453125
Turkana,2023,male,60,60-64,5798.046875
UasinGishu,2023,male,60,60-64,9743.119140625
Vihiga,2023,male,60,60-64,7898.3515625
Wajir,2023,male,60,60-64,5614.61328125
WestPokot,2023,male,60,60-64,4418.8759765625
Baringo,2023,male,65,65-69,3916.623046875
Bomet,2023,male,65,65-69,4765.962890625
Bungoma,2023,male,65,65-69,10972.677734375
Busia,2023,male,65,65-69,5218.47509765625
Elgeyo-Marakwet,2023,male,65,65-69,2751.61376953125
Embu,2023,male,65,65-69,6042.77880859375
Garissa,2023,male,65,65-69,2864.001953125
HomaBay,2023,male,65,65-69,6465.5185546875
Isiolo,2023,male,65,65-69,1763.9674072265625
Kajiado,2023,male,65,65-69,4961.8173828125
Kakamega,2023,male,65,65-69,10569.3525390625
Kericho,2023,male,65,65-69,5511.4365234375
Kiambu,2023,male,65,65-69,13969.1572265625
Kilifi,2023,male,65,65-69,9443.0615234375
Kirinyaga,2023,male,65,65-69,8403.4462890625
Kisii,2023,male,65,65-69,8501.041015625
Kisumu,2023,male,65,65-69,7122.2568359375
Kitui,2023,male,65,65-69,8972.4580078125
Kwale,2023,male,65,65-69,6127.86474609375
Laikipia,2023,male,65,65-69,3884.9296875
Lamu,2023,male,65,65-69,1167.688720703125
Machakos,2023,male,65,65-69,11773.1015625
Makueni,2023,male,65,65-69,9107.943359375
Mandera,2023,male,65,65-69,2182.7314453125
Marsabit,2023,male,65,65-69,2252.3056640625
Meru,2023,male,65,65-69,12423.494140625
Migori,2023,male,65,65-69,5339.015625
Mombasa,2023,male,65,65-69,5083.7197265625
Murang'a,2023,male,65,65-69,11537.2841796875
Nairobi,2023,male,65,65-69,14676.26953125
Nakuru,2023,male,65,65-69,12901.947265625
Nandi,2023,male,65,65-69,5533.28125
Narok,2023,male,65,65-69,5299.0625
Nyamira,2023,male,65,65-69,4295.47216796875
Nyandarua,2023,male,65,65-69,4552.4248046875
Nyeri,2023,male,65,65-69,7316.34033203125
Samburu,2023,male,65,65-69,1275.831298828125
Siaya,2023,male,65,65-69,7621.87939453125
TaitaTaveta,2023,male,65,65-69,3236.69775390625
TanaRiver,2023,male,65,65-69,2911.77587890625
Tharaka-Nithi,2023,male,65,65-69,3147.4677734375
TransNzoia,2023,male,65,65-69,5667.31689453125
Turkana,2023,male,65,65-69,3376.59130859375
UasinGishu,2023,male,65,65-69,6015.12255859375
Vihiga,2023,male,65,65-69,5855.5859375
Wajir,2023,male,65,65-69,2250.54638671875
WestPokot,2023,male,65,65-69,3104.81298828125
Baringo,2023,male,70,70-74,2653.8466796875
Bomet,2023,male,70,70-74,3096.606689453125
Bungoma,2023,male,70,70-74,6305.35888671875
Busia,2023,male,70,70-74,3384.26806640625
Elgeyo-Marakwet,2023,male,70,70-74,1669.115478515625
Embu,2023,male,70,70-74,3298.15673828125
Garissa,2023,male,70,70-74,3212.15771484375
HomaBay,2023,male,70,70-74,4244.083984375
Isiolo,2023,male,70,70-74,1294.1395263671875
Kajiado,2023,male,70,70-74,3028.490966796875
Kakamega,2023,male,70,70-74,6600.6787109375
Kericho,2023,male,70,70-74,3536.552734375
Kiambu,2023,male,70,70-74,8739.783203125
Kilifi,2023,male,70,70-74,5221.6240234375
Kirinyaga,2023,male,70,70-74,5090.23388671875
Kisii,2023,male,70,70-74,5078.431640625
Kisumu,2023,male,70,70-74,4498.408203125
Kitui,2023,male,70,70-74,5756.8232421875
Kwale,2023,male,70,70-74,3469.00830078125
Laikipia,2023,male,70,70-74,2780.969482421875
Lamu,2023,male,70,70-74,738.3565063476562
Machakos,2023,male,70,70-74,6655.6513671875
Makueni,2023,male,70,70-74,5515.08447265625
Mandera,2023,male,70,70-74,1748.846923828125
Marsabit,2023,male,70,70-74,2112.041748046875
Meru,2023,male,70,70-74,8021.84765625
Migori,2023,male,70,70-74,3358.6533203125
Mombasa,2023,male,70,70-74,2496.87255859375
Murang'a,2023,male,70,70-74,8292.208984375
Nairobi,2023,male,70,70-74,7245.67724609375
Nakuru,2023,male,70,70-74,7995.80810546875
Nandi,2023,male,70,70-74,3379.23779296875
Narok,2023,male,70,70-74,3380.8818359375
Nyamira,2023,male,70,70-74,2745.6435546875
Nyandarua,2023,male,70,70-74,3106.16015625
Nyeri,2023,male,70,70-74,5532.52734375
Samburu,2023,male,70,70-74,1111.424072265625
Siaya,2023,male,70,70-74,5141.92333984375
TaitaTaveta,2023,male,70,70-74,1845.450927734375
TanaRiver,2023,male,70,70-74,2053.46142578125
Tharaka-Nithi,2023,male,70,70-74,2045.9088134765625
TransNzoia,2023,male,70,70-74,3378.48193359375
Turkana,2023,male,70,70-74,2493.555419921875
UasinGishu,2023,male,70,70-74,3516.8076171875
Vihiga,2023,male,70,70-74,3897.88330078125
Wajir,2023,male,70,70-74,1757.4324951171875
WestPokot,2023,male,70,70-74,2068.484375
Baringo,2023,male,75,75-79,1457.853759765625
Bomet,2023,male,75,75-79,1794.71142578125
Bungoma,2023,male,75,75-79,4216.3642578125
Busia,2023,male,75,75-79,2209.87255859375
Elgeyo-Marakwet,2023,male,75,75-79,1074.152587890625
Embu,2023,male,75,75-79,2064.54345703125
Garissa,2023,male,75,75-79,1364.3990478515625
HomaBay,2023,male,75,75-79,2472.2080078125
Isiolo,2023,male,75,75-79,728.296875
Kajiado,2023,male,75,75-79,1722.2178955078125
Kakamega,2023,male,75,75-79,4145.923828125
Kericho,2023,male,75,75-79,1852.7412109375
Kiambu,2023,male,75,75-79,4800.88330078125
Kilifi,2023,male,75,75-79,3469.903076171875
Kirinyaga,2023,male,75,75-79,2910.01123046875
Kisii,2023,male,75,75-79,2954.02490234375
Kisumu,2023,male,75,75-79,2500.89794921875
Kitui,2023,male,75,75-79,3930.24560546875
Kwale,2023,male,75,75-79,2163.076416015625
Laikipia,2023,male,75,75-79,1739.7041015625
Lamu,2023,male,75,75-79,416.54827880859375
Machakos,2023,male,75,75-79,3713.306884765625
Makueni,2023,male,75,75-79,3248.517333984375
Mandera,2023,male,75,75-79,938.3783569335938
Marsabit,2023,male,75,75-79,991.1227416992188
Meru,2023,male,75,75-79,4660.1005859375
Migori,2023,male,75,75-79,2066.7822265625
Mombasa,2023,male,75,75-79,1306.266357421875
Murang'a,2023,male,75,75-79,4968.345703125
Nairobi,2023,male,75,75-79,3447.39013671875
Nakuru,2023,male,75,75-79,4686.10888671875
Nandi,2023,male,75,75-79,2455.47119140625
Narok,2023,male,75,75-79,2125.9765625
Nyamira,2023,male,75,75-79,1595.92529296875
Nyandarua,2023,male,75,75-79,2064.21630859375
Nyeri,2023,male,75,75-79,3340.0498046875
Samburu,2023,male,75,75-79,687.2421264648438
Siaya,2023,male,75,75-79,3128.505859375
TaitaTaveta,2023,male,75,75-79,1154.550537109375
TanaRiver,2023,male,75,75-79,1174.6468505859375
Tharaka-Nithi,2023,male,75,75-79,1280.54248046875
TransNzoia,2023,male,75,75-79,2083.25341796875
Turkana,2023,male,75,75-79,1452.858642578125
UasinGishu,2023,male,75,75-79,2354.86962890625
Vihiga,2023,male,75,75-79,2472.50634765625
Wajir,2023,male,75,75-79,953.3883666992188
WestPokot,2023,male,75,75-79,1139.15234375
Baringo,2023,male,80,80-84,663.90966796875
Bomet,2023,male,80,80-84,889.99658203125
Bungoma,2023,male,80,80-84,2097.455078125
Busia,2023,male,80,80-84,1088.125
Elgeyo-Marakwet,2023,male,80,80-84,505.55694580078125
Embu,2023,male,80,80-84,1185.7120361328125
Garissa,2023,male,80,80-84,723.9287719726562
HomaBay,2023,male,80,80-84,1183.197509765625
Isiolo,2023,male,80,80-84,347.4012756347656
Kajiado,2023,male,80,80-84,771.4151611328125
Kakamega,2023,male,80,80-84,1955.2451171875
Kericho,2023,male,80,80-84,857.6761474609375
Kiambu,2023,male,80,80-84,2113.94140625
Kilifi,2023,male,80,80-84,1494.181640625
Kirinyaga,2023,male,80,80-84,1475.0679931640625
Kisii,2023,male,80,80-84,1444.4615478515625
Kisumu,2023,male,80,80-84,1119.88818359375
Kitui,2023,male,80,80-84,2226.58203125
Kwale,2023,male,80,80-84,976.0675048828125
Laikipia,2023,male,80,80-84,779.2291870117188
Lamu,2023,male,80,80-84,170.73031616210938
Machakos,2023,male,80,80-84,2060.55859375
Makueni,2023,male,80,80-84,1815.963134765625
Mandera,2023,male,80,80-84,467.9801025390625
Marsabit,2023,male,80,80-84,481.79541015625
Meru,2023,male,80,80-84,2341.08642578125
Migori,2023,male,80,80-84,1008.1304321289062
Mombasa,2023,male,80,80-84,468.79248046875
Murang'a,2023,male,80,80-84,2344.3046875
Nairobi,2023,male,80,80-84,1274.618408203125
Nakuru,2023,male,80,80-84,2160.21728515625
Nandi,2023,male,80,80-84,1232.1265869140625
Narok,2023,male,80,80-84,1012.5055541992188
Nyamira,2023,male,80,80-84,759.9154663085938
Nyandarua,2023,male,80,80-84,1017.9447631835938
Nyeri,2023,male,80,80-84,1564.4578857421875
Samburu,2023,male,80,80-84,309.3578186035156
Siaya,2023,male,80,80-84,1534.0399169921875
TaitaTaveta,2023,male,80,80-84,539.4969482421875
TanaRiver,2023,male,80,80-84,550.3424682617188
Tharaka-Nithi,2023,male,80,80-84,659.869384765625
TransNzoia,2023,male,80,80-84,997.7655029296875
Turkana,2023,male,80,80-84,562.862548828125
UasinGishu,2023,male,80,80-84,1142.6231689453125
Vihiga,2023,male,80,80-84,1194.983642578125
Wajir,2023,male,80,80-84,395.69293212890625
WestPokot,2023,male,80,80-84,457.36370849609375
Baringo,2023,male,85,85-89,343.81494140625
Bomet,2023,male,85,85-89,476.1103820800781
Bungoma,2023,male,85,85-89,979.3179931640625
Busia,2023,male,85,85-89,528.9239501953125
Elgeyo-Marakwet,2023,male,85,85-89,223.9088897705078
Embu,2023,male,85,85-89,635.0558471679688
Garissa,2023,male,85,85-89,880.4829711914062
HomaBay,2023,male,85,85-89,616.7333374023438
Isiolo,2023,male,85,85-89,217.45919799804688
Kajiado,2023,male,85,85-89,371.19793701171875
Kakamega,2023,male,85,85-89,906.2843627929688
Kericho,2023,male,85,85-89,454.36773681640625
Kiambu,2023,male,85,85-89,991.9490966796875
Kilifi,2023,male,85,85-89,558.5131225585938
Kirinyaga,2023,male,85,85-89,783.9021606445312
Kisii,2023,male,85,85-89,748.38623046875
Kisumu,2023,male,85,85-89,541.3726806640625
Kitui,2023,male,85,85-89,1222.1229248046875
Kwale,2023,male,85,85-89,403.9486999511719
Laikipia,2023,male,85,85-89,347.8217468261719
Lamu,2023,male,85,85-89,73.12635040283203
Machakos,2023,male,85,85-89,1273.2099609375
Makueni,2023,male,85,85-89,1099.0738525390625
Mandera,2023,male,85,85-89,347.7691650390625
Marsabit,2023,male,85,85-89,411.6735534667969
Meru,2023,male,85,85-89,1238.0120849609375
Migori,2023,male,85,85-89,509.6955261230469
Mombasa,2023,male,85,85-89,169.3162384033203
Murang'a,2023,male,85,85-89,1117.3001708984375
Nairobi,2023,male,85,85-89,499.87823486328125
Nakuru,2023,male,85,85-89,996.8399047851562
Nandi,2023,male,85,85-89,533.5489501953125
Narok,2023,male,85,85-89,484.1751708984375
Nyamira,2023,male,85,85-89,393.8892822265625
Nyandarua,2023,male,85,85-89,489.6680603027344
Nyeri,2023,male,85,85-89,778.2266845703125
Samburu,2023,male,85,85-89,170.72039794921875
Siaya,2023,male,85,85-89,776.2088012695312
TaitaTaveta,2023,male,85,85-89,238.74891662597656
TanaRiver,2023,male,85,85-89,345.69378662109375
Tharaka-Nithi,2023,male,85,85-89,349.0058288574219
TransNzoia,2023,male,85,85-89,473.26385498046875
Turkana,2023,male,85,85-89,251.569091796875
UasinGishu,2023,male,85,85-89,500.0862731933594
Vihiga,2023,male,85,85-89,568.7554931640625
Wajir,2023,male,85,85-89,241.59219360351562
WestPokot,2023,male,85,85-89,200.0875244140625
Baringo,2023,male,90,90+,219.67633056640625
Bomet,2023,male,90,90+,287.10418701171875
Bungoma,2023,male,90,90+,553.7838745117188
Busia,2023,male,90,90+,301.89501953125
Elgeyo-Marakwet,2023,male,90,90+,125.73194122314453
Embu,2023,male,90,90+,344.226806640625
Garissa,2023,male,90,90+,740.9573974609375
HomaBay,2023,male,90,90+,395.01568603515625
Isiolo,2023,male,90,90+,157.18447875976562
Kajiado,2023,male,90,90+,215.86888122558594
Kakamega,2023,male,90,90+,492.98699951171875
Kericho,2023,male,90,90+,288.2656555175781
Kiambu,2023,male,90,90+,559.897705078125
Kilifi,2023,male,90,90+,269.501953125
Kirinyaga,2023,male,90,90+,469.25775146484375
Kisii,2023,male,90,90+,467.1509704589844
Kisumu,2023,male,90,90+,319.24267578125
Kitui,2023,male,90,90+,781.099609375
Kwale,2023,male,90,90+,197.6570587158203
Laikipia,2023,male,90,90+,186.9756317138672
Lamu,2023,male,90,90+,40.337196350097656
Machakos,2023,male,90,90+,808.98974609375
Makueni,2023,male,90,90+,722.329345703125
Mandera,2023,male,90,90+,291.6834716796875
Marsabit,2023,male,90,90+,369.0349426269531
Meru,2023,male,90,90+,724.312255859375
Migori,2023,male,90,90+,316.8453369140625
Mombasa,2023,male,90,90+,86.16410064697266
Murang'a,2023,male,90,90+,575.419189453125
Nairobi,2023,male,90,90+,257.2846984863281
Nakuru,2023,male,90,90+,533.0569458007812
Nandi,2023,male,90,90+,265.5030517578125
Narok,2023,male,90,90+,276.4152526855469
Nyamira,2023,male,90,90+,247.9130859375
Nyandarua,2023,male,90,90+,283.074462890625
Nyeri,2023,male,90,90+,447.7757263183594
Samburu,2023,male,90,90+,116.14739227294922
Siaya,2023,male,90,90+,448.1557922363281
TaitaTaveta,2023,male,90,90+,128.7384796142578
TanaRiver,2023,male,90,90+,249.66856384277344
Tharaka-Nithi,2023,male,90,90+,213.08984375
TransNzoia,2023,male,90,90+,260.5546875
Turkana,2023,male,90,90+,166.19493103027344
UasinGishu,2023,male,90,90+,253.61599731445312
Vihiga,2023,male,90,90+,309.3604736328125
Wajir,2023,male,90,90+,211.11331176757812
WestPokot,2023,male,90,90+,117.18934631347656
Baringo,2024,female,00,0-1,10438.7822265625
Bomet,2024,female,00,0-1,12685.640625
Bungoma,2024,female,00,0-1,29337.302734375
Busia,2024,female,00,0-1,13133.9189453125
Elgeyo-Marakwet,2024,female,00,0-1,6271.60693359375
Embu,2024,female,00,0-1,7092.3623046875
Garissa,2024,female,00,0-1,15902.1416015625
HomaBay,2024,female,00,0-1,17265.2890625
Isiolo,2024,female,00,0-1,6384.62158203125
Kajiado,2024,female,00,0-1,21643.658203125
Kakamega,2024,female,00,0-1,21350.06640625
Kericho,2024,female,00,0-1,12358.869140625
Kiambu,2024,female,00,0-1,35702.1875
Kilifi,2024,female,00,0-1,24142.16015625
Kirinyaga,2024,female,00,0-1,9037.48046875
Kisii,2024,female,00,0-1,15666.0380859375
Kisumu,2024,female,00,0-1,16828.310546875
Kitui,2024,female,00,0-1,13910.8037109375
Kwale,2024,female,00,0-1,16015.865234375
Laikipia,2024,female,00,0-1,7783.775390625
Lamu,2024,female,00,0-1,2330.542236328125
Machakos,2024,female,00,0-1,18261.17578125
Makueni,2024,female,00,0-1,10595.806640625
Mandera,2024,female,00,0-1,20532.228515625
Marsabit,2024,female,00,0-1,8796.685546875
Meru,2024,female,00,0-1,18922.517578125
Migori,2024,female,00,0-1,19764.90234375
Mombasa,2024,female,00,0-1,17681.33984375
Murang'a,2024,female,00,0-1,11906.7958984375
Nairobi,2024,female,00,0-1,68068.03125
Nakuru,2024,female,00,0-1,33276.50390625
Nandi,2024,female,00,0-1,12081.01171875
Narok,2024,female,00,0-1,23988.115234375
Nyamira,2024,female,00,0-1,6826.90966796875
Nyandarua,2024,female,00,0-1,7450.9765625
Nyeri,2024,female,00,0-1,7709.8076171875
Samburu,2024,female,00,0-1,6358.1640625
Siaya,2024,female,00,0-1,14281.1962890625
TaitaTaveta,2024,female,00,0-1,4516.07177734375
TanaRiver,2024,female,00,0-1,11670.22265625
Tharaka-Nithi,2024,female,00,0-1,3754.864990234375
TransNzoia,2024,female,00,0-1,14866.791015625
Turkana,2024,female,00,0-1,15272.873046875
UasinGishu,2024,female,00,0-1,16972.10546875
Vihiga,2024,female,00,0-1,6878.5849609375
Wajir,2024,female,00,0-1,14362.6484375
WestPokot,2024,female,00,0-1,14056.3232421875
Baringo,2024,female,01,1-4,40049.6640625
Bomet,2024,female,01,1-4,48670.015625
Bungoma,2024,female,01,1-4,112555.1875
Busia,2024,female,01,1-4,50387.6640625
Elgeyo-Marakwet,2024,female,01,1-4,24061.7890625
Embu,2024,female,01,1-4,27210.71875
Garissa,2024,female,01,1-4,61009.8125
HomaBay,2024,female,01,1-4,66240.3984375
Isiolo,2024,female,01,1-4,24495.384765625
Kajiado,2024,female,01,1-4,83032.0234375
Kakamega,2024,female,01,1-4,81912.1484375
Kericho,2024,female,01,1-4,47416.3125
Kiambu,2024,female,01,1-4,136975.828125
Kilifi,2024,female,01,1-4,92624.359375
Kirinyaga,2024,female,01,1-4,34673.39453125
Kisii,2024,female,01,1-4,60104.671875
Kisumu,2024,female,01,1-4,64563.8828125
Kitui,2024,female,01,1-4,53370.5
Kwale,2024,female,01,1-4,61446.4765625
Laikipia,2024,female,01,1-4,29863.408203125
Lamu,2024,female,01,1-4,8941.4091796875
Machakos,2024,female,01,1-4,70061.2421875
Makueni,2024,female,01,1-4,40652.109375
Mandera,2024,female,01,1-4,78758.53125
Marsabit,2024,female,01,1-4,33749.55859375
Meru,2024,female,01,1-4,72598.546875
Migori,2024,female,01,1-4,75823.7890625
Mombasa,2024,female,01,1-4,67836.625
Murang'a,2024,female,01,1-4,45681.8828125
Nairobi,2024,female,01,1-4,261151.34375
Nakuru,2024,female,01,1-4,127669.390625
Nandi,2024,female,01,1-4,46350.28515625
Narok,2024,female,01,1-4,92033.0
Nyamira,2024,female,01,1-4,26192.2734375
Nyandarua,2024,female,01,1-4,28586.5859375
Nyeri,2024,female,01,1-4,29579.62109375
Samburu,2024,female,01,1-4,24393.87890625
Siaya,2024,female,01,1-4,54791.5546875
TaitaTaveta,2024,female,01,1-4,17325.89453125
TanaRiver,2024,female,01,1-4,44774.2421875
Tharaka-Nithi,2024,female,01,1-4,14405.998046875
TransNzoia,2024,female,01,1-4,57038.1171875
Turkana,2024,female,01,1-4,58596.1328125
UasinGishu,2024,female,01,1-4,65115.5625
Vihiga,2024,female,01,1-4,26390.53515625
Wajir,2024,female,01,1-4,55104.0625
WestPokot,2024,female,01,1-4,53927.93359375
Baringo,2024,female,05,5-9,49753.70703125
Bomet,2024,female,05,5-9,63286.7265625
Bungoma,2024,female,05,5-9,153153.375
Busia,2024,female,05,5-9,67464.9453125
Elgeyo-Marakwet,2024,female,05,5-9,29975.361328125
Embu,2024,female,05,5-9,32183.453125
Garissa,2024,female,05,5-9,82612.421875
HomaBay,2024,female,05,5-9,84731.828125
Isiolo,2024,female,05,5-9,29201.865234375
Kajiado,2024,female,05,5-9,91373.296875
Kakamega,2024,female,05,5-9,115188.640625
Kericho,2024,female,05,5-9,60616.48828125
Kiambu,2024,female,05,5-9,141068.40625
Kilifi,2024,female,05,5-9,112412.59375
Kirinyaga,2024,female,05,5-9,40601.2265625
Kisii,2024,female,05,5-9,85023.2265625
Kisumu,2024,female,05,5-9,79949.1640625
Kitui,2024,female,05,5-9,72202.296875
Kwale,2024,female,05,5-9,73089.0625
Laikipia,2024,female,05,5-9,34753.5703125
Lamu,2024,female,05,5-9,10703.8505859375
Machakos,2024,female,05,5-9,82555.3515625
Makueni,2024,female,05,5-9,55304.4375
Mandera,2024,female,05,5-9,93394.34375
Marsabit,2024,female,05,5-9,43792.796875
Meru,2024,female,05,5-9,88203.359375
Migori,2024,female,05,5-9,95290.34375
Mombasa,2024,female,05,5-9,71760.6640625
Murang'a,2024,female,05,5-9,55904.38671875
Nairobi,2024,female,05,5-9,258010.125
Nakuru,2024,female,05,5-9,148048.78125
Nandi,2024,female,05,5-9,59980.52734375
Narok,2024,female,05,5-9,115156.890625
Nyamira,2024,female,05,5-9,37515.60546875
Nyandarua,2024,female,05,5-9,36007.875
Nyeri,2024,female,05,5-9,36031.796875
Samburu,2024,female,05,5-9,30024.32421875
Siaya,2024,female,05,5-9,73860.0703125
TaitaTaveta,2024,female,05,5-9,19829.8359375
TanaRiver,2024,female,05,5-9,53917.390625
Tharaka-Nithi,2024,female,05,5-9,18282.828125
TransNzoia,2024,female,05,5-9,74828.203125
Turkana,2024,female,05,5-9,75537.890625
UasinGishu,2024,female,05,5-9,77095.328125
Vihiga,2024,female,05,5-9,37660.140625
Wajir,2024,female,05,5-9,71478.609375
WestPokot,2024,female,05,5-9,61343.1953125
Baringo,2024,female,10,10-14,50158.13671875
Bomet,2024,female,10,10-14,68804.015625
Bungoma,2024,female,10,10-14,163046.59375
Busia,2024,female,10,10-14,73360.203125
Elgeyo-Marakwet,2024,female,10,10-14,30616.31640625
Embu,2024,female,10,10-14,35707.421875
Garissa,2024,female,10,10-14,74242.640625
HomaBay,2024,female,10,10-14,91063.34375
Isiolo,2024,female,10,10-14,26659.390625
Kajiado,2024,female,10,10-14,82304.4375
Kakamega,2024,female,10,10-14,125471.375
Kericho,2024,female,10,10-14,65411.89453125
Kiambu,2024,female,10,10-14,132044.5625
Kilifi,2024,female,10,10-14,113064.984375
Kirinyaga,2024,female,10,10-14,43604.671875
Kisii,2024,female,10,10-14,96321.8125
Kisumu,2024,female,10,10-14,89060.40625
Kitui,2024,female,10,10-14,86605.9609375
Kwale,2024,female,10,10-14,69708.2265625
Laikipia,2024,female,10,10-14,34835.83203125
Lamu,2024,female,10,10-14,10395.669921875
Machakos,2024,female,10,10-14,89424.46875
Makueni,2024,female,10,10-14,67904.84375
Mandera,2024,female,10,10-14,76428.0625
Marsabit,2024,female,10,10-14,39843.0546875
Meru,2024,female,10,10-14,98102.0234375
Migori,2024,female,10,10-14,99218.625
Mombasa,2024,female,10,10-14,63636.390625
Murang'a,2024,female,10,10-14,57133.140625
Nairobi,2024,female,10,10-14,228390.28125
Nakuru,2024,female,10,10-14,152220.65625
Nandi,2024,female,10,10-14,64936.2578125
Narok,2024,female,10,10-14,103866.2421875
Nyamira,2024,female,10,10-14,44179.5546875
Nyandarua,2024,female,10,10-14,39302.7578125
Nyeri,2024,female,10,10-14,36501.890625
Samburu,2024,female,10,10-14,26678.888671875
Siaya,2024,female,10,10-14,80289.046875
TaitaTaveta,2024,female,10,10-14,20900.755859375
TanaRiver,2024,female,10,10-14,47969.4296875
Tharaka-Nithi,2024,female,10,10-14,20266.5703125
TransNzoia,2024,female,10,10-14,77843.390625
Turkana,2024,female,10,10-14,71303.8125
UasinGishu,2024,female,10,10-14,81361.515625
Vihiga,2024,female,10,10-14,42300.99609375
Wajir,2024,female,10,10-14,63112.1640625
WestPokot,2024,female,10,10-14,54183.453125
Baringo,2024,female,15,15-19,44509.6796875
Bomet,2024,female,15,15-19,64532.33203125
Bungoma,2024,female,15,15-19,147557.9375
Busia,2024,female,15,15-19,69346.8359375
Elgeyo-Marakwet,2024,female,15,15-19,28764.53125
Embu,2024,female,15,15-19,37202.9609375
Garissa,2024,female,15,15-19,64724.21875
HomaBay,2024,female,15,15-19,77955.9296875
Isiolo,2024,female,15,15-19,22989.8046875
Kajiado,2024,female,15,15-19,74482.5
Kakamega,2024,female,15,15-19,114504.390625
Kericho,2024,female,15,15-19,61950.29296875
Kiambu,2024,female,15,15-19,145950.0625
Kilifi,2024,female,15,15-19,106145.09375
Kirinyaga,2024,female,15,15-19,46268.8125
Kisii,2024,female,15,15-19,84714.71875
Kisumu,2024,female,15,15-19,84241.9765625
Kitui,2024,female,15,15-19,83999.328125
Kwale,2024,female,15,15-19,60859.234375
Laikipia,2024,female,15,15-19,33311.50390625
Lamu,2024,female,15,15-19,9442.9658203125
Machakos,2024,female,15,15-19,89472.71875
Makueni,2024,female,15,15-19,67242.359375
Mandera,2024,female,15,15-19,60711.953125
Marsabit,2024,female,15,15-19,33612.046875
Meru,2024,female,15,15-19,95872.296875
Migori,2024,female,15,15-19,84862.984375
Mombasa,2024,female,15,15-19,66407.546875
Murang'a,2024,female,15,15-19,56171.7890625
Nairobi,2024,female,15,15-19,258659.140625
Nakuru,2024,female,15,15-19,147565.359375
Nandi,2024,female,15,15-19,63223.703125
Narok,2024,female,15,15-19,80769.7734375
Nyamira,2024,female,15,15-19,37936.69921875
Nyandarua,2024,female,15,15-19,39813.83203125
Nyeri,2024,female,15,15-19,38791.96875
Samburu,2024,female,15,15-19,21313.029296875
Siaya,2024,female,15,15-19,70464.0
TaitaTaveta,2024,female,15,15-19,20305.89453125
TanaRiver,2024,female,15,15-19,38802.9375
Tharaka-Nithi,2024,female,15,15-19,20272.966796875
TransNzoia,2024,female,15,15-19,72348.515625
Turkana,2024,female,15,15-19,63215.77734375
UasinGishu,2024,female,15,15-19,83309.65625
Vihiga,2024,female,15,15-19,39518.3515625
Wajir,2024,female,15,15-19,50794.67578125
WestPokot,2024,female,15,15-19,43851.70703125
Baringo,2024,female,20,20-24,34370.828125
Bomet,2024,female,20,20-24,48882.0078125
Bungoma,2024,female,20,20-24,97318.921875
Busia,2024,female,20,20-24,46598.83984375
Elgeyo-Marakwet,2024,female,20,20-24,21824.63671875
Embu,2024,female,20,20-24,29916.16015625
Garissa,2024,female,20,20-24,49410.6015625
HomaBay,2024,female,20,20-24,57425.04296875
Isiolo,2024,female,20,20-24,18663.625
Kajiado,2024,female,20,20-24,89889.484375
Kakamega,2024,female,20,20-24,73506.53125
Kericho,2024,female,20,20-24,49672.9609375
Kiambu,2024,female,20,20-24,187990.96875
Kilifi,2024,female,20,20-24,85326.046875
Kirinyaga,2024,female,20,20-24,36443.73046875
Kisii,2024,female,20,20-24,61253.1875
Kisumu,2024,female,20,20-24,71892.796875
Kitui,2024,female,20,20-24,50046.0859375
Kwale,2024,female,20,20-24,47400.45703125
Laikipia,2024,female,20,20-24,26114.533203125
Lamu,2024,female,20,20-24,7526.35791015625
Machakos,2024,female,20,20-24,84246.046875
Makueni,2024,female,20,20-24,42100.30859375
Mandera,2024,female,20,20-24,42828.67578125
Marsabit,2024,female,20,20-24,26023.486328125
Meru,2024,female,20,20-24,73567.34375
Migori,2024,female,20,20-24,66132.7421875
Mombasa,2024,female,20,20-24,89687.625
Murang'a,2024,female,20,20-24,39801.8125
Nairobi,2024,female,20,20-24,395586.25
Nakuru,2024,female,20,20-24,131138.953125
Nandi,2024,female,20,20-24,46663.125
Narok,2024,female,20,20-24,67762.0625
Nyamira,2024,female,20,20-24,25389.1796875
Nyandarua,2024,female,20,20-24,25765.44921875
Nyeri,2024,female,20,20-24,30959.033203125
Samburu,2024,female,20,20-24,18442.83203125
Siaya,2024,female,20,20-24,49885.6796875
TaitaTaveta,2024,female,20,20-24,16537.55078125
TanaRiver,2024,female,20,20-24,32532.853515625
Tharaka-Nithi,2024,female,20,20-24,14681.16796875
TransNzoia,2024,female,20,20-24,50255.41015625
Turkana,2024,female,20,20-24,50044.62890625
UasinGishu,2024,female,20,20-24,78293.921875
Vihiga,2024,female,20,20-24,23126.82421875
Wajir,2024,female,20,20-24,36676.86328125
WestPokot,2024,female,20,20-24,35178.25
Baringo,2024,female,25,25-29,26120.767578125
Bomet,2024,female,25,25-29,39239.7421875
Bungoma,2024,female,25,25-29,75564.96875
Busia,2024,female,25,25-29,36329.48046875
Elgeyo-Marakwet,2024,female,25,25-29,16679.083984375
Embu,2024,female,25,25-29,24533.59375
Garissa,2024,female,25,25-29,41553.04296875
HomaBay,2024,female,25,25-29,45602.578125
Isiolo,2024,female,25,25-29,14966.37109375
Kajiado,2024,female,25,25-29,81413.53125
Kakamega,2024,female,25,25-29,58427.8359375
Kericho,2024,female,25,25-29,41504.453125
Kiambu,2024,female,25,25-29,165156.015625
Kilifi,2024,female,25,25-29,70506.6484375
Kirinyaga,2024,female,25,25-29,31943.525390625
Kisii,2024,female,25,25-29,54480.890625
Kisumu,2024,female,25,25-29,59513.2578125
Kitui,2024,female,25,25-29,38522.734375
Kwale,2024,female,25,25-29,40757.421875
Laikipia,2024,female,25,25-29,21578.359375
Lamu,2024,female,25,25-29,6187.2265625
Machakos,2024,female,25,25-29,73998.421875
Makueni,2024,female,25,25-29,35124.96484375
Mandera,2024,female,25,25-29,32418.345703125
Marsabit,2024,female,25,25-29,20272.3984375
Meru,2024,female,25,25-29,60427.65234375
Migori,2024,female,25,25-29,51103.89453125
Mombasa,2024,female,25,25-29,84588.0625
Murang'a,2024,female,25,25-29,34305.3203125
Nairobi,2024,female,25,25-29,374102.15625
Nakuru,2024,female,25,25-29,110942.6875
Nandi,2024,female,25,25-29,37992.7578125
Narok,2024,female,25,25-29,54835.390625
Nyamira,2024,female,25,25-29,24391.787109375
Nyandarua,2024,female,25,25-29,20827.37890625
Nyeri,2024,female,25,25-29,25888.16796875
Samburu,2024,female,25,25-29,13870.91796875
Siaya,2024,female,25,25-29,41009.89453125
TaitaTaveta,2024,female,25,25-29,14234.58203125
TanaRiver,2024,female,25,25-29,26518.2734375
Tharaka-Nithi,2024,female,25,25-29,12103.626953125
TransNzoia,2024,female,25,25-29,39992.734375
Turkana,2024,female,25,25-29,41384.609375
UasinGishu,2024,female,25,25-29,62516.5
Vihiga,2024,female,25,25-29,18013.6015625
Wajir,2024,female,25,25-29,32414.71875
WestPokot,2024,female,25,25-29,26542.14453125
Baringo,2024,female,30,30-34,20748.484375
Bomet,2024,female,30,30-34,35919.67578125
Bungoma,2024,female,30,30-34,69111.484375
Busia,2024,female,30,30-34,32403.25
Elgeyo-Marakwet,2024,female,30,30-34,14048.5830078125
Embu,2024,female,30,30-34,24878.11328125
Garissa,2024,female,30,30-34,30146.125
HomaBay,2024,female,30,30-34,42970.484375
Isiolo,2024,female,30,30-34,12700.2880859375
Kajiado,2024,female,30,30-34,64768.0546875
Kakamega,2024,female,30,30-34,56629.38671875
Kericho,2024,female,30,30-34,37632.6875
Kiambu,2024,female,30,30-34,138422.453125
Kilifi,2024,female,30,30-34,59609.3046875
Kirinyaga,2024,female,30,30-34,36587.33203125
Kisii,2024,female,30,30-34,53813.4375
Kisumu,2024,female,30,30-34,51317.2109375
Kitui,2024,female,30,30-34,38691.109375
Kwale,2024,female,30,30-34,34387.76953125
Laikipia,2024,female,30,30-34,20709.94140625
Lamu,2024,female,30,30-34,5607.68603515625
Machakos,2024,female,30,30-34,67066.4453125
Makueni,2024,female,30,30-34,34888.8125
Mandera,2024,female,30,30-34,24444.416015625
Marsabit,2024,female,30,30-34,15609.74609375
Meru,2024,female,30,30-34,61095.765625
Migori,2024,female,30,30-34,43847.875
Mombasa,2024,female,30,30-34,66866.1015625
Murang'a,2024,female,30,30-34,35894.67578125
Nairobi,2024,female,30,30-34,289289.46875
Nakuru,2024,female,30,30-34,99590.3984375
Nandi,2024,female,30,30-34,35839.3203125
Narok,2024,female,30,30-34,45134.5625
Nyamira,2024,female,30,30-34,25545.8984375
Nyandarua,2024,female,30,30-34,21927.39453125
Nyeri,2024,female,30,30-34,27480.46875
Samburu,2024,female,30,30-34,10679.408203125
Siaya,2024,female,30,30-34,38287.859375
TaitaTaveta,2024,female,30,30-34,12731.0078125
TanaRiver,2024,female,30,30-34,19872.87109375
Tharaka-Nithi,2024,female,30,30-34,12163.4921875
TransNzoia,2024,female,30,30-34,35827.80078125
Turkana,2024,female,30,30-34,31177.59375
UasinGishu,2024,female,30,30-34,52665.609375
Vihiga,2024,female,30,30-34,17703.65625
Wajir,2024,female,30,30-34,25351.55859375
WestPokot,2024,female,30,30-34,21028.43359375
Baringo,2024,female,35,35-39,17279.03515625
Bomet,2024,female,35,35-39,22486.009765625
Bungoma,2024,female,35,35-39,54458.95703125
Busia,2024,female,35,35-39,25611.81640625
Elgeyo-Marakwet,2024,female,35,35-39,11366.103515625
Embu,2024,female,35,35-39,26563.12890625
Garissa,2024,female,35,35-39,29348.185546875
HomaBay,2024,female,35,35-39,30348.91015625
Isiolo,2024,female,35,35-39,10226.87109375
Kajiado,2024,female,35,35-39,52683.4765625
Kakamega,2024,female,35,35-39,44836.2421875
Kericho,2024,female,35,35-39,25395.330078125
Kiambu,2024,female,35,35-39,129986.390625
Kilifi,2024,female,35,35-39,43569.6796875
Kirinyaga,2024,female,35,35-39,43250.42578125
Kisii,2024,female,35,35-39,37193.42578125
Kisumu,2024,female,35,35-39,38586.5390625
Kitui,2024,female,35,35-39,37772.1015625
Kwale,2024,female,35,35-39,28164.3359375
Laikipia,2024,female,35,35-39,19548.888671875
Lamu,2024,female,35,35-39,4992.37646484375
Machakos,2024,female,35,35-39,65450.6953125
Makueni,2024,female,35,35-39,35039.51953125
Mandera,2024,female,35,35-39,20014.8828125
Marsabit,2024,female,35,35-39,11679.87890625
Meru,2024,female,35,35-39,62903.9375
Migori,2024,female,35,35-39,30970.25
Mombasa,2024,female,35,35-39,56131.796875
Murang'a,2024,female,35,35-39,41579.171875
Nairobi,2024,female,35,35-39,236302.0
Nakuru,2024,female,35,35-39,87701.6875
Nandi,2024,female,35,35-39,27302.63671875
Narok,2024,female,35,35-39,33410.703125
Nyamira,2024,female,35,35-39,18132.76953125
Nyandarua,2024,female,35,35-39,24364.51953125
Nyeri,2024,female,35,35-39,31967.20703125
Samburu,2024,female,35,35-39,7732.3388671875
Siaya,2024,female,35,35-39,30985.375
TaitaTaveta,2024,female,35,35-39,12948.279296875
TanaRiver,2024,female,35,35-39,17403.16796875
Tharaka-Nithi,2024,female,35,35-39,12471.0244140625
TransNzoia,2024,female,35,35-39,29850.734375
Turkana,2024,female,35,35-39,26785.00390625
UasinGishu,2024,female,35,35-39,44150.91015625
Vihiga,2024,female,35,35-39,16933.26171875
Wajir,2024,female,35,35-39,21619.54296875
WestPokot,2024,female,35,35-39,15577.1533203125
Baringo,2024,female,40,40-44,14233.205078125
Bomet,2024,female,40,40-44,21618.90625
Bungoma,2024,female,40,40-44,50713.11328125
Busia,2024,female,40,40-44,22820.998046875
Elgeyo-Marakwet,2024,female,40,40-44,9724.013671875
Embu,2024,female,40,40-44,21783.46875
Garissa,2024,female,40,40-44,22556.208984375
HomaBay,2024,female,40,40-44,26410.42578125
Isiolo,2024,female,40,40-44,7173.369140625
Kajiado,2024,female,40,40-44,37587.5859375
Kakamega,2024,female,40,40-44,41352.51171875
Kericho,2024,female,40,40-44,22839.384765625
Kiambu,2024,female,40,40-44,94537.96875
Kilifi,2024,female,40,40-44,43323.52734375
Kirinyaga,2024,female,40,40-44,35868.15234375
Kisii,2024,female,40,40-44,31239.951171875
Kisumu,2024,female,40,40-44,29809.7265625
Kitui,2024,female,40,40-44,32559.677734375
Kwale,2024,female,40,40-44,25521.63671875
Laikipia,2024,female,40,40-44,16315.1943359375
Lamu,2024,female,40,40-44,4259.65185546875
Machakos,2024,female,40,40-44,51897.609375
Makueni,2024,female,40,40-44,29725.302734375
Mandera,2024,female,40,40-44,15636.904296875
Marsabit,2024,female,40,40-44,9455.8369140625
Meru,2024,female,40,40-44,48530.46875
Migori,2024,female,40,40-44,26231.5546875
Mombasa,2024,female,40,40-44,40387.859375
Murang'a,2024,female,40,40-44,35737.8984375
Nairobi,2024,female,40,40-44,155955.265625
Nakuru,2024,female,40,40-44,67567.84375
Nandi,2024,female,40,40-44,24075.3125
Narok,2024,female,40,40-44,28456.34375
Nyamira,2024,female,40,40-44,16282.09765625
Nyandarua,2024,female,40,40-44,20697.7734375
Nyeri,2024,female,40,40-44,27264.853515625
Samburu,2024,female,40,40-44,6263.6025390625
Siaya,2024,female,40,40-44,25954.6640625
TaitaTaveta,2024,female,40,40-44,10615.607421875
TanaRiver,2024,female,40,40-44,13353.900390625
Tharaka-Nithi,2024,female,40,40-44,10138.8720703125
TransNzoia,2024,female,40,40-44,26959.23046875
Turkana,2024,female,40,40-44,20228.791015625
UasinGishu,2024,female,40,40-44,34791.9296875
Vihiga,2024,female,40,40-44,15230.765625
Wajir,2024,female,40,40-44,16144.86328125
WestPokot,2024,female,40,40-44,13200.341796875
Baringo,2024,female,45,45-49,12953.990234375
Bomet,2024,female,45,45-49,20091.974609375
Bungoma,2024,female,45,45-49,40723.55078125
Busia,2024,female,45,45-49,18004.2265625
Elgeyo-Marakwet,2024,female,45,45-49,8949.32421875
Embu,2024,female,45,45-49,19045.83203125
Garissa,2024,female,45,45-49,12561.1982421875
HomaBay,2024,female,45,45-49,21259.689453125
Isiolo,2024,female,45,45-49,5499.693359375
Kajiado,2024,female,45,45-49,28278.95703125
Kakamega,2024,female,45,45-49,33257.7578125
Kericho,2024,female,45,45-49,20321.7734375
Kiambu,2024,female,45,45-49,73761.21875
Kilifi,2024,female,45,45-49,29686.119140625
Kirinyaga,2024,female,45,45-49,30664.298828125
Kisii,2024,female,45,45-49,30969.76953125
Kisumu,2024,female,45,45-49,21313.78515625
Kitui,2024,female,45,45-49,30811.73046875
Kwale,2024,female,45,45-49,18377.17578125
Laikipia,2024,female,45,45-49,13970.98046875
Lamu,2024,female,45,45-49,3531.228515625
Machakos,2024,female,45,45-49,40181.734375
Makueni,2024,female,45,45-49,29027.037109375
Mandera,2024,female,45,45-49,8403.6865234375
Marsabit,2024,female,45,45-49,7474.43408203125
Meru,2024,female,45,45-49,42133.46875
Migori,2024,female,45,45-49,21909.775390625
Mombasa,2024,female,45,45-49,27966.359375
Murang'a,2024,female,45,45-49,33153.38671875
Nairobi,2024,female,45,45-49,103960.4921875
Nakuru,2024,female,45,45-49,56505.359375
Nandi,2024,female,45,45-49,21084.7734375
Narok,2024,female,45,45-49,23673.400390625
Nyamira,2024,female,45,45-49,14748.08203125
Nyandarua,2024,female,45,45-49,19360.892578125
Nyeri,2024,female,45,45-49,24992.80078125
Samburu,2024,female,45,45-49,5776.94775390625
Siaya,2024,female,45,45-49,20896.646484375
TaitaTaveta,2024,female,45,45-49,9574.025390625
TanaRiver,2024,female,45,45-49,10729.2216796875
Tharaka-Nithi,2024,female,45,45-49,9884.744140625
TransNzoia,2024,female,45,45-49,21044.37890625
Turkana,2024,female,45,45-49,14930.8505859375
UasinGishu,2024,female,45,45-49,28451.4453125
Vihiga,2024,female,45,45-49,13064.0
Wajir,2024,female,45,45-49,8181.5927734375
WestPokot,2024,female,45,45-49,11652.87890625
Baringo,2024,female,50,50-54,10783.490234375
Bomet,2024,female,50,50-54,12955.0673828125
Bungoma,2024,female,50,50-54,36518.75390625
Busia,2024,female,50,50-54,18295.82421875
Elgeyo-Marakwet,2024,female,50,50-54,6495.623046875
Embu,2024,female,50,50-54,17393.98828125
Garissa,2024,female,50,50-54,12207.8798828125
HomaBay,2024,female,50,50-54,17569.3515625
Isiolo,2024,female,50,50-54,4567.1708984375
Kajiado,2024,female,50,50-54,21720.90234375
Kakamega,2024,female,50,50-54,32086.947265625
Kericho,2024,female,50,50-54,14036.23828125
Kiambu,2024,female,50,50-54,59055.5859375
Kilifi,2024,female,50,50-54,25837.75
Kirinyaga,2024,female,50,50-54,28126.48828125
Kisii,2024,female,50,50-54,19098.46484375
Kisumu,2024,female,50,50-54,20243.4921875
Kitui,2024,female,50,50-54,23887.482421875
Kwale,2024,female,50,50-54,12734.044921875
Laikipia,2024,female,50,50-54,12683.8291015625
Lamu,2024,female,50,50-54,2786.728515625
Machakos,2024,female,50,50-54,32783.67578125
Makueni,2024,female,50,50-54,21659.56640625
Mandera,2024,female,50,50-54,7308.380859375
Marsabit,2024,female,50,50-54,7004.75390625
Meru,2024,female,50,50-54,30713.490234375
Migori,2024,female,50,50-54,17261.38671875
Mombasa,2024,female,50,50-54,19150.25390625
Murang'a,2024,female,50,50-54,30236.21875
Nairobi,2024,female,50,50-54,72716.3984375
Nakuru,2024,female,50,50-54,44968.87109375
Nandi,2024,female,50,50-54,16400.677734375
Narok,2024,female,50,50-54,17604.185546875
Nyamira,2024,female,50,50-54,9756.7060546875
Nyandarua,2024,female,50,50-54,17605.439453125
Nyeri,2024,female,50,50-54,24909.33984375
Samburu,2024,female,50,50-54,4204.45703125
Siaya,2024,female,50,50-54,21367.5234375
TaitaTaveta,2024,female,50,50-54,8028.69091796875
TanaRiver,2024,female,50,50-54,8905.87109375
Tharaka-Nithi,2024,female,50,50-54,7223.63671875
TransNzoia,2024,female,50,50-54,18182.6796875
Turkana,2024,female,50,50-54,11644.365234375
UasinGishu,2024,female,50,50-54,20583.38671875
Vihiga,2024,female,50,50-54,13270.431640625
Wajir,2024,female,50,50-54,7075.1455078125
WestPokot,2024,female,50,50-54,8793.0654296875
Baringo,2024,female,55,55-59,7954.25390625
Bomet,2024,female,55,55-59,11945.2734375
Bungoma,2024,female,55,55-59,31502.96484375
Busia,2024,female,55,55-59,15462.0244140625
Elgeyo-Marakwet,2024,female,55,55-59,5744.9765625
Embu,2024,female,55,55-59,14301.021484375
Garissa,2024,female,55,55-59,4913.02734375
HomaBay,2024,female,55,55-59,16980.60546875
Isiolo,2024,female,55,55-59,3930.4228515625
Kajiado,2024,female,55,55-59,13922.6865234375
Kakamega,2024,female,55,55-59,26902.08984375
Kericho,2024,female,55,55-59,12888.7734375
Kiambu,2024,female,55,55-59,39635.8046875
Kilifi,2024,female,55,55-59,20355.2890625
Kirinyaga,2024,female,55,55-59,21918.05859375
Kisii,2024,female,55,55-59,23711.9765625
Kisumu,2024,female,55,55-59,17867.50390625
Kitui,2024,female,55,55-59,18818.123046875
Kwale,2024,female,55,55-59,10853.7080078125
Laikipia,2024,female,55,55-59,9732.39453125
Lamu,2024,female,55,55-59,2381.82373046875
Machakos,2024,female,55,55-59,26633.31640625
Makueni,2024,female,55,55-59,18291.166015625
Mandera,2024,female,55,55-59,4113.4375
Marsabit,2024,female,55,55-59,4719.541015625
Meru,2024,female,55,55-59,27762.359375
Migori,2024,female,55,55-59,15047.294921875
Mombasa,2024,female,55,55-59,13037.5634765625
Murang'a,2024,female,55,55-59,25435.08203125
Nairobi,2024,female,55,55-59,43836.25390625
Nakuru,2024,female,55,55-59,33098.3046875
Nandi,2024,female,55,55-59,13530.2978515625
Narok,2024,female,55,55-59,13491.41015625
Nyamira,2024,female,55,55-59,11346.1318359375
Nyandarua,2024,female,55,55-59,13061.4462890625
Nyeri,2024,female,55,55-59,18613.10546875
Samburu,2024,female,55,55-59,2869.5419921875
Siaya,2024,female,55,55-59,19160.845703125
TaitaTaveta,2024,female,55,55-59,6927.1376953125
TanaRiver,2024,female,55,55-59,6272.07568359375
Tharaka-Nithi,2024,female,55,55-59,6731.03369140625
TransNzoia,2024,female,55,55-59,14976.326171875
Turkana,2024,female,55,55-59,8007.8798828125
UasinGishu,2024,female,55,55-59,16159.203125
Vihiga,2024,female,55,55-59,11978.841796875
Wajir,2024,female,55,55-59,3944.3193359375
WestPokot,2024,female,55,55-59,6072.60302734375
Baringo,2024,female,60,60-64,6261.71484375
Bomet,2024,female,60,60-64,8437.6328125
Bungoma,2024,female,60,60-64,22832.640625
Busia,2024,female,60,60-64,11631.955078125
Elgeyo-Marakwet,2024,female,60,60-64,4295.6708984375
Embu,2024,female,60,60-64,9295.9990234375
Garissa,2024,female,60,60-64,6309.5517578125
HomaBay,2024,female,60,60-64,14071.4140625
Isiolo,2024,female,60,60-64,3084.10595703125
Kajiado,2024,female,60,60-64,9468.958984375
Kakamega,2024,female,60,60-64,21348.8125
Kericho,2024,female,60,60-64,9229.716796875
Kiambu,2024,female,60,60-64,23828.1328125
Kilifi,2024,female,60,60-64,21484.330078125
Kirinyaga,2024,female,60,60-64,13348.6728515625
Kisii,2024,female,60,60-64,18171.2109375
Kisumu,2024,female,60,60-64,14504.947265625
Kitui,2024,female,60,60-64,15115.6875
Kwale,2024,female,60,60-64,11585.9658203125
Laikipia,2024,female,60,60-64,6599.1142578125
Lamu,2024,female,60,60-64,1811.05615234375
Machakos,2024,female,60,60-64,21152.78515625
Makueni,2024,female,60,60-64,15876.0390625
Mandera,2024,female,60,60-64,3786.0615234375
Marsabit,2024,female,60,60-64,4052.088134765625
Meru,2024,female,60,60-64,20772.1875
Migori,2024,female,60,60-64,11785.1796875
Mombasa,2024,female,60,60-64,8757.13671875
Murang'a,2024,female,60,60-64,17348.525390625
Nairobi,2024,female,60,60-64,24497.48046875
Nakuru,2024,female,60,60-64,21203.517578125
Nandi,2024,female,60,60-64,9380.09765625
Narok,2024,female,60,60-64,9857.263671875
Nyamira,2024,female,60,60-64,8615.0068359375
Nyandarua,2024,female,60,60-64,7811.27587890625
Nyeri,2024,female,60,60-64,11935.703125
Samburu,2024,female,60,60-64,3037.238525390625
Siaya,2024,female,60,60-64,16768.4609375
TaitaTaveta,2024,female,60,60-64,5282.271484375
TanaRiver,2024,female,60,60-64,5839.1328125
Tharaka-Nithi,2024,female,60,60-64,5081.9697265625
TransNzoia,2024,female,60,60-64,10509.671875
Turkana,2024,female,60,60-64,7358.9111328125
UasinGishu,2024,female,60,60-64,10513.4365234375
Vihiga,2024,female,60,60-64,10322.0771484375
Wajir,2024,female,60,60-64,3294.370361328125
WestPokot,2024,female,60,60-64,5681.49365234375
Baringo,2024,female,65,65-69,4588.017578125
Bomet,2024,female,65,65-69,5816.47998046875
Bungoma,2024,female,65,65-69,14870.15625
Busia,2024,female,65,65-69,7831.03076171875
Elgeyo-Marakwet,2024,female,65,65-69,3107.58203125
Embu,2024,female,65,65-69,7278.2470703125
Garissa,2024,female,65,65-69,2188.01708984375
HomaBay,2024,female,65,65-69,10198.251953125
Isiolo,2024,female,65,65-69,1723.099609375
Kajiado,2024,female,65,65-69,5451.54638671875
Kakamega,2024,female,65,65-69,14475.1396484375
Kericho,2024,female,65,65-69,6022.5341796875
Kiambu,2024,female,65,65-69,16547.017578125
Kilifi,2024,female,65,65-69,12496.7353515625
Kirinyaga,2024,female,65,65-69,10384.3193359375
Kisii,2024,female,65,65-69,11541.65625
Kisumu,2024,female,65,65-69,10051.1552734375
Kitui,2024,female,65,65-69,12420.1083984375
Kwale,2024,female,65,65-69,7400.77587890625
Laikipia,2024,female,65,65-69,4837.70263671875
Lamu,2024,female,65,65-69,1202.505615234375
Machakos,2024,female,65,65-69,15342.1484375
Makueni,2024,female,65,65-69,12657.287109375
Mandera,2024,female,65,65-69,1679.671875
Marsabit,2024,female,65,65-69,2325.98828125
Meru,2024,female,65,65-69,15425.9638671875
Migori,2024,female,65,65-69,8202.0810546875
Mombasa,2024,female,65,65-69,5218.3935546875
Murang'a,2024,female,65,65-69,14448.47265625
Nairobi,2024,female,65,65-69,13797.43359375
Nakuru,2024,female,65,65-69,14623.052734375
Nandi,2024,female,65,65-69,6772.26611328125
Narok,2024,female,65,65-69,5725.6376953125
Nyamira,2024,female,65,65-69,5457.845703125
Nyandarua,2024,female,65,65-69,5680.6953125
Nyeri,2024,female,65,65-69,8999.8076171875
Samburu,2024,female,65,65-69,1779.6455078125
Siaya,2024,female,65,65-69,12878.76171875
TaitaTaveta,2024,female,65,65-69,3746.12841796875
TanaRiver,2024,female,65,65-69,3298.548828125
Tharaka-Nithi,2024,female,65,65-69,3971.07568359375
TransNzoia,2024,female,65,65-69,6765.1259765625
Turkana,2024,female,65,65-69,4878.5810546875
UasinGishu,2024,female,65,65-69,7070.45166015625
Vihiga,2024,female,65,65-69,7678.16015625
Wajir,2024,female,65,65-69,1512.315673828125
WestPokot,2024,female,65,65-69,4351.076171875
Baringo,2024,female,70,70-74,3024.2607421875
Bomet,2024,female,70,70-74,3670.53662109375
Bungoma,2024,female,70,70-74,8489.380859375
Busia,2024,female,70,70-74,4845.39453125
Elgeyo-Marakwet,2024,female,70,70-74,2101.26611328125
Embu,2024,female,70,70-74,4701.908203125
Garissa,2024,female,70,70-74,2706.35400390625
HomaBay,2024,female,70,70-74,6502.93408203125
Isiolo,2024,female,70,70-74,1294.686279296875
Kajiado,2024,female,70,70-74,3393.57421875
Kakamega,2024,female,70,70-74,8344.2373046875
Kericho,2024,female,70,70-74,3540.0830078125
Kiambu,2024,female,70,70-74,10480.4375
Kilifi,2024,female,70,70-74,7500.5732421875
Kirinyaga,2024,female,70,70-74,7065.349609375
Kisii,2024,female,70,70-74,6559.9033203125
Kisumu,2024,female,70,70-74,5951.72412109375
Kitui,2024,female,70,70-74,9163.2021484375
Kwale,2024,female,70,70-74,4558.87109375
Laikipia,2024,female,70,70-74,3202.13818359375
Lamu,2024,female,70,70-74,721.2977905273438
Machakos,2024,female,70,70-74,8729.3935546875
Makueni,2024,female,70,70-74,7515.35888671875
Mandera,2024,female,70,70-74,1500.4940185546875
Marsabit,2024,female,70,70-74,2010.120361328125
Meru,2024,female,70,70-74,10651.7763671875
Migori,2024,female,70,70-74,4895.8525390625
Mombasa,2024,female,70,70-74,2767.9765625
Murang'a,2024,female,70,70-74,10109.25
Nairobi,2024,female,70,70-74,7153.201171875
Nakuru,2024,female,70,70-74,9095.970703125
Nandi,2024,female,70,70-74,3906.3212890625
Narok,2024,female,70,70-74,3920.7900390625
Nyamira,2024,female,70,70-74,3378.65576171875
Nyandarua,2024,female,70,70-74,4098.16650390625
Nyeri,2024,female,70,70-74,6852.970703125
Samburu,2024,female,70,70-74,1371.0064697265625
Siaya,2024,female,70,70-74,8203.5703125
TaitaTaveta,2024,female,70,70-74,2311.630126953125
TanaRiver,2024,female,70,70-74,2304.345458984375
Tharaka-Nithi,2024,female,70,70-74,2749.463134765625
TransNzoia,2024,female,70,70-74,3956.3056640625
Turkana,2024,female,70,70-74,3467.690673828125
UasinGishu,2024,female,70,70-74,3963.16259765625
Vihiga,2024,female,70,70-74,4650.53369140625
Wajir,2024,female,70,70-74,1242.947998046875
WestPokot,2024,female,70,70-74,2727.52197265625
Baringo,2024,female,75,75-79,1817.57177734375
Bomet,2024,female,75,75-79,2637.815185546875
Bungoma,2024,female,75,75-79,6176.50634765625
Busia,2024,female,75,75-79,3301.26611328125
Elgeyo-Marakwet,2024,female,75,75-79,1443.649169921875
Embu,2024,female,75,75-79,2970.48095703125
Garissa,2024,female,75,75-79,1033.4061279296875
HomaBay,2024,female,75,75-79,4070.835693359375
Isiolo,2024,female,75,75-79,658.5059814453125
Kajiado,2024,female,75,75-79,2026.468505859375
Kakamega,2024,female,75,75-79,6312.04443359375
Kericho,2024,female,75,75-79,2306.298095703125
Kiambu,2024,female,75,75-79,7735.57470703125
Kilifi,2024,female,75,75-79,4797.20556640625
Kirinyaga,2024,female,75,75-79,4278.29052734375
Kisii,2024,female,75,75-79,3888.241455078125
Kisumu,2024,female,75,75-79,3878.57275390625
Kitui,2024,female,75,75-79,5376.5859375
Kwale,2024,female,75,75-79,2352.25048828125
Laikipia,2024,female,75,75-79,2249.187255859375
Lamu,2024,female,75,75-79,379.0005798339844
Machakos,2024,female,75,75-79,6096.65771484375
Makueni,2024,female,75,75-79,5052.1123046875
Mandera,2024,female,75,75-79,573.5939331054688
Marsabit,2024,female,75,75-79,858.4425048828125
Meru,2024,female,75,75-79,6007.5693359375
Migori,2024,female,75,75-79,3292.96044921875
Mombasa,2024,female,75,75-79,1502.775634765625
Murang'a,2024,female,75,75-79,7923.560546875
Nairobi,2024,female,75,75-79,4082.076904296875
Nakuru,2024,female,75,75-79,6573.1025390625
Nandi,2024,female,75,75-79,2953.41796875
Narok,2024,female,75,75-79,2339.86962890625
Nyamira,2024,female,75,75-79,1960.377685546875
Nyandarua,2024,female,75,75-79,3525.17041015625
Nyeri,2024,female,75,75-79,5359.81201171875
Samburu,2024,female,75,75-79,751.9459838867188
Siaya,2024,female,75,75-79,5617.029296875
TaitaTaveta,2024,female,75,75-79,1494.766845703125
TanaRiver,2024,female,75,75-79,1086.25146484375
Tharaka-Nithi,2024,female,75,75-79,1680.3289794921875
TransNzoia,2024,female,75,75-79,2766.092529296875
Turkana,2024,female,75,75-79,1896.1005859375
UasinGishu,2024,female,75,75-79,3095.761962890625
Vihiga,2024,female,75,75-79,3568.05078125
Wajir,2024,female,75,75-79,513.4412231445312
WestPokot,2024,female,75,75-79,1488.2896728515625
Baringo,2024,female,80,80-84,1151.353759765625
Bomet,2024,female,80,80-84,1871.9132080078125
Bungoma,2024,female,80,80-84,3748.682373046875
Busia,2024,female,80,80-84,2011.046142578125
Elgeyo-Marakwet,2024,female,80,80-84,895.964111328125
Embu,2024,female,80,80-84,2274.809326171875
Garissa,2024,female,80,80-84,655.8117065429688
HomaBay,2024,female,80,80-84,2394.240966796875
Isiolo,2024,female,80,80-84,427.9155578613281
Kajiado,2024,female,80,80-84,1235.072509765625
Kakamega,2024,female,80,80-84,3593.055908203125
Kericho,2024,female,80,80-84,1605.9921875
Kiambu,2024,female,80,80-84,5072.7373046875
Kilifi,2024,female,80,80-84,2708.519775390625
Kirinyaga,2024,female,80,80-84,3237.46044921875
Kisii,2024,female,80,80-84,2563.08740234375
Kisumu,2024,female,80,80-84,2258.921630859375
Kitui,2024,female,80,80-84,3647.368408203125
Kwale,2024,female,80,80-84,1355.7584228515625
Laikipia,2024,female,80,80-84,1282.84228515625
Lamu,2024,female,80,80-84,205.50869750976562
Machakos,2024,female,80,80-84,4525.064453125
Makueni,2024,female,80,80-84,3759.16943359375
Mandera,2024,female,80,80-84,320.37054443359375
Marsabit,2024,female,80,80-84,497.2367248535156
Meru,2024,female,80,80-84,4205.2470703125
Migori,2024,female,80,80-84,1970.122802734375
Mombasa,2024,female,80,80-84,800.1289672851562
Murang'a,2024,female,80,80-84,5435.3603515625
Nairobi,2024,female,80,80-84,2260.26708984375
Nakuru,2024,female,80,80-84,4037.0146484375
Nandi,2024,female,80,80-84,1921.77099609375
Narok,2024,female,80,80-84,1441.61962890625
Nyamira,2024,female,80,80-84,1248.438232421875
Nyandarua,2024,female,80,80-84,1976.25439453125
Nyeri,2024,female,80,80-84,3387.443603515625
Samburu,2024,female,80,80-84,430.66107177734375
Siaya,2024,female,80,80-84,3418.94287109375
TaitaTaveta,2024,female,80,80-84,982.7241821289062
TanaRiver,2024,female,80,80-84,609.014892578125
Tharaka-Nithi,2024,female,80,80-84,1167.704345703125
TransNzoia,2024,female,80,80-84,1678.7794189453125
Turkana,2024,female,80,80-84,909.179443359375
UasinGishu,2024,female,80,80-84,1964.119384765625
Vihiga,2024,female,80,80-84,2278.692626953125
Wajir,2024,female,80,80-84,276.7550964355469
WestPokot,2024,female,80,80-84,808.8638305664062
Baringo,2024,female,85,85-89,724.4284057617188
Bomet,2024,female,85,85-89,1070.4744873046875
Bungoma,2024,female,85,85-89,1739.30029296875
Busia,2024,female,85,85-89,1028.3175048828125
Elgeyo-Marakwet,2024,female,85,85-89,474.3610534667969
Embu,2024,female,85,85-89,1579.84033203125
Garissa,2024,female,85,85-89,1107.5167236328125
HomaBay,2024,female,85,85-89,1251.8388671875
Isiolo,2024,female,85,85-89,356.0852355957031
Kajiado,2024,female,85,85-89,742.2401123046875
Kakamega,2024,female,85,85-89,1497.0458984375
Kericho,2024,female,85,85-89,992.0731811523438
Kiambu,2024,female,85,85-89,2584.6630859375
Kilifi,2024,female,85,85-89,1376.7540283203125
Kirinyaga,2024,female,85,85-89,2324.438720703125
Kisii,2024,female,85,85-89,1564.1817626953125
Kisumu,2024,female,85,85-89,1099.2265625
Kitui,2024,female,85,85-89,2580.54345703125
Kwale,2024,female,85,85-89,836.7049560546875
Laikipia,2024,female,85,85-89,591.8070678710938
Lamu,2024,female,85,85-89,117.37669372558594
Machakos,2024,female,85,85-89,2708.37744140625
Makueni,2024,female,85,85-89,2326.829345703125
Mandera,2024,female,85,85-89,360.5137023925781
Marsabit,2024,female,85,85-89,479.9795837402344
Meru,2024,female,85,85-89,2918.51318359375
Migori,2024,female,85,85-89,993.5157470703125
Mombasa,2024,female,85,85-89,408.29119873046875
Murang'a,2024,female,85,85-89,2699.2392578125
Nairobi,2024,female,85,85-89,1130.9906005859375
Nakuru,2024,female,85,85-89,1920.530517578125
Nandi,2024,female,85,85-89,924.45556640625
Narok,2024,female,85,85-89,893.930419921875
Nyamira,2024,female,85,85-89,763.6510009765625
Nyandarua,2024,female,85,85-89,777.7188720703125
Nyeri,2024,female,85,85-89,1673.424560546875
Samburu,2024,female,85,85-89,293.1777038574219
Siaya,2024,female,85,85-89,1676.40771484375
TaitaTaveta,2024,female,85,85-89,579.8106689453125
TanaRiver,2024,female,85,85-89,507.730224609375
Tharaka-Nithi,2024,female,85,85-89,771.3665771484375
TransNzoia,2024,female,85,85-89,807.517333984375
Turkana,2024,female,85,85-89,461.5889892578125
UasinGishu,2024,female,85,85-89,891.201416015625
Vihiga,2024,female,85,85-89,1076.07421875
Wajir,2024,female,85,85-89,268.2724609375
WestPokot,2024,female,85,85-89,451.6344299316406
Baringo,2024,female,90,90+,529.4293212890625
Bomet,2024,female,90,90+,587.4368896484375
Bungoma,2024,female,90,90+,920.44873046875
Busia,2024,female,90,90+,588.475830078125
Elgeyo-Marakwet,2024,female,90,90+,284.97802734375
Embu,2024,female,90,90+,973.2943725585938
Garissa,2024,female,90,90+,1233.994873046875
HomaBay,2024,female,90,90+,732.3760986328125
Isiolo,2024,female,90,90+,298.6974182128906
Kajiado,2024,female,90,90+,498.3294677734375
Kakamega,2024,female,90,90+,727.2930908203125
Kericho,2024,female,90,90+,638.5083618164062
Kiambu,2024,female,90,90+,1389.648681640625
Kilifi,2024,female,90,90+,749.0528564453125
Kirinyaga,2024,female,90,90+,1433.1484375
Kisii,2024,female,90,90+,993.8262939453125
Kisumu,2024,female,90,90+,600.783447265625
Kitui,2024,female,90,90+,1889.7283935546875
Kwale,2024,female,90,90+,536.156494140625
Laikipia,2024,female,90,90+,334.29754638671875
Lamu,2024,female,90,90+,93.17154693603516
Machakos,2024,female,90,90+,1548.5693359375
Makueni,2024,female,90,90+,1317.466796875
Mandera,2024,female,90,90+,443.237548828125
Marsabit,2024,female,90,90+,504.889404296875
Meru,2024,female,90,90+,1760.5264892578125
Migori,2024,female,90,90+,595.6497802734375
Mombasa,2024,female,90,90+,269.52978515625
Murang'a,2024,female,90,90+,1229.6041259765625
Nairobi,2024,female,90,90+,682.3845825195312
Nakuru,2024,female,90,90+,1008.4324951171875
Nandi,2024,female,90,90+,488.3409423828125
Narok,2024,female,90,90+,582.667236328125
Nyamira,2024,female,90,90+,479.86480712890625
Nyandarua,2024,female,90,90+,377.3918762207031
Nyeri,2024,female,90,90+,873.1845703125
Samburu,2024,female,90,90+,217.6168212890625
Siaya,2024,female,90,90+,847.03125
TaitaTaveta,2024,female,90,90+,379.3160705566406
TanaRiver,2024,female,90,90+,462.6005859375
Tharaka-Nithi,2024,female,90,90+,493.3367614746094
TransNzoia,2024,female,90,90+,430.2100830078125
Turkana,2024,female,90,90+,311.1407775878906
UasinGishu,2024,female,90,90+,452.8666076660156
Vihiga,2024,female,90,90+,537.3763427734375
Wajir,2024,female,90,90+,333.9342346191406
WestPokot,2024,female,90,90+,318.0888671875
Baringo,2024,male,00,0-1,10953.4208984375
Bomet,2024,male,00,0-1,13127.86328125
Bungoma,2024,male,00,0-1,29299.21875
Busia,2024,male,00,0-1,13063.3984375
Elgeyo-Marakwet,2024,male,00,0-1,6357.11083984375
Embu,2024,male,00,0-1,7311.859375
Garissa,2024,male,00,0-1,17648.564453125
HomaBay,2024,male,00,0-1,17455.720703125
Isiolo,2024,male,00,0-1,6533.443359375
Kajiado,2024,male,00,0-1,22198.814453125
Kakamega,2024,male,00,0-1,21243.197265625
Kericho,2024,male,00,0-1,12691.892578125
Kiambu,2024,male,00,0-1,36464.61328125
Kilifi,2024,male,00,0-1,24544.77734375
Kirinyaga,2024,male,00,0-1,9087.1484375
Kisii,2024,male,00,0-1,15788.90234375
Kisumu,2024,male,00,0-1,16784.8515625
Kitui,2024,male,00,0-1,14209.572265625
Kwale,2024,male,00,0-1,16307.7958984375
Laikipia,2024,male,00,0-1,8027.408203125
Lamu,2024,male,00,0-1,2463.1259765625
Machakos,2024,male,00,0-1,18710.201171875
Makueni,2024,male,00,0-1,10900.701171875
Mandera,2024,male,00,0-1,17794.4453125
Marsabit,2024,male,00,0-1,9160.939453125
Meru,2024,male,00,0-1,19151.74609375
Migori,2024,male,00,0-1,19622.703125
Mombasa,2024,male,00,0-1,18142.857421875
Murang'a,2024,male,00,0-1,12171.455078125
Nairobi,2024,male,00,0-1,69400.796875
Nakuru,2024,male,00,0-1,34161.765625
Nandi,2024,male,00,0-1,12286.89453125
Narok,2024,male,00,0-1,24393.294921875
Nyamira,2024,male,00,0-1,6863.46875
Nyandarua,2024,male,00,0-1,7656.6728515625
Nyeri,2024,male,00,0-1,7963.541015625
Samburu,2024,male,00,0-1,6460.2451171875
Siaya,2024,male,00,0-1,14384.73046875
TaitaTaveta,2024,male,00,0-1,4563.806640625
TanaRiver,2024,male,00,0-1,12475.7412109375
Tharaka-Nithi,2024,male,00,0-1,3768.1123046875
TransNzoia,2024,male,00,0-1,15212.29296875
Turkana,2024,male,00,0-1,15581.9013671875
UasinGishu,2024,male,00,0-1,17204.5078125
Vihiga,2024,male,00,0-1,6819.83251953125
Wajir,2024,male,00,0-1,14494.650390625
WestPokot,2024,male,00,0-1,14252.3623046875
Baringo,2024,male,01,1-4,42005.53125
Bomet,2024,male,01,1-4,50344.34765625
Bungoma,2024,male,01,1-4,112359.0546875
Busia,2024,male,01,1-4,50094.4140625
Elgeyo-Marakwet,2024,male,01,1-4,24379.03125
Embu,2024,male,01,1-4,28040.41796875
Garissa,2024,male,01,1-4,67680.1015625
HomaBay,2024,male,01,1-4,66941.3515625
Isiolo,2024,male,01,1-4,25055.248046875
Kajiado,2024,male,01,1-4,85123.6875
Kakamega,2024,male,01,1-4,81466.0234375
Kericho,2024,male,01,1-4,48672.4296875
Kiambu,2024,male,01,1-4,139838.984375
Kilifi,2024,male,01,1-4,94127.328125
Kirinyaga,2024,male,01,1-4,34848.51171875
Kisii,2024,male,01,1-4,60549.21875
Kisumu,2024,male,01,1-4,64368.6171875
Kitui,2024,male,01,1-4,54492.61328125
Kwale,2024,male,01,1-4,62538.7578125
Laikipia,2024,male,01,1-4,30784.490234375
Lamu,2024,male,01,1-4,9445.8974609375
Machakos,2024,male,01,1-4,71752.1796875
Makueni,2024,male,01,1-4,41803.34765625
Mandera,2024,male,01,1-4,68222.6953125
Marsabit,2024,male,01,1-4,35131.484375
Meru,2024,male,01,1-4,73445.46875
Migori,2024,male,01,1-4,75244.3046875
Mombasa,2024,male,01,1-4,69576.46875
Murang'a,2024,male,01,1-4,46676.59375
Nairobi,2024,male,01,1-4,266146.71875
Nakuru,2024,male,01,1-4,131007.765625
Nandi,2024,male,01,1-4,47119.296875
Narok,2024,male,01,1-4,93546.0390625
Nyamira,2024,male,01,1-4,26320.875
Nyandarua,2024,male,01,1-4,29362.751953125
Nyeri,2024,male,01,1-4,30539.56640625
Samburu,2024,male,01,1-4,24774.54296875
Siaya,2024,male,01,1-4,55164.3359375
TaitaTaveta,2024,male,01,1-4,17501.20703125
TanaRiver,2024,male,01,1-4,47843.5078125
Tharaka-Nithi,2024,male,01,1-4,14450.421875
TransNzoia,2024,male,01,1-4,58337.78125
Turkana,2024,male,01,1-4,59755.24609375
UasinGishu,2024,male,01,1-4,65977.9609375
Vihiga,2024,male,01,1-4,26153.53515625
Wajir,2024,male,01,1-4,55585.8671875
WestPokot,2024,male,01,1-4,54655.703125
Baringo,2024,male,05,5-9,52108.0
Bomet,2024,male,05,5-9,65806.6953125
Bungoma,2024,male,05,5-9,153893.34375
Busia,2024,male,05,5-9,65897.8203125
Elgeyo-Marakwet,2024,male,05,5-9,30867.83203125
Embu,2024,male,05,5-9,32619.046875
Garissa,2024,male,05,5-9,94921.015625
HomaBay,2024,male,05,5-9,84195.453125
Isiolo,2024,male,05,5-9,30841.837890625
Kajiado,2024,male,05,5-9,92757.8046875
Kakamega,2024,male,05,5-9,114754.34375
Kericho,2024,male,05,5-9,61963.234375
Kiambu,2024,male,05,5-9,141563.78125
Kilifi,2024,male,05,5-9,113991.234375
Kirinyaga,2024,male,05,5-9,40811.328125
Kisii,2024,male,05,5-9,85306.34375
Kisumu,2024,male,05,5-9,79934.75
Kitui,2024,male,05,5-9,73886.09375
Kwale,2024,male,05,5-9,75019.6875
Laikipia,2024,male,05,5-9,35592.9921875
Lamu,2024,male,05,5-9,11053.35546875
Machakos,2024,male,05,5-9,85076.0859375
Makueni,2024,male,05,5-9,57168.6328125
Mandera,2024,male,05,5-9,84867.9375
Marsabit,2024,male,05,5-9,45419.8671875
Meru,2024,male,05,5-9,89371.4296875
Migori,2024,male,05,5-9,94641.984375
Mombasa,2024,male,05,5-9,70891.4375
Murang'a,2024,male,05,5-9,56869.98046875
Nairobi,2024,male,05,5-9,255661.21875
Nakuru,2024,male,05,5-9,151660.6875
Nandi,2024,male,05,5-9,60972.09375
Narok,2024,male,05,5-9,117742.78125
Nyamira,2024,male,05,5-9,38020.1171875
Nyandarua,2024,male,05,5-9,37041.1328125
Nyeri,2024,male,05,5-9,36585.66015625
Samburu,2024,male,05,5-9,30774.14453125
Siaya,2024,male,05,5-9,73590.7890625
TaitaTaveta,2024,male,05,5-9,20010.359375
TanaRiver,2024,male,05,5-9,58302.9765625
Tharaka-Nithi,2024,male,05,5-9,18489.859375
TransNzoia,2024,male,05,5-9,75304.046875
Turkana,2024,male,05,5-9,78857.4453125
UasinGishu,2024,male,05,5-9,78663.5
Vihiga,2024,male,05,5-9,37310.30859375
Wajir,2024,male,05,5-9,75110.3515625
WestPokot,2024,male,05,5-9,61523.89453125
Baringo,2024,male,10,10-14,52725.703125
Bomet,2024,male,10,10-14,68639.125
Bungoma,2024,male,10,10-14,160585.84375
Busia,2024,male,10,10-14,71323.2734375
Elgeyo-Marakwet,2024,male,10,10-14,30437.681640625
Embu,2024,male,10,10-14,36143.28515625
Garissa,2024,male,10,10-14,94371.078125
HomaBay,2024,male,10,10-14,90564.734375
Isiolo,2024,male,10,10-14,29681.765625
Kajiado,2024,male,10,10-14,79251.96875
Kakamega,2024,male,10,10-14,122223.40625
Kericho,2024,male,10,10-14,65091.30859375
Kiambu,2024,male,10,10-14,129118.578125
Kilifi,2024,male,10,10-14,112236.5546875
Kirinyaga,2024,male,10,10-14,43468.47265625
Kisii,2024,male,10,10-14,95977.3671875
Kisumu,2024,male,10,10-14,87088.3125
Kitui,2024,male,10,10-14,87723.90625
Kwale,2024,male,10,10-14,70194.3828125
Laikipia,2024,male,10,10-14,36111.2578125
Lamu,2024,male,10,10-14,10831.712890625
Machakos,2024,male,10,10-14,90085.2578125
Makueni,2024,male,10,10-14,68730.265625
Mandera,2024,male,10,10-14,83698.3125
Marsabit,2024,male,10,10-14,44665.6640625
Meru,2024,male,10,10-14,97616.671875
Migori,2024,male,10,10-14,97290.3125
Mombasa,2024,male,10,10-14,61609.640625
Murang'a,2024,male,10,10-14,58625.140625
Nairobi,2024,male,10,10-14,215857.953125
Nakuru,2024,male,10,10-14,152738.84375
Nandi,2024,male,10,10-14,65500.53515625
Narok,2024,male,10,10-14,105761.328125
Nyamira,2024,male,10,10-14,44534.8359375
Nyandarua,2024,male,10,10-14,41043.2421875
Nyeri,2024,male,10,10-14,37516.7578125
Samburu,2024,male,10,10-14,28390.236328125
Siaya,2024,male,10,10-14,80274.3515625
TaitaTaveta,2024,male,10,10-14,21125.2578125
TanaRiver,2024,male,10,10-14,51885.75390625
Tharaka-Nithi,2024,male,10,10-14,20350.20703125
TransNzoia,2024,male,10,10-14,78044.921875
Turkana,2024,male,10,10-14,78863.2421875
UasinGishu,2024,male,10,10-14,80214.7421875
Vihiga,2024,male,10,10-14,41603.265625
Wajir,2024,male,10,10-14,77078.96875
WestPokot,2024,male,10,10-14,54278.27734375
Baringo,2024,male,15,15-19,47532.5703125
Bomet,2024,male,15,15-19,65135.9453125
Bungoma,2024,male,15,15-19,147516.671875
Busia,2024,male,15,15-19,67338.7265625
Elgeyo-Marakwet,2024,male,15,15-19,29002.3984375
Embu,2024,male,15,15-19,38072.3828125
Garissa,2024,male,15,15-19,80646.40625
HomaBay,2024,male,15,15-19,76630.734375
Isiolo,2024,male,15,15-19,27408.02734375
Kajiado,2024,male,15,15-19,69105.1328125
Kakamega,2024,male,15,15-19,112005.703125
Kericho,2024,male,15,15-19,61964.6328125
Kiambu,2024,male,15,15-19,129663.96875
Kilifi,2024,male,15,15-19,105615.75
Kirinyaga,2024,male,15,15-19,46824.9921875
Kisii,2024,male,15,15-19,82178.6875
Kisumu,2024,male,15,15-19,78956.8125
Kitui,2024,male,15,15-19,85798.1484375
Kwale,2024,male,15,15-19,61151.6953125
Laikipia,2024,male,15,15-19,34957.7890625
Lamu,2024,male,15,15-19,10117.361328125
Machakos,2024,male,15,15-19,89651.40625
Makueni,2024,male,15,15-19,70739.7890625
Mandera,2024,male,15,15-19,70266.140625
Marsabit,2024,male,15,15-19,42598.50390625
Meru,2024,male,15,15-19,91482.546875
Migori,2024,male,15,15-19,81169.734375
Mombasa,2024,male,15,15-19,57481.53125
Murang'a,2024,male,15,15-19,60073.5703125
Nairobi,2024,male,15,15-19,207163.640625
Nakuru,2024,male,15,15-19,147331.5
Nandi,2024,male,15,15-19,63591.125
Narok,2024,male,15,15-19,84415.6796875
Nyamira,2024,male,15,15-19,37283.2734375
Nyandarua,2024,male,15,15-19,42051.3359375
Nyeri,2024,male,15,15-19,40303.47265625
Samburu,2024,male,15,15-19,25185.66015625
Siaya,2024,male,15,15-19,69825.375
TaitaTaveta,2024,male,15,15-19,20835.828125
TanaRiver,2024,male,15,15-19,41618.34375
Tharaka-Nithi,2024,male,15,15-19,20017.181640625
TransNzoia,2024,male,15,15-19,73327.0703125
Turkana,2024,male,15,15-19,78481.3828125
UasinGishu,2024,male,15,15-19,80319.8359375
Vihiga,2024,male,15,15-19,39295.5
Wajir,2024,male,15,15-19,67073.15625
WestPokot,2024,male,15,15-19,44606.04296875
Baringo,2024,male,20,20-24,36070.8828125
Bomet,2024,male,20,20-24,46929.0
Bungoma,2024,male,20,20-24,93520.4296875
Busia,2024,male,20,20-24,43384.734375
Elgeyo-Marakwet,2024,male,20,20-24,23340.892578125
Embu,2024,male,20,20-24,32623.7109375
Garissa,2024,male,20,20-24,58116.1015625
HomaBay,2024,male,20,20-24,51073.65625
Isiolo,2024,male,20,20-24,20725.53515625
Kajiado,2024,male,20,20-24,80563.21875
Kakamega,2024,male,20,20-24,69891.5
Kericho,2024,male,20,20-24,48919.125
Kiambu,2024,male,20,20-24,170134.09375
Kilifi,2024,male,20,20-24,81564.0703125
Kirinyaga,2024,male,20,20-24,38458.328125
Kisii,2024,male,20,20-24,53091.73046875
Kisumu,2024,male,20,20-24,63937.7890625
Kitui,2024,male,20,20-24,50681.15234375
Kwale,2024,male,20,20-24,42747.9765625
Laikipia,2024,male,20,20-24,26410.662109375
Lamu,2024,male,20,20-24,9496.078125
Machakos,2024,male,20,20-24,87008.15625
Makueni,2024,male,20,20-24,48499.4453125
Mandera,2024,male,20,20-24,44923.9375
Marsabit,2024,male,20,20-24,31789.384765625
Meru,2024,male,20,20-24,76346.03125
Migori,2024,male,20,20-24,57525.98828125
Mombasa,2024,male,20,20-24,81072.40625
Murang'a,2024,male,20,20-24,43877.65234375
Nairobi,2024,male,20,20-24,335872.3125
Nakuru,2024,male,20,20-24,134057.671875
Nandi,2024,male,20,20-24,47523.02734375
Narok,2024,male,20,20-24,64500.875
Nyamira,2024,male,20,20-24,22308.9765625
Nyandarua,2024,male,20,20-24,27702.3828125
Nyeri,2024,male,20,20-24,33511.21875
Samburu,2024,male,20,20-24,18970.35546875
Siaya,2024,male,20,20-24,45227.21875
TaitaTaveta,2024,male,20,20-24,18052.63671875
TanaRiver,2024,male,20,20-24,33496.046875
Tharaka-Nithi,2024,male,20,20-24,14863.87890625
TransNzoia,2024,male,20,20-24,49736.12109375
Turkana,2024,male,20,20-24,62897.94921875
UasinGishu,2024,male,20,20-24,78314.6015625
Vihiga,2024,male,20,20-24,23336.32421875
Wajir,2024,male,20,20-24,41607.0703125
WestPokot,2024,male,20,20-24,33847.1640625
Baringo,2024,male,25,25-29,25486.578125
Bomet,2024,male,25,25-29,35796.078125
Bungoma,2024,male,25,25-29,65697.1875
Busia,2024,male,25,25-29,29632.078125
Elgeyo-Marakwet,2024,male,25,25-29,16837.951171875
Embu,2024,male,25,25-29,26890.65625
Garissa,2024,male,25,25-29,36281.1796875
HomaBay,2024,male,25,25-29,36707.85546875
Isiolo,2024,male,25,25-29,16210.314453125
Kajiado,2024,male,25,25-29,79127.5859375
Kakamega,2024,male,25,25-29,47720.0390625
Kericho,2024,male,25,25-29,39719.9296875
Kiambu,2024,male,25,25-29,161328.59375
Kilifi,2024,male,25,25-29,62288.7890625
Kirinyaga,2024,male,25,25-29,32233.5625
Kisii,2024,male,25,25-29,42961.76171875
Kisumu,2024,male,25,25-29,52491.828125
Kitui,2024,male,25,25-29,34559.046875
Kwale,2024,male,25,25-29,34795.22265625
Laikipia,2024,male,25,25-29,21374.59375
Lamu,2024,male,25,25-29,8204.17578125
Machakos,2024,male,25,25-29,76176.3671875
Makueni,2024,male,25,25-29,36351.65625
Mandera,2024,male,25,25-29,31344.021484375
Marsabit,2024,male,25,25-29,24531.810546875
Meru,2024,male,25,25-29,62666.17578125
Migori,2024,male,25,25-29,43358.7578125
Mombasa,2024,male,25,25-29,84282.1171875
Murang'a,2024,male,25,25-29,34484.68359375
Nairobi,2024,male,25,25-29,363040.09375
Nakuru,2024,male,25,25-29,106034.921875
Nandi,2024,male,25,25-29,35640.390625
Narok,2024,male,25,25-29,50350.71875
Nyamira,2024,male,25,25-29,18483.146484375
Nyandarua,2024,male,25,25-29,20261.697265625
Nyeri,2024,male,25,25-29,25791.9140625
Samburu,2024,male,25,25-29,13828.1884765625
Siaya,2024,male,25,25-29,33681.9453125
TaitaTaveta,2024,male,25,25-29,15419.46484375
TanaRiver,2024,male,25,25-29,24423.82421875
Tharaka-Nithi,2024,male,25,25-29,11870.7275390625
TransNzoia,2024,male,25,25-29,36458.71875
Turkana,2024,male,25,25-29,45275.76953125
UasinGishu,2024,male,25,25-29,62622.32421875
Vihiga,2024,male,25,25-29,15401.5654296875
Wajir,2024,male,25,25-29,31715.1796875
WestPokot,2024,male,25,25-29,25608.763671875
Baringo,2024,male,30,30-34,20903.59375
Bomet,2024,male,30,30-34,32513.046875
Bungoma,2024,male,30,30-34,60336.4921875
Busia,2024,male,30,30-34,27084.05859375
Elgeyo-Marakwet,2024,male,30,30-34,13952.84375
Embu,2024,male,30,30-34,26193.9453125
Garissa,2024,male,30,30-34,28788.119140625
HomaBay,2024,male,30,30-34,33946.90234375
Isiolo,2024,male,30,30-34,14291.5810546875
Kajiado,2024,male,30,30-34,68344.578125
Kakamega,2024,male,30,30-34,46221.46875
Kericho,2024,male,30,30-34,36315.97265625
Kiambu,2024,male,30,30-34,141209.34375
Kilifi,2024,male,30,30-34,48879.55859375
Kirinyaga,2024,male,30,30-34,36757.16796875
Kisii,2024,male,30,30-34,41421.15234375
Kisumu,2024,male,30,30-34,48304.06640625
Kitui,2024,male,30,30-34,32572.76953125
Kwale,2024,male,30,30-34,29567.9375
Laikipia,2024,male,30,30-34,20496.9609375
Lamu,2024,male,30,30-34,6910.2529296875
Machakos,2024,male,30,30-34,70605.1875
Makueni,2024,male,30,30-34,34258.640625
Mandera,2024,male,30,30-34,25292.89453125
Marsabit,2024,male,30,30-34,18871.845703125
Meru,2024,male,30,30-34,61653.9140625
Migori,2024,male,30,30-34,37976.921875
Mombasa,2024,male,30,30-34,71820.15625
Murang'a,2024,male,30,30-34,37190.48828125
Nairobi,2024,male,30,30-34,312235.6875
Nakuru,2024,male,30,30-34,96552.6015625
Nandi,2024,male,30,30-34,33896.65625
Narok,2024,male,30,30-34,44255.48828125
Nyamira,2024,male,30,30-34,18758.17578125
Nyandarua,2024,male,30,30-34,20575.322265625
Nyeri,2024,male,30,30-34,27320.62890625
Samburu,2024,male,30,30-34,10255.146484375
Siaya,2024,male,30,30-34,33031.80859375
TaitaTaveta,2024,male,30,30-34,14567.322265625
TanaRiver,2024,male,30,30-34,19228.787109375
Tharaka-Nithi,2024,male,30,30-34,11805.7470703125
TransNzoia,2024,male,30,30-34,33517.8046875
Turkana,2024,male,30,30-34,31596.1484375
UasinGishu,2024,male,30,30-34,52923.73046875
Vihiga,2024,male,30,30-34,15212.890625
Wajir,2024,male,30,30-34,26904.173828125
WestPokot,2024,male,30,30-34,20987.23046875
Baringo,2024,male,35,35-39,17747.671875
Bomet,2024,male,35,35-39,27769.015625
Bungoma,2024,male,35,35-39,53026.6328125
Busia,2024,male,35,35-39,24754.47265625
Elgeyo-Marakwet,2024,male,35,35-39,12188.75
Embu,2024,male,35,35-39,27390.671875
Garissa,2024,male,35,35-39,24428.37890625
HomaBay,2024,male,35,35-39,31209.44140625
Isiolo,2024,male,35,35-39,11518.369140625
Kajiado,2024,male,35,35-39,58071.89453125
Kakamega,2024,male,35,35-39,42829.90625
Kericho,2024,male,35,35-39,30766.1796875
Kiambu,2024,male,35,35-39,126841.734375
Kilifi,2024,male,35,35-39,41364.66015625
Kirinyaga,2024,male,35,35-39,42422.1171875
Kisii,2024,male,35,35-39,36272.2265625
Kisumu,2024,male,35,35-39,43488.5703125
Kitui,2024,male,35,35-39,31450.115234375
Kwale,2024,male,35,35-39,26081.783203125
Laikipia,2024,male,35,35-39,20138.486328125
Lamu,2024,male,35,35-39,5916.748046875
Machakos,2024,male,35,35-39,67841.03125
Makueni,2024,male,35,35-39,33901.66015625
Mandera,2024,male,35,35-39,17921.693359375
Marsabit,2024,male,35,35-39,13763.146484375
Meru,2024,male,35,35-39,64254.9296875
Migori,2024,male,35,35-39,32403.359375
Mombasa,2024,male,35,35-39,62107.5625
Murang'a,2024,male,35,35-39,40727.6484375
Nairobi,2024,male,35,35-39,257386.578125
Nakuru,2024,male,35,35-39,88198.5859375
Nandi,2024,male,35,35-39,30184.47265625
Narok,2024,male,35,35-39,36608.3984375
Nyamira,2024,male,35,35-39,17392.30078125
Nyandarua,2024,male,35,35-39,21949.548828125
Nyeri,2024,male,35,35-39,30096.287109375
Samburu,2024,male,35,35-39,7385.61962890625
Siaya,2024,male,35,35-39,30711.984375
TaitaTaveta,2024,male,35,35-39,14643.62890625
TanaRiver,2024,male,35,35-39,17325.53515625
Tharaka-Nithi,2024,male,35,35-39,12026.640625
TransNzoia,2024,male,35,35-39,30326.078125
Turkana,2024,male,35,35-39,24775.365234375
UasinGishu,2024,male,35,35-39,46718.3984375
Vihiga,2024,male,35,35-39,15284.57421875
Wajir,2024,male,35,35-39,20816.984375
WestPokot,2024,male,35,35-39,15638.10546875
Baringo,2024,male,40,40-44,14464.392578125
Bomet,2024,male,40,40-44,22636.47265625
Bungoma,2024,male,40,40-44,45452.55078125
Busia,2024,male,40,40-44,20619.041015625
Elgeyo-Marakwet,2024,male,40,40-44,10070.8623046875
Embu,2024,male,40,40-44,22786.302734375
Garissa,2024,male,40,40-44,25702.240234375
HomaBay,2024,male,40,40-44,24712.71484375
Isiolo,2024,male,40,40-44,9002.78125
Kajiado,2024,male,40,40-44,41705.48046875
Kakamega,2024,male,40,40-44,37016.1953125
Kericho,2024,male,40,40-44,25311.4375
Kiambu,2024,male,40,40-44,97855.875
Kilifi,2024,male,40,40-44,36918.859375
Kirinyaga,2024,male,40,40-44,35931.26953125
Kisii,2024,male,40,40-44,30591.1953125
Kisumu,2024,male,40,40-44,33312.453125
Kitui,2024,male,40,40-44,27666.185546875
Kwale,2024,male,40,40-44,23413.03125
Laikipia,2024,male,40,40-44,16885.765625
Lamu,2024,male,40,40-44,5120.65234375
Machakos,2024,male,40,40-44,54494.6484375
Makueni,2024,male,40,40-44,28836.3984375
Mandera,2024,male,40,40-44,17879.265625
Marsabit,2024,male,40,40-44,12034.5322265625
Meru,2024,male,40,40-44,52196.76953125
Migori,2024,male,40,40-44,25526.7734375
Mombasa,2024,male,40,40-44,50307.37109375
Murang'a,2024,male,40,40-44,36199.98828125
Nairobi,2024,male,40,40-44,187083.53125
Nakuru,2024,male,40,40-44,71759.1328125
Nandi,2024,male,40,40-44,25395.9296875
Narok,2024,male,40,40-44,29435.11328125
Nyamira,2024,male,40,40-44,15258.64453125
Nyandarua,2024,male,40,40-44,19013.3046875
Nyeri,2024,male,40,40-44,26496.1640625
Samburu,2024,male,40,40-44,6981.1357421875
Siaya,2024,male,40,40-44,24431.46875
TaitaTaveta,2024,male,40,40-44,12223.556640625
TanaRiver,2024,male,40,40-44,14734.85546875
Tharaka-Nithi,2024,male,40,40-44,10276.052734375
TransNzoia,2024,male,40,40-44,26024.7265625
Turkana,2024,male,40,40-44,20350.58984375
UasinGishu,2024,male,40,40-44,37262.109375
Vihiga,2024,male,40,40-44,13540.02734375
Wajir,2024,male,40,40-44,20470.716796875
WestPokot,2024,male,40,40-44,13110.904296875
Baringo,2024,male,45,45-49,12332.9345703125
Bomet,2024,male,45,45-49,19749.9609375
Bungoma,2024,male,45,45-49,37897.05078125
Busia,2024,male,45,45-49,15734.42578125
Elgeyo-Marakwet,2024,male,45,45-49,8916.587890625
Embu,2024,male,45,45-49,18904.978515625
Garissa,2024,male,45,45-49,15730.1103515625
HomaBay,2024,male,45,45-49,16828.654296875
Isiolo,2024,male,45,45-49,6225.76025390625
Kajiado,2024,male,45,45-49,32826.59375
Kakamega,2024,male,45,45-49,29630.5859375
Kericho,2024,male,45,45-49,21198.52734375
Kiambu,2024,male,45,45-49,77701.53125
Kilifi,2024,male,45,45-49,30384.984375
Kirinyaga,2024,male,45,45-49,30416.3203125
Kisii,2024,male,45,45-49,24419.677734375
Kisumu,2024,male,45,45-49,22551.375
Kitui,2024,male,45,45-49,25151.4921875
Kwale,2024,male,45,45-49,19061.44921875
Laikipia,2024,male,45,45-49,14020.26171875
Lamu,2024,male,45,45-49,4297.978515625
Machakos,2024,male,45,45-49,43973.3203125
Makueni,2024,male,45,45-49,26009.55078125
Mandera,2024,male,45,45-49,10276.8486328125
Marsabit,2024,male,45,45-49,8307.341796875
Meru,2024,male,45,45-49,41413.0
Migori,2024,male,45,45-49,19013.478515625
Mombasa,2024,male,45,45-49,38556.40625
Murang'a,2024,male,45,45-49,32264.837890625
Nairobi,2024,male,45,45-49,135504.796875
Nakuru,2024,male,45,45-49,58500.9140625
Nandi,2024,male,45,45-49,21110.7890625
Narok,2024,male,45,45-49,24450.138671875
Nyamira,2024,male,45,45-49,12441.556640625
Nyandarua,2024,male,45,45-49,17266.798828125
Nyeri,2024,male,45,45-49,24098.81640625
Samburu,2024,male,45,45-49,5431.92431640625
Siaya,2024,male,45,45-49,17636.85546875
TaitaTaveta,2024,male,45,45-49,10505.685546875
TanaRiver,2024,male,45,45-49,11310.279296875
Tharaka-Nithi,2024,male,45,45-49,9327.5869140625
TransNzoia,2024,male,45,45-49,20320.841796875
Turkana,2024,male,45,45-49,14543.783203125
UasinGishu,2024,male,45,45-49,29925.306640625
Vihiga,2024,male,45,45-49,11637.982421875
Wajir,2024,male,45,45-49,11580.017578125
WestPokot,2024,male,45,45-49,11585.0341796875
Baringo,2024,male,50,50-54,9694.814453125
Bomet,2024,male,50,50-54,12609.330078125
Bungoma,2024,male,50,50-54,30153.806640625
Busia,2024,male,50,50-54,13809.78515625
Elgeyo-Marakwet,2024,male,50,50-54,5999.03271484375
Embu,2024,male,50,50-54,15997.587890625
Garissa,2024,male,50,50-54,17442.36328125
HomaBay,2024,male,50,50-54,13064.134765625
Isiolo,2024,male,50,50-54,5447.20068359375
Kajiado,2024,male,50,50-54,24662.408203125
Kakamega,2024,male,50,50-54,25451.771484375
Kericho,2024,male,50,50-54,13951.03125
Kiambu,2024,male,50,50-54,61006.2734375
Kilifi,2024,male,50,50-54,24373.5625
Kirinyaga,2024,male,50,50-54,27383.326171875
Kisii,2024,male,50,50-54,18727.4375
Kisumu,2024,male,50,50-54,17495.33984375
Kitui,2024,male,50,50-54,19983.740234375
Kwale,2024,male,50,50-54,14968.755859375
Laikipia,2024,male,50,50-54,12256.298828125
Lamu,2024,male,50,50-54,3367.78271484375
Machakos,2024,male,50,50-54,33352.0546875
Makueni,2024,male,50,50-54,20389.2890625
Mandera,2024,male,50,50-54,9754.9052734375
Marsabit,2024,male,50,50-54,7866.96826171875
Meru,2024,male,50,50-54,31390.03515625
Migori,2024,male,50,50-54,14085.810546875
Mombasa,2024,male,50,50-54,27010.109375
Murang'a,2024,male,50,50-54,27465.4140625
Nairobi,2024,male,50,50-54,96235.890625
Nakuru,2024,male,50,50-54,44754.11328125
Nandi,2024,male,50,50-54,15545.47265625
Narok,2024,male,50,50-54,17815.310546875
Nyamira,2024,male,50,50-54,9775.34375
Nyandarua,2024,male,50,50-54,15594.6416015625
Nyeri,2024,male,50,50-54,22455.478515625
Samburu,2024,male,50,50-54,3816.523681640625
Siaya,2024,male,50,50-54,15117.5517578125
TaitaTaveta,2024,male,50,50-54,8839.8212890625
TanaRiver,2024,male,50,50-54,9740.8076171875
Tharaka-Nithi,2024,male,50,50-54,7277.291015625
TransNzoia,2024,male,50,50-54,16335.833984375
Turkana,2024,male,50,50-54,11712.193359375
UasinGishu,2024,male,50,50-54,21503.66796875
Vihiga,2024,male,50,50-54,10514.783203125
Wajir,2024,male,50,50-54,11977.771484375
WestPokot,2024,male,50,50-54,8422.048828125
Baringo,2024,male,55,55-59,7598.79931640625
Bomet,2024,male,55,55-59,10551.03125
Bungoma,2024,male,55,55-59,26755.58203125
Busia,2024,male,55,55-59,11890.30078125
Elgeyo-Marakwet,2024,male,55,55-59,5453.4755859375
Embu,2024,male,55,55-59,13418.361328125
Garissa,2024,male,55,55-59,7904.8759765625
HomaBay,2024,male,55,55-59,11833.3203125
Isiolo,2024,male,55,55-59,4022.55126953125
Kajiado,2024,male,55,55-59,15386.3671875
Kakamega,2024,male,55,55-59,22036.380859375
Kericho,2024,male,55,55-59,11954.822265625
Kiambu,2024,male,55,55-59,41798.12109375
Kilifi,2024,male,55,55-59,18418.51953125
Kirinyaga,2024,male,55,55-59,21404.03515625
Kisii,2024,male,55,55-59,20709.171875
Kisumu,2024,male,55,55-59,14233.6884765625
Kitui,2024,male,55,55-59,16170.953125
Kwale,2024,male,55,55-59,11276.826171875
Laikipia,2024,male,55,55-59,9400.0126953125
Lamu,2024,male,55,55-59,2617.337890625
Machakos,2024,male,55,55-59,26465.091796875
Makueni,2024,male,55,55-59,16327.916015625
Mandera,2024,male,55,55-59,5366.72607421875
Marsabit,2024,male,55,55-59,5083.0908203125
Meru,2024,male,55,55-59,26299.388671875
Migori,2024,male,55,55-59,11371.6650390625
Mombasa,2024,male,55,55-59,17634.43359375
Murang'a,2024,male,55,55-59,23104.2578125
Nairobi,2024,male,55,55-59,60575.23046875
Nakuru,2024,male,55,55-59,32820.03125
Nandi,2024,male,55,55-59,12606.9404296875
Narok,2024,male,55,55-59,12533.75390625
Nyamira,2024,male,55,55-59,10754.05078125
Nyandarua,2024,male,55,55-59,12109.828125
Nyeri,2024,male,55,55-59,17729.28515625
Samburu,2024,male,55,55-59,2842.98291015625
Siaya,2024,male,55,55-59,12889.1279296875
TaitaTaveta,2024,male,55,55-59,6746.1884765625
TanaRiver,2024,male,55,55-59,7095.05908203125
Tharaka-Nithi,2024,male,55,55-59,6511.25830078125
TransNzoia,2024,male,55,55-59,13339.78515625
Turkana,2024,male,55,55-59,7151.0771484375
UasinGishu,2024,male,55,55-59,15951.310546875
Vihiga,2024,male,55,55-59,9362.7529296875
Wajir,2024,male,55,55-59,6077.7763671875
WestPokot,2024,male,55,55-59,5870.35107421875
Baringo,2024,male,60,60-64,6048.7470703125
Bomet,2024,male,60,60-64,7874.31884765625
Bungoma,2024,male,60,60-64,19568.509765625
Busia,2024,male,60,60-64,8802.9580078125
Elgeyo-Marakwet,2024,male,60,60-64,4039.5322265625
Embu,2024,male,60,60-64,8579.724609375
Garissa,2024,male,60,60-64,9068.716796875
HomaBay,2024,male,60,60-64,9792.4501953125
Isiolo,2024,male,60,60-64,3786.10498046875
Kajiado,2024,male,60,60-64,9443.400390625
Kakamega,2024,male,60,60-64,17210.353515625
Kericho,2024,male,60,60-64,8540.89453125
Kiambu,2024,male,60,60-64,23700.40625
Kilifi,2024,male,60,60-64,13802.1611328125
Kirinyaga,2024,male,60,60-64,12932.80078125
Kisii,2024,male,60,60-64,15030.62109375
Kisumu,2024,male,60,60-64,11053.6142578125
Kitui,2024,male,60,60-64,12572.009765625
Kwale,2024,male,60,60-64,9101.748046875
Laikipia,2024,male,60,60-64,5971.49853515625
Lamu,2024,male,60,60-64,1876.30810546875
Machakos,2024,male,60,60-64,20374.00390625
Makueni,2024,male,60,60-64,13584.875
Mandera,2024,male,60,60-64,5342.8095703125
Marsabit,2024,male,60,60-64,4509.05615234375
Meru,2024,male,60,60-64,18758.11328125
Migori,2024,male,60,60-64,8748.64453125
Mombasa,2024,male,60,60-64,10111.033203125
Murang'a,2024,male,60,60-64,15625.71484375
Nairobi,2024,male,60,60-64,30830.455078125
Nakuru,2024,male,60,60-64,20301.060546875
Nandi,2024,male,60,60-64,9029.4853515625
Narok,2024,male,60,60-64,8953.1708984375
Nyamira,2024,male,60,60-64,7900.154296875
Nyandarua,2024,male,60,60-64,7257.54638671875
Nyeri,2024,male,60,60-64,10748.8935546875
Samburu,2024,male,60,60-64,2665.435546875
Siaya,2024,male,60,60-64,10745.7255859375
TaitaTaveta,2024,male,60,60-64,5028.11376953125
TanaRiver,2024,male,60,60-64,6130.9384765625
Tharaka-Nithi,2024,male,60,60-64,4901.06689453125
TransNzoia,2024,male,60,60-64,9807.46875
Turkana,2024,male,60,60-64,6108.7314453125
UasinGishu,2024,male,60,60-64,10241.2275390625
Vihiga,2024,male,60,60-64,8301.30859375
Wajir,2024,male,60,60-64,5924.6337890625
WestPokot,2024,male,60,60-64,4660.0390625
Baringo,2024,male,65,65-69,4157.826171875
Bomet,2024,male,65,65-69,5058.6064453125
Bungoma,2024,male,65,65-69,11649.44921875
Busia,2024,male,65,65-69,5538.19580078125
Elgeyo-Marakwet,2024,male,65,65-69,2919.79931640625
Embu,2024,male,65,65-69,6390.4111328125
Garissa,2024,male,65,65-69,3043.353759765625
HomaBay,2024,male,65,65-69,6866.205078125
Isiolo,2024,male,65,65-69,1874.24658203125
Kajiado,2024,male,65,65-69,5260.71337890625
Kakamega,2024,male,65,65-69,11214.3515625
Kericho,2024,male,65,65-69,5846.1865234375
Kiambu,2024,male,65,65-69,14778.9873046875
Kilifi,2024,male,65,65-69,10020.9951171875
Kirinyaga,2024,male,65,65-69,8878.26171875
Kisii,2024,male,65,65-69,9016.943359375
Kisumu,2024,male,65,65-69,7554.4619140625
Kitui,2024,male,65,65-69,9512.5966796875
Kwale,2024,male,65,65-69,6505.82177734375
Laikipia,2024,male,65,65-69,4116.203125
Lamu,2024,male,65,65-69,1237.87451171875
Machakos,2024,male,65,65-69,12458.57421875
Makueni,2024,male,65,65-69,9644.095703125
Mandera,2024,male,65,65-69,2323.929443359375
Marsabit,2024,male,65,65-69,2393.889404296875
Meru,2024,male,65,65-69,13152.2548828125
Migori,2024,male,65,65-69,5671.9755859375
Mombasa,2024,male,65,65-69,5380.9638671875
Murang'a,2024,male,65,65-69,12200.251953125
Nairobi,2024,male,65,65-69,15527.830078125
Nakuru,2024,male,65,65-69,13677.130859375
Nandi,2024,male,65,65-69,5868.0
Narok,2024,male,65,65-69,5633.9208984375
Nyamira,2024,male,65,65-69,4554.36865234375
Nyandarua,2024,male,65,65-69,4820.0908203125
Nyeri,2024,male,65,65-69,7731.18798828125
Samburu,2024,male,65,65-69,1356.372802734375
Siaya,2024,male,65,65-69,8085.86865234375
TaitaTaveta,2024,male,65,65-69,3424.6953125
TanaRiver,2024,male,65,65-69,3096.886474609375
Tharaka-Nithi,2024,male,65,65-69,3330.365234375
TransNzoia,2024,male,65,65-69,6015.087890625
Turkana,2024,male,65,65-69,3587.481689453125
UasinGishu,2024,male,65,65-69,6375.8544921875
Vihiga,2024,male,65,65-69,6205.908203125
Wajir,2024,male,65,65-69,2394.79150390625
WestPokot,2024,male,65,65-69,3301.86767578125
Baringo,2024,male,70,70-74,2704.5126953125
Bomet,2024,male,70,70-74,3155.27587890625
Bungoma,2024,male,70,70-74,6426.76220703125
Busia,2024,male,70,70-74,3448.40185546875
Elgeyo-Marakwet,2024,male,70,70-74,1700.42822265625
Embu,2024,male,70,70-74,3348.443359375
Garissa,2024,male,70,70-74,3277.5634765625
HomaBay,2024,male,70,70-74,4326.7822265625
Isiolo,2024,male,70,70-74,1320.1983642578125
Kajiado,2024,male,70,70-74,3083.66943359375
Kakamega,2024,male,70,70-74,6723.2236328125
Kericho,2024,male,70,70-74,3601.19580078125
Kiambu,2024,male,70,70-74,8876.208984375
Kilifi,2024,male,70,70-74,5319.62890625
Kirinyaga,2024,male,70,70-74,5162.6904296875
Kisii,2024,male,70,70-74,5171.10693359375
Kisumu,2024,male,70,70-74,4580.61181640625
Kitui,2024,male,70,70-74,5859.28173828125
Kwale,2024,male,70,70-74,3535.734375
Laikipia,2024,male,70,70-74,2828.607421875
Lamu,2024,male,70,70-74,751.403076171875
Machakos,2024,male,70,70-74,6761.24609375
Makueni,2024,male,70,70-74,5606.15966796875
Mandera,2024,male,70,70-74,1788.4298095703125
Marsabit,2024,male,70,70-74,2154.814453125
Meru,2024,male,70,70-74,8153.1474609375
Migori,2024,male,70,70-74,3425.913818359375
Mombasa,2024,male,70,70-74,2536.85302734375
Murang'a,2024,male,70,70-74,8417.7763671875
Nairobi,2024,male,70,70-74,7358.57373046875
Nakuru,2024,male,70,70-74,8137.158203125
Nandi,2024,male,70,70-74,3440.322265625
Narok,2024,male,70,70-74,3450.781982421875
Nyamira,2024,male,70,70-74,2794.70068359375
Nyandarua,2024,male,70,70-74,3157.1787109375
Nyeri,2024,male,70,70-74,5612.21728515625
Samburu,2024,male,70,70-74,1134.326171875
Siaya,2024,male,70,70-74,5236.67578125
TaitaTaveta,2024,male,70,70-74,1874.644287109375
TanaRiver,2024,male,70,70-74,2096.73583984375
Tharaka-Nithi,2024,male,70,70-74,2078.526611328125
TransNzoia,2024,male,70,70-74,3442.36572265625
Turkana,2024,male,70,70-74,2543.34716796875
UasinGishu,2024,male,70,70-74,3578.621337890625
Vihiga,2024,male,70,70-74,3965.79736328125
Wajir,2024,male,70,70-74,1795.315185546875
WestPokot,2024,male,70,70-74,2111.896240234375
Baringo,2024,male,75,75-79,1569.7259521484375
Bomet,2024,male,75,75-79,1932.2391357421875
Bungoma,2024,male,75,75-79,4540.8193359375
Busia,2024,male,75,75-79,2379.04736328125
Elgeyo-Marakwet,2024,male,75,75-79,1156.287109375
Embu,2024,male,75,75-79,2214.60986328125
Garissa,2024,male,75,75-79,1470.7469482421875
HomaBay,2024,male,75,75-79,2662.963134765625
Isiolo,2024,male,75,75-79,784.9189453125
Kajiado,2024,male,75,75-79,1852.591064453125
Kakamega,2024,male,75,75-79,4461.80029296875
Kericho,2024,male,75,75-79,1993.389892578125
Kiambu,2024,male,75,75-79,5151.51318359375
Kilifi,2024,male,75,75-79,3735.2548828125
Kirinyaga,2024,male,75,75-79,3118.456298828125
Kisii,2024,male,75,75-79,3178.205810546875
Kisumu,2024,male,75,75-79,2690.70849609375
Kitui,2024,male,75,75-79,4226.66796875
Kwale,2024,male,75,75-79,2329.55078125
Laikipia,2024,male,75,75-79,1869.751953125
Lamu,2024,male,75,75-79,447.8927001953125
Machakos,2024,male,75,75-79,3985.64111328125
Makueni,2024,male,75,75-79,3489.0078125
Mandera,2024,male,75,75-79,1013.4779052734375
Marsabit,2024,male,75,75-79,1068.457275390625
Meru,2024,male,75,75-79,5004.06640625
Migori,2024,male,75,75-79,2227.14208984375
Mombasa,2024,male,75,75-79,1402.11669921875
Murang'a,2024,male,75,75-79,5328.8974609375
Nairobi,2024,male,75,75-79,3698.45068359375
Nakuru,2024,male,75,75-79,5038.8232421875
Nandi,2024,male,75,75-79,2641.296875
Narok,2024,male,75,75-79,2292.686767578125
Nyamira,2024,male,75,75-79,1716.360595703125
Nyandarua,2024,male,75,75-79,2216.82275390625
Nyeri,2024,male,75,75-79,3579.8232421875
Samburu,2024,male,75,75-79,741.120849609375
Siaya,2024,male,75,75-79,3366.41259765625
TaitaTaveta,2024,male,75,75-79,1239.060546875
TanaRiver,2024,male,75,75-79,1267.21630859375
Tharaka-Nithi,2024,male,75,75-79,1374.607421875
TransNzoia,2024,male,75,75-79,2242.74462890625
Turkana,2024,male,75,75-79,1565.708740234375
UasinGishu,2024,male,75,75-79,2531.8955078125
Vihiga,2024,male,75,75-79,2657.929931640625
Wajir,2024,male,75,75-79,1029.049560546875
WestPokot,2024,male,75,75-79,1228.78662109375
Baringo,2024,male,80,80-84,685.185302734375
Bomet,2024,male,80,80-84,918.505126953125
Bungoma,2024,male,80,80-84,2165.2314453125
Busia,2024,male,80,80-84,1122.8056640625
Elgeyo-Marakwet,2024,male,80,80-84,521.6636962890625
Embu,2024,male,80,80-84,1219.246337890625
Garissa,2024,male,80,80-84,748.0614013671875
HomaBay,2024,male,80,80-84,1221.7064208984375
Isiolo,2024,male,80,80-84,358.8883972167969
Kajiado,2024,male,80,80-84,795.9755859375
Kakamega,2024,male,80,80-84,2017.052490234375
Kericho,2024,male,80,80-84,884.56298828125
Kiambu,2024,male,80,80-84,2174.286376953125
Kilifi,2024,male,80,80-84,1541.8680419921875
Kirinyaga,2024,male,80,80-84,1515.2313232421875
Kisii,2024,male,80,80-84,1489.714599609375
Kisumu,2024,male,80,80-84,1154.969482421875
Kitui,2024,male,80,80-84,2295.32861328125
Kwale,2024,male,80,80-84,1007.7132568359375
Laikipia,2024,male,80,80-84,802.8433837890625
Lamu,2024,male,80,80-84,175.97296142578125
Machakos,2024,male,80,80-84,2120.06982421875
Makueni,2024,male,80,80-84,1869.55810546875
Mandera,2024,male,80,80-84,484.5724792480469
Marsabit,2024,male,80,80-84,497.86761474609375
Meru,2024,male,80,80-84,2409.60498046875
Migori,2024,male,80,80-84,1041.6527099609375
Mombasa,2024,male,80,80-84,482.31304931640625
Murang'a,2024,male,80,80-84,2410.2607421875
Nairobi,2024,male,80,80-84,1310.632080078125
Nakuru,2024,male,80,80-84,2226.5126953125
Nandi,2024,male,80,80-84,1270.4442138671875
Narok,2024,male,80,80-84,1046.6688232421875
Nyamira,2024,male,80,80-84,783.3929443359375
Nyandarua,2024,male,80,80-84,1047.923828125
Nyeri,2024,male,80,80-84,1607.283447265625
Samburu,2024,male,80,80-84,319.7840881347656
Siaya,2024,male,80,80-84,1582.2945556640625
TaitaTaveta,2024,male,80,80-84,555.10498046875
TanaRiver,2024,male,80,80-84,569.1215209960938
Tharaka-Nithi,2024,male,80,80-84,678.9261474609375
TransNzoia,2024,male,80,80-84,1029.646484375
Turkana,2024,male,80,80-84,581.45751953125
UasinGishu,2024,male,80,80-84,1177.622802734375
Vihiga,2024,male,80,80-84,1231.3677978515625
Wajir,2024,male,80,80-84,409.3965759277344
WestPokot,2024,male,80,80-84,472.8735046386719
Baringo,2024,male,85,85-89,333.221923828125
Bomet,2024,male,85,85-89,461.4599914550781
Bungoma,2024,male,85,85-89,949.4684448242188
Busia,2024,male,85,85-89,512.6463623046875
Elgeyo-Marakwet,2024,male,85,85-89,216.97972106933594
Embu,2024,male,85,85-89,613.3167724609375
Garissa,2024,male,85,85-89,854.6660766601562
HomaBay,2024,male,85,85-89,598.0777587890625
Isiolo,2024,male,85,85-89,211.020263671875
Kajiado,2024,male,85,85-89,359.9222412109375
Kakamega,2024,male,85,85-89,878.06494140625
Kericho,2024,male,85,85-89,440.093505859375
Kiambu,2024,male,85,85-89,958.1764526367188
Kilifi,2024,male,85,85-89,541.2738037109375
Kirinyaga,2024,male,85,85-89,756.2413940429688
Kisii,2024,male,85,85-89,724.8695678710938
Kisumu,2024,male,85,85-89,524.3639526367188
Kitui,2024,male,85,85-89,1183.170654296875
Kwale,2024,male,85,85-89,391.68157958984375
Laikipia,2024,male,85,85-89,336.5780944824219
Lamu,2024,male,85,85-89,70.78469848632812
Machakos,2024,male,85,85-89,1230.28125
Makueni,2024,male,85,85-89,1062.6376953125
Mandera,2024,male,85,85-89,338.2834777832031
Marsabit,2024,male,85,85-89,399.4739990234375
Meru,2024,male,85,85-89,1196.7430419921875
Migori,2024,male,85,85-89,494.67791748046875
Mombasa,2024,male,85,85-89,163.6007080078125
Murang'a,2024,male,85,85-89,1078.84375
Nairobi,2024,male,85,85-89,482.73455810546875
Nakuru,2024,male,85,85-89,964.8782958984375
Nandi,2024,male,85,85-89,516.6624755859375
Narok,2024,male,85,85-89,470.06280517578125
Nyamira,2024,male,85,85-89,381.3427734375
Nyandarua,2024,male,85,85-89,473.42822265625
Nyeri,2024,male,85,85-89,750.8799438476562
Samburu,2024,male,85,85-89,165.72537231445312
Siaya,2024,male,85,85-89,751.9081420898438
TaitaTaveta,2024,male,85,85-89,230.7556610107422
TanaRiver,2024,male,85,85-89,335.7717590332031
Tharaka-Nithi,2024,male,85,85-89,337.22265625
TransNzoia,2024,male,85,85-89,458.67578125
Turkana,2024,male,85,85-89,244.07342529296875
UasinGishu,2024,male,85,85-89,484.0372314453125
Vihiga,2024,male,85,85-89,550.40478515625
Wajir,2024,male,85,85-89,234.76324462890625
WestPokot,2024,male,85,85-89,194.29432678222656
Baringo,2024,male,90,90+,207.45416259765625
Bomet,2024,male,90,90+,271.1328125
Bungoma,2024,male,90,90+,523.1304321289062
Busia,2024,male,90,90+,285.091552734375
Elgeyo-Marakwet,2024,male,90,90+,118.7125244140625
Embu,2024,male,90,90+,323.9239196777344
Garissa,2024,male,90,90+,700.81640625
HomaBay,2024,male,90,90+,373.2579650878906
Isiolo,2024,male,90,90+,148.6402130126953
Kajiado,2024,male,90,90+,203.918212890625
Kakamega,2024,male,90,90+,465.40997314453125
Kericho,2024,male,90,90+,272.0492248535156
Kiambu,2024,male,90,90+,526.9774780273438
Kilifi,2024,male,90,90+,254.48553466796875
Kirinyaga,2024,male,90,90+,441.0920104980469
Kisii,2024,male,90,90+,440.8769226074219
Kisumu,2024,male,90,90+,301.2891845703125
Kitui,2024,male,90,90+,736.7841796875
Kwale,2024,male,90,90+,186.7419891357422
Laikipia,2024,male,90,90+,176.31231689453125
Lamu,2024,male,90,90+,38.042999267578125
Machakos,2024,male,90,90+,761.6698608398438
Makueni,2024,male,90,90+,680.4732055664062
Mandera,2024,male,90,90+,276.4250183105469
Marsabit,2024,male,90,90+,348.91748046875
Meru,2024,male,90,90+,682.2674560546875
Migori,2024,male,90,90+,299.58819580078125
Mombasa,2024,male,90,90+,81.12882232666016
Murang'a,2024,male,90,90+,541.3617553710938
Nairobi,2024,male,90,90+,242.11404418945312
Nakuru,2024,male,90,90+,502.72760009765625
Nandi,2024,male,90,90+,250.51010131835938
Narok,2024,male,90,90+,261.4795837402344
Nyamira,2024,male,90,90+,233.85304260253906
Nyandarua,2024,male,90,90+,266.67828369140625
Nyeri,2024,male,90,90+,420.9688720703125
Samburu,2024,male,90,90+,109.85845947265625
Siaya,2024,male,90,90+,422.9984436035156
TaitaTaveta,2024,male,90,90+,121.2303237915039
TanaRiver,2024,male,90,90+,236.29344177246094
Tharaka-Nithi,2024,male,90,90+,200.63992309570312
TransNzoia,2024,male,90,90+,246.0557403564453
Turkana,2024,male,90,90+,157.11204528808594
UasinGishu,2024,male,90,90+,239.17791748046875
Vihiga,2024,male,90,90+,291.7005310058594
Wajir,2024,male,90,90+,199.89474487304688
WestPokot,2024,male,90,90+,110.88298034667969
Baringo,2025,female,00,0-1,10612.3232421875
Bomet,2025,female,00,0-1,12888.9697265625
Bungoma,2025,female,00,0-1,29818.578125
Busia,2025,female,00,0-1,13343.6640625
Elgeyo-Marakwet,2025,female,00,0-1,6370.646484375
Embu,2025,female,00,0-1,7181.41162109375
Garissa,2025,female,00,0-1,16178.0009765625
HomaBay,2025,female,00,0-1,17551.96484375
Isiolo,2025,female,00,0-1,6493.21533203125
Kajiado,2025,female,00,0-1,21968.349609375
Kakamega,2025,female,00,0-1,21689.00390625
Kericho,2025,female,00,0-1,12549.32421875
Kiambu,2025,female,00,0-1,36156.0390625
Kilifi,2025,female,00,0-1,24521.591796875
Kirinyaga,2025,female,00,0-1,9141.4130859375
Kisii,2025,female,00,0-1,15907.8203125
Kisumu,2025,female,00,0-1,17084.9765625
Kitui,2025,female,00,0-1,14120.939453125
Kwale,2025,female,00,0-1,16277.65625
Laikipia,2025,female,00,0-1,7897.3330078125
Lamu,2025,female,00,0-1,2364.801513671875
Machakos,2025,female,00,0-1,18499.546875
Makueni,2025,female,00,0-1,10742.080078125
Mandera,2025,female,00,0-1,20929.953125
Marsabit,2025,female,00,0-1,8950.484375
Meru,2025,female,00,0-1,19184.123046875
Migori,2025,female,00,0-1,20103.017578125
Mombasa,2025,female,00,0-1,17916.021484375
Murang'a,2025,female,00,0-1,12054.458984375
Nairobi,2025,female,00,0-1,68952.546875
Nakuru,2025,female,00,0-1,33762.93359375
Nandi,2025,female,00,0-1,12264.2890625
Narok,2025,female,00,0-1,24410.439453125
Nyamira,2025,female,00,0-1,6929.8505859375
Nyandarua,2025,female,00,0-1,7552.484375
Nyeri,2025,female,00,0-1,7799.75
Samburu,2025,female,00,0-1,6469.4013671875
Siaya,2025,female,00,0-1,14504.1279296875
TaitaTaveta,2025,female,00,0-1,4575.6435546875
TanaRiver,2025,female,00,0-1,11878.8515625
Tharaka-Nithi,2025,female,00,0-1,3805.3154296875
TransNzoia,2025,female,00,0-1,15105.18359375
Turkana,2025,female,00,0-1,15530.916015625
UasinGishu,2025,female,00,0-1,17218.453125
Vihiga,2025,female,00,0-1,6979.76123046875
Wajir,2025,female,00,0-1,14629.4296875
WestPokot,2025,female,00,0-1,14307.263671875
Baringo,2025,female,01,1-4,40564.9140625
Bomet,2025,female,01,1-4,49267.25390625
Bungoma,2025,female,01,1-4,113980.3203125
Busia,2025,female,01,1-4,51006.97265625
Elgeyo-Marakwet,2025,female,01,1-4,24351.384765625
Embu,2025,female,01,1-4,27450.48046875
Garissa,2025,female,01,1-4,61838.7578125
HomaBay,2025,female,01,1-4,67091.2578125
Isiolo,2025,female,01,1-4,24819.89453125
Kajiado,2025,female,01,1-4,83968.3828125
Kakamega,2025,female,01,1-4,82904.8125
Kericho,2025,female,01,1-4,47968.984375
Kiambu,2025,female,01,1-4,138204.125
Kilifi,2025,female,01,1-4,93732.1953125
Kirinyaga,2025,female,01,1-4,34942.46484375
Kisii,2025,female,01,1-4,60806.609375
Kisumu,2025,female,01,1-4,65306.21875
Kitui,2025,female,01,1-4,53976.375
Kwale,2025,female,01,1-4,62220.05859375
Laikipia,2025,female,01,1-4,30187.044921875
Lamu,2025,female,01,1-4,9039.30078125
Machakos,2025,female,01,1-4,70713.328125
Makueni,2025,female,01,1-4,41060.90625
Mandera,2025,female,01,1-4,79989.8046875
Marsabit,2025,female,01,1-4,34212.65625
Meru,2025,female,01,1-4,73330.078125
Migori,2025,female,01,1-4,76838.09375
Mombasa,2025,female,01,1-4,68482.8359375
Murang'a,2025,female,01,1-4,46077.390625
Nairobi,2025,female,01,1-4,263566.65625
Nakuru,2025,female,01,1-4,129056.6328125
Nandi,2025,female,01,1-4,46879.453125
Narok,2025,female,01,1-4,93307.1015625
Nyamira,2025,female,01,1-4,26488.908203125
Nyandarua,2025,female,01,1-4,28868.8828125
Nyeri,2025,female,01,1-4,29814.041015625
Samburu,2025,female,01,1-4,24728.86328125
Siaya,2025,female,01,1-4,55441.09375
TaitaTaveta,2025,female,01,1-4,17489.73828125
TanaRiver,2025,female,01,1-4,45406.140625
Tharaka-Nithi,2025,female,01,1-4,14545.5732421875
TransNzoia,2025,female,01,1-4,57738.70703125
Turkana,2025,female,01,1-4,59365.9296875
UasinGishu,2025,female,01,1-4,65816.421875
Vihiga,2025,female,01,1-4,26679.6875
Wajir,2025,female,01,1-4,55920.0390625
WestPokot,2025,female,01,1-4,54689.2578125
Baringo,2025,female,05,5-9,49919.6015625
Bomet,2025,female,05,5-9,63457.859375
Bungoma,2025,female,05,5-9,153629.03125
Busia,2025,female,05,5-9,67652.8046875
Elgeyo-Marakwet,2025,female,05,5-9,30049.923828125
Embu,2025,female,05,5-9,32161.330078125
Garissa,2025,female,05,5-9,82948.25
HomaBay,2025,female,05,5-9,85008.25
Isiolo,2025,female,05,5-9,29310.67578125
Kajiado,2025,female,05,5-9,91548.796875
Kakamega,2025,female,05,5-9,115484.703125
Kericho,2025,female,05,5-9,60742.9140625
Kiambu,2025,female,05,5-9,140986.078125
Kilifi,2025,female,05,5-9,112685.5390625
Kirinyaga,2025,female,05,5-9,40529.60546875
Kisii,2025,female,05,5-9,85205.78125
Kisumu,2025,female,05,5-9,80106.984375
Kitui,2025,female,05,5-9,72336.4296875
Kwale,2025,female,05,5-9,73310.2265625
Laikipia,2025,female,05,5-9,34796.984375
Lamu,2025,female,05,5-9,10718.681640625
Machakos,2025,female,05,5-9,82537.4140625
Makueni,2025,female,05,5-9,55333.09375
Mandera,2025,female,05,5-9,93962.609375
Marsabit,2025,female,05,5-9,43972.734375
Meru,2025,female,05,5-9,88253.390625
Migori,2025,female,05,5-9,95659.5546875
Mombasa,2025,female,05,5-9,71758.1875
Murang'a,2025,female,05,5-9,55854.6640625
Nairobi,2025,female,05,5-9,257928.65625
Nakuru,2025,female,05,5-9,148252.34375
Nandi,2025,female,05,5-9,60092.4453125
Narok,2025,female,05,5-9,115649.0234375
Nyamira,2025,female,05,5-9,37581.76171875
Nyandarua,2025,female,05,5-9,36019.6875
Nyeri,2025,female,05,5-9,35974.07421875
Samburu,2025,female,05,5-9,30149.1875
Siaya,2025,female,05,5-9,74028.765625
TaitaTaveta,2025,female,05,5-9,19828.5078125
TanaRiver,2025,female,05,5-9,54161.46875
Tharaka-Nithi,2025,female,05,5-9,18287.08203125
TransNzoia,2025,female,05,5-9,75031.3125
Turkana,2025,female,05,5-9,75807.203125
UasinGishu,2025,female,05,5-9,77189.9609375
Vihiga,2025,female,05,5-9,37712.83984375
Wajir,2025,female,05,5-9,71850.71875
WestPokot,2025,female,05,5-9,61622.0078125
Baringo,2025,female,10,10-14,49958.4375
Bomet,2025,female,10,10-14,68492.6015625
Bungoma,2025,female,10,10-14,162370.34375
Busia,2025,female,10,10-14,73033.9453125
Elgeyo-Marakwet,2025,female,10,10-14,30470.62109375
Embu,2025,female,10,10-14,35426.5390625
Garissa,2025,female,10,10-14,74007.734375
HomaBay,2025,female,10,10-14,90700.921875
Isiolo,2025,female,10,10-14,26565.169921875
Kajiado,2025,female,10,10-14,81870.84375
Kakamega,2025,female,10,10-14,124886.203125
Kericho,2025,female,10,10-14,65075.16796875
Kiambu,2025,female,10,10-14,131014.796875
Kilifi,2025,female,10,10-14,112522.9140625
Kirinyaga,2025,female,10,10-14,43213.8046875
Kisii,2025,female,10,10-14,95832.7734375
Kisumu,2025,female,10,10-14,88594.03125
Kitui,2025,female,10,10-14,86140.9375
Kwale,2025,female,10,10-14,69413.7265625
Laikipia,2025,female,10,10-14,34625.9453125
Lamu,2025,female,10,10-14,10335.052734375
Machakos,2025,female,10,10-14,88762.2265625
Makueni,2025,female,10,10-14,67450.28125
Mandera,2025,female,10,10-14,76343.296875
Marsabit,2025,female,10,10-14,39717.2890625
Meru,2025,female,10,10-14,97454.1484375
Migori,2025,female,10,10-14,98886.890625
Mombasa,2025,female,10,10-14,63174.5859375
Murang'a,2025,female,10,10-14,56671.15234375
Nairobi,2025,female,10,10-14,226667.203125
Nakuru,2025,female,10,10-14,151332.5
Nandi,2025,female,10,10-14,64588.13671875
Narok,2025,female,10,10-14,103555.6328125
Nyamira,2025,female,10,10-14,43938.5
Nyandarua,2025,female,10,10-14,39032.6328125
Nyeri,2025,female,10,10-14,36180.75
Samburu,2025,female,10,10-14,26596.5234375
Siaya,2025,female,10,10-14,79892.5
TaitaTaveta,2025,female,10,10-14,20748.720703125
TanaRiver,2025,female,10,10-14,47839.3046875
Tharaka-Nithi,2025,female,10,10-14,20124.83984375
TransNzoia,2025,female,10,10-14,77491.078125
Turkana,2025,female,10,10-14,71041.96875
UasinGishu,2025,female,10,10-14,80875.0625
Vihiga,2025,female,10,10-14,42054.8359375
Wajir,2025,female,10,10-14,62982.5625
WestPokot,2025,female,10,10-14,54035.12890625
Baringo,2025,female,15,15-19,45570.60546875
Bomet,2025,female,15,15-19,66043.1328125
Bungoma,2025,female,15,15-19,151065.421875
Busia,2025,female,15,15-19,70969.4375
Elgeyo-Marakwet,2025,female,15,15-19,29428.421875
Embu,2025,female,15,15-19,37944.06640625
Garissa,2025,female,15,15-19,66332.7734375
HomaBay,2025,female,15,15-19,79824.375
Isiolo,2025,female,15,15-19,23549.74609375
Kajiado,2025,female,15,15-19,76140.4453125
Kakamega,2025,female,15,15-19,117167.671875
Kericho,2025,female,15,15-19,63360.078125
Kiambu,2025,female,15,15-19,148878.578125
Kilifi,2025,female,15,15-19,108598.453125
Kirinyaga,2025,female,15,15-19,47141.55859375
Kisii,2025,female,15,15-19,86648.0234375
Kisumu,2025,female,15,15-19,86149.8671875
Kitui,2025,female,15,15-19,85890.6953125
Kwale,2025,female,15,15-19,62297.96875
Laikipia,2025,female,15,15-19,34037.375
Lamu,2025,female,15,15-19,9651.4931640625
Machakos,2025,female,15,15-19,91302.9140625
Makueni,2025,female,15,15-19,68667.2109375
Mandera,2025,female,15,15-19,62331.89453125
Marsabit,2025,female,15,15-19,34444.484375
Meru,2025,female,15,15-19,97908.203125
Migori,2025,female,15,15-19,86939.953125
Mombasa,2025,female,15,15-19,67773.1875
Murang'a,2025,female,15,15-19,57281.5703125
Nairobi,2025,female,15,15-19,263910.65625
Nakuru,2025,female,15,15-19,150812.34375
Nandi,2025,female,15,15-19,64649.2421875
Narok,2025,female,15,15-19,82786.3828125
Nyamira,2025,female,15,15-19,38788.85546875
Nyandarua,2025,female,15,15-19,40650.32421875
Nyeri,2025,female,15,15-19,39529.79296875
Samburu,2025,female,15,15-19,21843.6171875
Siaya,2025,female,15,15-19,72084.890625
TaitaTaveta,2025,female,15,15-19,20722.5546875
TanaRiver,2025,female,15,15-19,39784.3984375
Tharaka-Nithi,2025,female,15,15-19,20695.943359375
TransNzoia,2025,female,15,15-19,74042.03125
Turkana,2025,female,15,15-19,64751.0078125
UasinGishu,2025,female,15,15-19,85135.15625
Vihiga,2025,female,15,15-19,40391.38671875
Wajir,2025,female,15,15-19,52109.9375
WestPokot,2025,female,15,15-19,44954.66796875
Baringo,2025,female,20,20-24,35363.48046875
Bomet,2025,female,20,20-24,50269.6484375
Bungoma,2025,female,20,20-24,100116.2421875
Busia,2025,female,20,20-24,47921.01171875
Elgeyo-Marakwet,2025,female,20,20-24,22436.134765625
Embu,2025,female,20,20-24,30658.296875
Garissa,2025,female,20,20-24,50883.47265625
HomaBay,2025,female,20,20-24,59088.32421875
Isiolo,2025,female,20,20-24,19209.69140625
Kajiado,2025,female,20,20-24,92300.796875
Kakamega,2025,female,20,20-24,75576.8984375
Kericho,2025,female,20,20-24,51049.0625
Kiambu,2025,female,20,20-24,192707.875
Kilifi,2025,female,20,20-24,87710.703125
Kirinyaga,2025,female,20,20-24,37313.4453125
Kisii,2025,female,20,20-24,62953.16796875
Kisumu,2025,female,20,20-24,73872.828125
Kitui,2025,female,20,20-24,51415.26171875
Kwale,2025,female,20,20-24,48750.84375
Laikipia,2025,female,20,20-24,26813.82421875
Lamu,2025,female,20,20-24,7730.2197265625
Machakos,2025,female,20,20-24,86383.015625
Makueni,2025,female,20,20-24,43201.3046875
Mandera,2025,female,20,20-24,44185.1640625
Marsabit,2025,female,20,20-24,26798.74609375
Meru,2025,female,20,20-24,75485.2109375
Migori,2025,female,20,20-24,68083.765625
Mombasa,2025,female,20,20-24,91980.765625
Murang'a,2025,female,20,20-24,40787.3203125
Nairobi,2025,female,20,20-24,405595.53125
Nakuru,2025,female,20,20-24,134660.34375
Nandi,2025,female,20,20-24,47948.109375
Narok,2025,female,20,20-24,69792.1953125
Nyamira,2025,female,20,20-24,26086.36328125
Nyandarua,2025,female,20,20-24,26435.22265625
Nyeri,2025,female,20,20-24,31701.580078125
Samburu,2025,female,20,20-24,18994.15625
Siaya,2025,female,20,20-24,51283.00390625
TaitaTaveta,2025,female,20,20-24,16960.1640625
TanaRiver,2025,female,20,20-24,33519.20703125
Tharaka-Nithi,2025,female,20,20-24,15059.216796875
TransNzoia,2025,female,20,20-24,51682.9765625
Turkana,2025,female,20,20-24,51510.1953125
UasinGishu,2025,female,20,20-24,80394.6171875
Vihiga,2025,female,20,20-24,23753.234375
Wajir,2025,female,20,20-24,37808.76171875
WestPokot,2025,female,20,20-24,36240.3203125
Baringo,2025,female,25,25-29,26969.04296875
Bomet,2025,female,25,25-29,40493.0703125
Bungoma,2025,female,25,25-29,78007.3828125
Busia,2025,female,25,25-29,37491.20703125
Elgeyo-Marakwet,2025,female,25,25-29,17207.140625
Embu,2025,female,25,25-29,25229.583984375
Garissa,2025,female,25,25-29,42940.875
HomaBay,2025,female,25,25-29,47086.2109375
Isiolo,2025,female,25,25-29,15457.84375
Kajiado,2025,female,25,25-29,83881.703125
Kakamega,2025,female,25,25-29,60282.375
Kericho,2025,female,25,25-29,42801.75
Kiambu,2025,female,25,25-29,169888.640625
Kilifi,2025,female,25,25-29,72725.796875
Kirinyaga,2025,female,25,25-29,32819.67578125
Kisii,2025,female,25,25-29,56186.92578125
Kisumu,2025,female,25,25-29,61363.15234375
Kitui,2025,female,25,25-29,39713.078125
Kwale,2025,female,25,25-29,42062.50390625
Laikipia,2025,female,25,25-29,22231.3359375
Lamu,2025,female,25,25-29,6376.8857421875
Machakos,2025,female,25,25-29,76138.4375
Makueni,2025,female,25,25-29,36168.8203125
Mandera,2025,female,25,25-29,33562.8671875
Marsabit,2025,female,25,25-29,20948.333984375
Meru,2025,female,25,25-29,62212.22265625
Migori,2025,female,25,25-29,52793.30859375
Mombasa,2025,female,25,25-29,87053.5
Murang'a,2025,female,25,25-29,35277.0234375
Nairobi,2025,female,25,25-29,384906.5625
Nakuru,2025,female,25,25-29,114314.15625
Nandi,2025,female,25,25-29,39174.3828125
Narok,2025,female,25,25-29,56674.359375
Nyamira,2025,female,25,25-29,25148.35546875
Nyandarua,2025,female,25,25-29,21442.58203125
Nyeri,2025,female,25,25-29,26601.30078125
Samburu,2025,female,25,25-29,14334.943359375
Siaya,2025,female,25,25-29,42304.83203125
TaitaTaveta,2025,female,25,25-29,14649.19140625
TanaRiver,2025,female,25,25-29,27417.23046875
Tharaka-Nithi,2025,female,25,25-29,12457.607421875
TransNzoia,2025,female,25,25-29,41271.31640625
Turkana,2025,female,25,25-29,42744.890625
UasinGishu,2025,female,25,25-29,64416.078125
Vihiga,2025,female,25,25-29,18565.70703125
Wajir,2025,female,25,25-29,33530.26953125
WestPokot,2025,female,25,25-29,27438.96484375
Baringo,2025,female,30,30-34,21187.205078125
Bomet,2025,female,30,30-34,36664.8671875
Bungoma,2025,female,30,30-34,70572.2890625
Busia,2025,female,30,30-34,33080.41015625
Elgeyo-Marakwet,2025,female,30,30-34,14335.447265625
Embu,2025,female,30,30-34,25305.2734375
Garissa,2025,female,30,30-34,30814.74609375
HomaBay,2025,female,30,30-34,43887.1015625
Isiolo,2025,female,30,30-34,12975.0078125
Kajiado,2025,female,30,30-34,66013.5546875
Kakamega,2025,female,30,30-34,57794.5390625
Kericho,2025,female,30,30-34,38387.62109375
Kiambu,2025,female,30,30-34,140840.6875
Kilifi,2025,female,30,30-34,60823.015625
Kirinyaga,2025,female,30,30-34,37181.6484375
Kisii,2025,female,30,30-34,54898.734375
Kisumu,2025,female,30,30-34,52340.20703125
Kitui,2025,female,30,30-34,39455.6953125
Kwale,2025,female,30,30-34,35105.05859375
Laikipia,2025,female,30,30-34,21103.51953125
Lamu,2025,female,30,30-34,5716.8212890625
Machakos,2025,female,30,30-34,68257.796875
Makueni,2025,female,30,30-34,35535.6328125
Mandera,2025,female,30,30-34,25037.19140625
Marsabit,2025,female,30,30-34,15955.6025390625
Meru,2025,female,30,30-34,62215.05859375
Migori,2025,female,30,30-34,44806.59765625
Mombasa,2025,female,30,30-34,68067.078125
Murang'a,2025,female,30,30-34,36509.7890625
Nairobi,2025,female,30,30-34,294405.59375
Nakuru,2025,female,30,30-34,101505.5
Nandi,2025,female,30,30-34,36552.79296875
Narok,2025,female,30,30-34,46141.08984375
Nyamira,2025,female,30,30-34,26052.265625
Nyandarua,2025,female,30,30-34,22330.18359375
Nyeri,2025,female,30,30-34,27931.119140625
Samburu,2025,female,30,30-34,10916.8701171875
Siaya,2025,female,30,30-34,39068.06640625
TaitaTaveta,2025,female,30,30-34,12959.5439453125
TanaRiver,2025,female,30,30-34,20323.123046875
Tharaka-Nithi,2025,female,30,30-34,12382.484375
TransNzoia,2025,female,30,30-34,36571.8984375
Turkana,2025,female,30,30-34,31852.896484375
UasinGishu,2025,female,30,30-34,53678.25390625
Vihiga,2025,female,30,30-34,18048.142578125
Wajir,2025,female,30,30-34,25940.1015625
WestPokot,2025,female,30,30-34,21504.353515625
Baringo,2025,female,35,35-39,17912.126953125
Bomet,2025,female,35,35-39,23302.52734375
Bungoma,2025,female,35,35-39,56456.25
Busia,2025,female,35,35-39,26545.513671875
Elgeyo-Marakwet,2025,female,35,35-39,11773.8203125
Embu,2025,female,35,35-39,27430.9921875
Garissa,2025,female,35,35-39,30457.9375
HomaBay,2025,female,35,35-39,31468.3671875
Isiolo,2025,female,35,35-39,10607.876953125
Kajiado,2025,female,35,35-39,54510.36328125
Kakamega,2025,female,35,35-39,46454.51171875
Kericho,2025,female,35,35-39,26299.16796875
Kiambu,2025,female,35,35-39,134272.71875
Kilifi,2025,female,35,35-39,45132.29296875
Kirinyaga,2025,female,35,35-39,44622.828125
Kisii,2025,female,35,35-39,38521.5
Kisumu,2025,female,35,35-39,39955.56640625
Kitui,2025,female,35,35-39,39105.6171875
Kwale,2025,female,35,35-39,29189.119140625
Laikipia,2025,female,35,35-39,20220.921875
Lamu,2025,female,35,35-39,5167.1533203125
Machakos,2025,female,35,35-39,67629.84375
Makueni,2025,female,35,35-39,36233.33984375
Mandera,2025,female,35,35-39,20807.462890625
Marsabit,2025,female,35,35-39,12119.904296875
Meru,2025,female,35,35-39,65032.95703125
Migori,2025,female,35,35-39,32129.046875
Mombasa,2025,female,35,35-39,58009.12109375
Murang'a,2025,female,35,35-39,42936.30859375
Nairobi,2025,female,35,35-39,244138.359375
Nakuru,2025,female,35,35-39,90748.09375
Nandi,2025,female,35,35-39,28270.328125
Narok,2025,female,35,35-39,34676.07421875
Nyamira,2025,female,35,35-39,18773.984375
Nyandarua,2025,female,35,35-39,25190.4140625
Nyeri,2025,female,35,35-39,32987.25390625
Samburu,2025,female,35,35-39,8024.8583984375
Siaya,2025,female,35,35-39,32098.875
TaitaTaveta,2025,female,35,35-39,13380.9345703125
TanaRiver,2025,female,35,35-39,18069.1953125
Tharaka-Nithi,2025,female,35,35-39,12889.4873046875
TransNzoia,2025,female,35,35-39,30935.404296875
Turkana,2025,female,35,35-39,27782.5078125
UasinGishu,2025,female,35,35-39,45686.40234375
Vihiga,2025,female,35,35-39,17525.96484375
Wajir,2025,female,35,35-39,22458.4921875
WestPokot,2025,female,35,35-39,16172.25390625
Baringo,2025,female,40,40-44,14808.056640625
Bomet,2025,female,40,40-44,22485.98046875
Bungoma,2025,female,40,40-44,52763.5625
Busia,2025,female,40,40-44,23737.19921875
Elgeyo-Marakwet,2025,female,40,40-44,10110.07421875
Embu,2025,female,40,40-44,22576.43359375
Garissa,2025,female,40,40-44,23494.12109375
HomaBay,2025,female,40,40-44,27484.64453125
Isiolo,2025,female,40,40-44,7467.607421875
Kajiado,2025,female,40,40-44,39038.3359375
Kakamega,2025,female,40,40-44,43002.46484375
Kericho,2025,female,40,40-44,23738.7421875
Kiambu,2025,female,40,40-44,98007.3125
Kilifi,2025,female,40,40-44,45043.9765625
Kirinyaga,2025,female,40,40-44,37139.53125
Kisii,2025,female,40,40-44,32473.05859375
Kisumu,2025,female,40,40-44,30981.0859375
Kitui,2025,female,40,40-44,33830.9453125
Kwale,2025,female,40,40-44,26547.68359375
Laikipia,2025,female,40,40-44,16938.41015625
Lamu,2025,female,40,40-44,4424.7216796875
Machakos,2025,female,40,40-44,53819.91796875
Makueni,2025,female,40,40-44,30849.478515625
Mandera,2025,female,40,40-44,16315.22265625
Marsabit,2025,female,40,40-44,9847.6015625
Meru,2025,female,40,40-44,50352.3359375
Migori,2025,female,40,40-44,27311.36328125
Mombasa,2025,female,40,40-44,41888.3125
Murang'a,2025,female,40,40-44,37037.75
Nairobi,2025,female,40,40-44,161700.46875
Nakuru,2025,female,40,40-44,70173.046875
Nandi,2025,female,40,40-44,25019.14453125
Narok,2025,female,40,40-44,29641.73828125
Nyamira,2025,female,40,40-44,16919.15234375
Nyandarua,2025,female,40,40-44,21476.859375
Nyeri,2025,female,40,40-44,28236.611328125
Samburu,2025,female,40,40-44,6524.150390625
Siaya,2025,female,40,40-44,26984.689453125
TaitaTaveta,2025,female,40,40-44,11009.6259765625
TanaRiver,2025,female,40,40-44,13914.8828125
Tharaka-Nithi,2025,female,40,40-44,10515.57421875
TransNzoia,2025,female,40,40-44,28039.89453125
Turkana,2025,female,40,40-44,21058.05859375
UasinGishu,2025,female,40,40-44,36133.296875
Vihiga,2025,female,40,40-44,15821.0927734375
Wajir,2025,female,40,40-44,16832.609375
WestPokot,2025,female,40,40-44,13753.3974609375
Baringo,2025,female,45,45-49,13435.494140625
Bomet,2025,female,45,45-49,20834.7265625
Bungoma,2025,female,45,45-49,42242.1640625
Busia,2025,female,45,45-49,18670.046875
Elgeyo-Marakwet,2025,female,45,45-49,9276.70703125
Embu,2025,female,45,45-49,19679.10546875
Garissa,2025,female,45,45-49,13042.02734375
HomaBay,2025,female,45,45-49,22057.748046875
Isiolo,2025,female,45,45-49,5707.876953125
Kajiado,2025,female,45,45-49,29288.06640625
Kakamega,2025,female,45,45-49,34480.16015625
Kericho,2025,female,45,45-49,21058.97265625
Kiambu,2025,female,45,45-49,76236.8203125
Kilifi,2025,female,45,45-49,30771.978515625
Kirinyaga,2025,female,45,45-49,31655.576171875
Kisii,2025,female,45,45-49,32096.4140625
Kisumu,2025,female,45,45-49,22085.224609375
Kitui,2025,female,45,45-49,31919.64453125
Kwale,2025,female,45,45-49,19057.76953125
Laikipia,2025,female,45,45-49,14460.302734375
Lamu,2025,female,45,45-49,3657.04248046875
Machakos,2025,female,45,45-49,41545.13671875
Makueni,2025,female,45,45-49,30033.89453125
Mandera,2025,female,45,45-49,8742.365234375
Marsabit,2025,female,45,45-49,7760.9677734375
Meru,2025,female,45,45-49,43580.7578125
Migori,2025,female,45,45-49,22744.3046875
Mombasa,2025,female,45,45-49,28916.16015625
Murang'a,2025,female,45,45-49,34255.44140625
Nairobi,2025,female,45,45-49,107458.734375
Nakuru,2025,female,45,45-49,58510.765625
Nandi,2025,female,45,45-49,21845.51171875
Narok,2025,female,45,45-49,24585.68359375
Nyamira,2025,female,45,45-49,15279.0576171875
Nyandarua,2025,female,45,45-49,20029.29296875
Nyeri,2025,female,45,45-49,25805.658203125
Samburu,2025,female,45,45-49,5999.0849609375
Siaya,2025,female,45,45-49,21660.4375
TaitaTaveta,2025,female,45,45-49,9899.46875
TanaRiver,2025,female,45,45-49,11145.720703125
Tharaka-Nithi,2025,female,45,45-49,10221.1318359375
TransNzoia,2025,female,45,45-49,21822.01953125
Turkana,2025,female,45,45-49,15496.4453125
UasinGishu,2025,female,45,45-49,29460.35546875
Vihiga,2025,female,45,45-49,13529.501953125
Wajir,2025,female,45,45-49,8503.970703125
WestPokot,2025,female,45,45-49,12104.3935546875
Baringo,2025,female,50,50-54,11132.8388671875
Bomet,2025,female,50,50-54,13371.7890625
Bungoma,2025,female,50,50-54,37705.375
Busia,2025,female,50,50-54,18884.28125
Elgeyo-Marakwet,2025,female,50,50-54,6701.99267578125
Embu,2025,female,50,50-54,17889.07421875
Garissa,2025,female,50,50-54,12617.3369140625
HomaBay,2025,female,50,50-54,18144.1328125
Isiolo,2025,female,50,50-54,4718.55908203125
Kajiado,2025,female,50,50-54,22397.06640625
Kakamega,2025,female,50,50-54,33111.234375
Kericho,2025,female,50,50-54,14478.076171875
Kiambu,2025,female,50,50-54,60753.5546875
Kilifi,2025,female,50,50-54,26660.716796875
Kirinyaga,2025,female,50,50-54,28900.060546875
Kisii,2025,female,50,50-54,19700.958984375
Kisumu,2025,female,50,50-54,20880.09765625
Kitui,2025,female,50,50-54,24630.580078125
Kwale,2025,female,50,50-54,13144.0048828125
Laikipia,2025,female,50,50-54,13067.0107421875
Lamu,2025,female,50,50-54,2872.642333984375
Machakos,2025,female,50,50-54,33738.77734375
Makueni,2025,female,50,50-54,22306.798828125
Mandera,2025,female,50,50-54,7566.701171875
Marsabit,2025,female,50,50-54,7239.57568359375
Meru,2025,female,50,50-54,31617.18359375
Migori,2025,female,50,50-54,17837.2265625
Mombasa,2025,female,50,50-54,19707.2890625
Murang'a,2025,female,50,50-54,31095.9609375
Nairobi,2025,female,50,50-54,74809.9140625
Nakuru,2025,female,50,50-54,46347.3046875
Nandi,2025,female,50,50-54,16913.50390625
Narok,2025,female,50,50-54,18197.91796875
Nyamira,2025,female,50,50-54,10060.9609375
Nyandarua,2025,female,50,50-54,18128.712890625
Nyeri,2025,female,50,50-54,25600.015625
Samburu,2025,female,50,50-54,4346.06201171875
Siaya,2025,female,50,50-54,22045.82421875
TaitaTaveta,2025,female,50,50-54,8263.134765625
TanaRiver,2025,female,50,50-54,9208.90234375
Tharaka-Nithi,2025,female,50,50-54,7433.685546875
TransNzoia,2025,female,50,50-54,18767.1015625
Turkana,2025,female,50,50-54,12029.447265625
UasinGishu,2025,female,50,50-54,21214.634765625
Vihiga,2025,female,50,50-54,13679.609375
Wajir,2025,female,50,50-54,7320.2314453125
WestPokot,2025,female,50,50-54,9091.615234375
Baringo,2025,female,55,55-59,8246.03515625
Bomet,2025,female,55,55-59,12382.6748046875
Bungoma,2025,female,55,55-59,32667.453125
Busia,2025,female,55,55-59,16028.34765625
Elgeyo-Marakwet,2025,female,55,55-59,5952.97314453125
Embu,2025,female,55,55-59,14771.00390625
Garissa,2025,female,55,55-59,5097.751953125
HomaBay,2025,female,55,55-59,17611.52734375
Isiolo,2025,female,55,55-59,4077.634765625
Kajiado,2025,female,55,55-59,14417.8369140625
Kakamega,2025,female,55,55-59,27880.544921875
Kericho,2025,female,55,55-59,13352.375
Kiambu,2025,female,55,55-59,40949.83984375
Kilifi,2025,female,55,55-59,21094.2578125
Kirinyaga,2025,female,55,55-59,22617.513671875
Kisii,2025,female,55,55-59,24565.62890625
Kisumu,2025,female,55,55-59,18509.400390625
Kitui,2025,female,55,55-59,19486.69140625
Kwale,2025,female,55,55-59,11252.392578125
Laikipia,2025,female,55,55-59,10069.416015625
Lamu,2025,female,55,55-59,2465.753662109375
Machakos,2025,female,55,55-59,27527.25390625
Makueni,2025,female,55,55-59,18918.71875
Mandera,2025,female,55,55-59,4276.6025390625
Marsabit,2025,female,55,55-59,4898.8603515625
Meru,2025,female,55,55-59,28702.53515625
Migori,2025,female,55,55-59,15614.8984375
Mombasa,2025,female,55,55-59,13473.99609375
Murang'a,2025,female,55,55-59,26270.44140625
Nairobi,2025,female,55,55-59,45289.3203125
Nakuru,2025,female,55,55-59,34262.375
Nandi,2025,female,55,55-59,14013.462890625
Narok,2025,female,55,55-59,14006.2255859375
Nyamira,2025,female,55,55-59,11750.361328125
Nyandarua,2025,female,55,55-59,13507.2822265625
Nyeri,2025,female,55,55-59,19211.05078125
Samburu,2025,female,55,55-59,2978.869384765625
Siaya,2025,female,55,55-59,19854.00390625
TaitaTaveta,2025,female,55,55-59,7159.642578125
TanaRiver,2025,female,55,55-59,6513.234375
Tharaka-Nithi,2025,female,55,55-59,6956.6650390625
TransNzoia,2025,female,55,55-59,15524.1162109375
Turkana,2025,female,55,55-59,8308.3251953125
UasinGishu,2025,female,55,55-59,16726.7421875
Vihiga,2025,female,55,55-59,12401.287109375
Wajir,2025,female,55,55-59,4098.541015625
WestPokot,2025,female,55,55-59,6305.46875
Baringo,2025,female,60,60-64,6547.5107421875
Bomet,2025,female,60,60-64,8821.37109375
Bungoma,2025,female,60,60-64,23878.57421875
Busia,2025,female,60,60-64,12160.6103515625
Elgeyo-Marakwet,2025,female,60,60-64,4489.4609375
Embu,2025,female,60,60-64,9683.998046875
Garissa,2025,female,60,60-64,6604.1396484375
HomaBay,2025,female,60,60-64,14718.96875
Isiolo,2025,female,60,60-64,3227.4404296875
Kajiado,2025,female,60,60-64,9888.26171875
Kakamega,2025,female,60,60-64,22314.162109375
Kericho,2025,female,60,60-64,9643.3134765625
Kiambu,2025,female,60,60-64,24827.794921875
Kilifi,2025,female,60,60-64,22455.58984375
Kirinyaga,2025,female,60,60-64,13892.3046875
Kisii,2025,female,60,60-64,18986.646484375
Kisumu,2025,female,60,60-64,15155.15625
Kitui,2025,female,60,60-64,15787.47265625
Kwale,2025,female,60,60-64,12115.2119140625
Laikipia,2025,female,60,60-64,6887.04296875
Lamu,2025,female,60,60-64,1890.88525390625
Machakos,2025,female,60,60-64,22049.43359375
Makueni,2025,female,60,60-64,16561.28125
Mandera,2025,female,60,60-64,3969.927978515625
Marsabit,2025,female,60,60-64,4241.880859375
Meru,2025,female,60,60-64,21661.779296875
Migori,2025,female,60,60-64,12332.060546875
Mombasa,2025,female,60,60-64,9127.7548828125
Murang'a,2025,female,60,60-64,18071.265625
Nairobi,2025,female,60,60-64,25523.302734375
Nakuru,2025,female,60,60-64,22137.32421875
Nandi,2025,female,60,60-64,9798.017578125
Narok,2025,female,60,60-64,10320.8623046875
Nyamira,2025,female,60,60-64,8998.244140625
Nyandarua,2025,female,60,60-64,8146.9189453125
Nyeri,2025,female,60,60-64,12424.169921875
Samburu,2025,female,60,60-64,3179.81640625
Siaya,2025,female,60,60-64,17523.435546875
TaitaTaveta,2025,female,60,60-64,5505.45068359375
TanaRiver,2025,female,60,60-64,6115.61279296875
Tharaka-Nithi,2025,female,60,60-64,5297.2060546875
TransNzoia,2025,female,60,60-64,10987.099609375
Turkana,2025,female,60,60-64,7700.3251953125
UasinGishu,2025,female,60,60-64,10975.9775390625
Vihiga,2025,female,60,60-64,10777.3681640625
Wajir,2025,female,60,60-64,3452.469482421875
WestPokot,2025,female,60,60-64,5950.06884765625
Baringo,2025,female,65,65-69,4841.4169921875
Bomet,2025,female,65,65-69,6136.84814453125
Bungoma,2025,female,65,65-69,15694.1962890625
Busia,2025,female,65,65-69,8261.810546875
Elgeyo-Marakwet,2025,female,65,65-69,3277.85693359375
Embu,2025,female,65,65-69,7651.89453125
Garissa,2025,female,65,65-69,2310.34765625
HomaBay,2025,female,65,65-69,10765.59375
Isiolo,2025,female,65,65-69,1819.63916015625
Kajiado,2025,female,65,65-69,5743.94091796875
Kakamega,2025,female,65,65-69,15268.4287109375
Kericho,2025,female,65,65-69,6350.1728515625
Kiambu,2025,female,65,65-69,17399.203125
Kilifi,2025,female,65,65-69,13181.7880859375
Kirinyaga,2025,female,65,65-69,10906.455078125
Kisii,2025,female,65,65-69,12170.484375
Kisumu,2025,female,65,65-69,10598.443359375
Kitui,2025,female,65,65-69,13091.0673828125
Kwale,2025,female,65,65-69,7809.88720703125
Laikipia,2025,female,65,65-69,5095.03076171875
Lamu,2025,female,65,65-69,1267.0458984375
Machakos,2025,female,65,65-69,16139.8369140625
Makueni,2025,female,65,65-69,13324.751953125
Mandera,2025,female,65,65-69,1776.96875
Marsabit,2025,female,65,65-69,2457.455078125
Meru,2025,female,65,65-69,16234.376953125
Migori,2025,female,65,65-69,8660.97265625
Mombasa,2025,female,65,65-69,5488.84326171875
Murang'a,2025,female,65,65-69,15188.396484375
Nairobi,2025,female,65,65-69,14505.8876953125
Nakuru,2025,female,65,65-69,15407.443359375
Nandi,2025,female,65,65-69,7138.986328125
Narok,2025,female,65,65-69,6049.83154296875
Nyamira,2025,female,65,65-69,5753.05859375
Nyandarua,2025,female,65,65-69,5979.224609375
Nyeri,2025,female,65,65-69,9454.0185546875
Samburu,2025,female,65,65-69,1880.3106689453125
Siaya,2025,female,65,65-69,13582.078125
TaitaTaveta,2025,female,65,65-69,3939.9384765625
TanaRiver,2025,female,65,65-69,3486.260986328125
Tharaka-Nithi,2025,female,65,65-69,4177.421875
TransNzoia,2025,female,65,65-69,7137.365234375
Turkana,2025,female,65,65-69,5151.73681640625
UasinGishu,2025,female,65,65-69,7449.333984375
Vihiga,2025,female,65,65-69,8090.4228515625
Wajir,2025,female,65,65-69,1599.505126953125
WestPokot,2025,female,65,65-69,4598.75390625
Baringo,2025,female,70,70-74,3152.603515625
Bomet,2025,female,70,70-74,3825.921875
Bungoma,2025,female,70,70-74,8851.5146484375
Busia,2025,female,70,70-74,5050.2421875
Elgeyo-Marakwet,2025,female,70,70-74,2189.8662109375
Embu,2025,female,70,70-74,4883.5439453125
Garissa,2025,female,70,70-74,2824.28125
HomaBay,2025,female,70,70-74,6781.6123046875
Isiolo,2025,female,70,70-74,1350.7296142578125
Kajiado,2025,female,70,70-74,3534.22265625
Kakamega,2025,female,70,70-74,8694.9453125
Kericho,2025,female,70,70-74,3687.4951171875
Kiambu,2025,female,70,70-74,10886.67578125
Kilifi,2025,female,70,70-74,7815.83984375
Kirinyaga,2025,female,70,70-74,7330.8037109375
Kisii,2025,female,70,70-74,6833.5390625
Kisumu,2025,female,70,70-74,6199.9423828125
Kitui,2025,female,70,70-74,9541.650390625
Kwale,2025,female,70,70-74,4752.76220703125
Laikipia,2025,female,70,70-74,3331.7099609375
Lamu,2025,female,70,70-74,750.8017578125
Machakos,2025,female,70,70-74,9072.2041015625
Makueni,2025,female,70,70-74,7815.89013671875
Mandera,2025,female,70,70-74,1568.7353515625
Marsabit,2025,female,70,70-74,2097.9248046875
Meru,2025,female,70,70-74,11075.3798828125
Migori,2025,female,70,70-74,5108.2626953125
Mombasa,2025,female,70,70-74,2875.97265625
Murang'a,2025,female,70,70-74,10498.126953125
Nairobi,2025,female,70,70-74,7428.7919921875
Nakuru,2025,female,70,70-74,9467.666015625
Nandi,2025,female,70,70-74,4067.966796875
Narok,2025,female,70,70-74,4092.72412109375
Nyamira,2025,female,70,70-74,3518.26953125
Nyandarua,2025,female,70,70-74,4261.35595703125
Nyeri,2025,female,70,70-74,7111.66796875
Samburu,2025,female,70,70-74,1431.032470703125
Siaya,2025,female,70,70-74,8546.8701171875
TaitaTaveta,2025,female,70,70-74,2402.0615234375
TanaRiver,2025,female,70,70-74,2406.134765625
Tharaka-Nithi,2025,female,70,70-74,2857.58203125
TransNzoia,2025,female,70,70-74,4123.5244140625
Turkana,2025,female,70,70-74,3617.62646484375
UasinGishu,2025,female,70,70-74,4125.03759765625
Vihiga,2025,female,70,70-74,4840.916015625
Wajir,2025,female,70,70-74,1298.6776123046875
WestPokot,2025,female,70,70-74,2847.814697265625
Baringo,2025,female,75,75-79,1884.770263671875
Bomet,2025,female,75,75-79,2735.229248046875
Bungoma,2025,female,75,75-79,6407.07470703125
Busia,2025,female,75,75-79,3423.654052734375
Elgeyo-Marakwet,2025,female,75,75-79,1496.638427734375
Embu,2025,female,75,75-79,3069.1611328125
Garissa,2025,female,75,75-79,1072.7197265625
HomaBay,2025,female,75,75-79,4223.33642578125
Isiolo,2025,female,75,75-79,683.3920288085938
Kajiado,2025,female,75,75-79,2099.73974609375
Kakamega,2025,female,75,75-79,6543.30712890625
Kericho,2025,female,75,75-79,2389.90283203125
Kiambu,2025,female,75,75-79,7993.5927734375
Kilifi,2025,female,75,75-79,4973.3701171875
Kirinyaga,2025,female,75,75-79,4416.134765625
Kisii,2025,female,75,75-79,4029.4365234375
Kisumu,2025,female,75,75-79,4019.43701171875
Kitui,2025,female,75,75-79,5569.65234375
Kwale,2025,female,75,75-79,2439.66455078125
Laikipia,2025,female,75,75-79,2327.976806640625
Lamu,2025,female,75,75-79,392.4664001464844
Machakos,2025,female,75,75-79,6303.2314453125
Makueni,2025,female,75,75-79,5226.828125
Mandera,2025,female,75,75-79,596.7283935546875
Marsabit,2025,female,75,75-79,891.3896484375
Meru,2025,female,75,75-79,6213.16064453125
Migori,2025,female,75,75-79,3418.143310546875
Mombasa,2025,female,75,75-79,1553.271728515625
Murang'a,2025,female,75,75-79,8185.873046875
Nairobi,2025,female,75,75-79,4216.97802734375
Nakuru,2025,female,75,75-79,6806.18505859375
Nandi,2025,female,75,75-79,3059.7255859375
Narok,2025,female,75,75-79,2429.876708984375
Nyamira,2025,female,75,75-79,2030.7708740234375
Nyandarua,2025,female,75,75-79,3646.5712890625
Nyeri,2025,female,75,75-79,5533.3623046875
Samburu,2025,female,75,75-79,780.8168334960938
Siaya,2025,female,75,75-79,5821.7646484375
TaitaTaveta,2025,female,75,75-79,1545.226318359375
TanaRiver,2025,female,75,75-79,1128.32861328125
Tharaka-Nithi,2025,female,75,75-79,1737.309326171875
TransNzoia,2025,female,75,75-79,2868.11083984375
Turkana,2025,female,75,75-79,1967.8380126953125
UasinGishu,2025,female,75,75-79,3205.52734375
Vihiga,2025,female,75,75-79,3694.92529296875
Wajir,2025,female,75,75-79,533.6737670898438
WestPokot,2025,female,75,75-79,1545.9051513671875
Baringo,2025,female,80,80-84,1155.200439453125
Bomet,2025,female,80,80-84,1878.2279052734375
Bungoma,2025,female,80,80-84,3762.729248046875
Busia,2025,female,80,80-84,2017.85791015625
Elgeyo-Marakwet,2025,female,80,80-84,898.751220703125
Embu,2025,female,80,80-84,2274.3232421875
Garissa,2025,female,80,80-84,658.7832641601562
HomaBay,2025,female,80,80-84,2403.53369140625
Isiolo,2025,female,80,80-84,429.7027587890625
Kajiado,2025,female,80,80-84,1239.0029296875
Kakamega,2025,female,80,80-84,3604.2080078125
Kericho,2025,female,80,80-84,1610.358642578125
Kiambu,2025,female,80,80-84,5072.24169921875
Kilifi,2025,female,80,80-84,2717.156982421875
Kirinyaga,2025,female,80,80-84,3233.601806640625
Kisii,2025,female,80,80-84,2570.211669921875
Kisumu,2025,female,80,80-84,2265.21826171875
Kitui,2025,female,80,80-84,3655.984375
Kwale,2025,female,80,80-84,1360.747314453125
Laikipia,2025,female,80,80-84,1284.8245849609375
Lamu,2025,female,80,80-84,205.9283447265625
Machakos,2025,female,80,80-84,4526.98583984375
Makueni,2025,female,80,80-84,3763.25537109375
Mandera,2025,female,80,80-84,322.5172119140625
Marsabit,2025,female,80,80-84,499.6101989746094
Meru,2025,female,80,80-84,4208.2265625
Migori,2025,female,80,80-84,1979.33154296875
Mombasa,2025,female,80,80-84,800.26708984375
Murang'a,2025,female,80,80-84,5433.63671875
Nairobi,2025,female,80,80-84,2259.400634765625
Nakuru,2025,female,80,80-84,4044.934326171875
Nandi,2025,female,80,80-84,1926.514892578125
Narok,2025,female,80,80-84,1448.6334228515625
Nyamira,2025,female,80,80-84,1251.4259033203125
Nyandarua,2025,female,80,80-84,1978.161865234375
Nyeri,2025,female,80,80-84,3383.91748046875
Samburu,2025,female,80,80-84,432.7139892578125
Siaya,2025,female,80,80-84,3428.903564453125
TaitaTaveta,2025,female,80,80-84,983.2109375
TanaRiver,2025,female,80,80-84,612.1415405273438
Tharaka-Nithi,2025,female,80,80-84,1168.178955078125
TransNzoia,2025,female,80,80-84,1684.3525390625
Turkana,2025,female,80,80-84,913.0455322265625
UasinGishu,2025,female,80,80-84,1967.9537353515625
Vihiga,2025,female,80,80-84,2283.345703125
Wajir,2025,female,80,80-84,278.3502197265625
WestPokot,2025,female,80,80-84,812.91162109375
Baringo,2025,female,85,85-89,716.6595458984375
Bomet,2025,female,85,85-89,1059.0433349609375
Bungoma,2025,female,85,85-89,1721.362060546875
Busia,2025,female,85,85-89,1017.3518676757812
Elgeyo-Marakwet,2025,female,85,85-89,469.1839599609375
Embu,2025,female,85,85-89,1557.42333984375
Garissa,2025,female,85,85-89,1097.2752685546875
HomaBay,2025,female,85,85-89,1239.05029296875
Isiolo,2025,female,85,85-89,352.60479736328125
Kajiado,2025,female,85,85-89,734.1431884765625
Kakamega,2025,female,85,85-89,1480.67333984375
Kericho,2025,female,85,85-89,980.82080078125
Kiambu,2025,female,85,85-89,2548.21240234375
Kilifi,2025,female,85,85-89,1361.7281494140625
Kirinyaga,2025,female,85,85-89,2289.0791015625
Kisii,2025,female,85,85-89,1546.5697021484375
Kisumu,2025,female,85,85-89,1086.8421630859375
Kitui,2025,female,85,85-89,2550.355712890625
Kwale,2025,female,85,85-89,828.044189453125
Laikipia,2025,female,85,85-89,584.4589233398438
Lamu,2025,female,85,85-89,115.9670181274414
Machakos,2025,female,85,85-89,2671.524169921875
Makueni,2025,female,85,85-89,2296.712646484375
Mandera,2025,female,85,85-89,357.7753601074219
Marsabit,2025,female,85,85-89,475.4221496582031
Meru,2025,female,85,85-89,2880.050537109375
Migori,2025,female,85,85-89,984.1550903320312
Mombasa,2025,female,85,85-89,402.657958984375
Murang'a,2025,female,85,85-89,2660.529296875
Nairobi,2025,female,85,85-89,1114.799072265625
Nakuru,2025,female,85,85-89,1897.3590087890625
Nandi,2025,female,85,85-89,913.736328125
Narok,2025,female,85,85-89,885.6778564453125
Nyamira,2025,female,85,85-89,754.7622680664062
Nyandarua,2025,female,85,85-89,767.565185546875
Nyeri,2025,female,85,85-89,1648.2244873046875
Samburu,2025,female,85,85-89,290.4343566894531
Siaya,2025,female,85,85-89,1657.7452392578125
TaitaTaveta,2025,female,85,85-89,571.9541015625
TanaRiver,2025,female,85,85-89,503.2320861816406
Tharaka-Nithi,2025,female,85,85-89,760.8778076171875
TransNzoia,2025,female,85,85-89,798.8472290039062
Turkana,2025,female,85,85-89,457.06036376953125
UasinGishu,2025,female,85,85-89,880.4286499023438
Vihiga,2025,female,85,85-89,1063.1396484375
Wajir,2025,female,85,85-89,266.0298767089844
WestPokot,2025,female,85,85-89,447.5207214355469
Baringo,2025,female,90,90+,509.3070983886719
Bomet,2025,female,90,90+,565.0988159179688
Bungoma,2025,female,90,90+,885.8312377929688
Busia,2025,female,90,90+,566.2000732421875
Elgeyo-Marakwet,2025,female,90,90+,274.0858154296875
Embu,2025,female,90,90+,932.9827880859375
Garissa,2025,female,90,90+,1188.8662109375
HomaBay,2025,female,90,90+,704.8295288085938
Isiolo,2025,female,90,90+,287.6324157714844
Kajiado,2025,female,90,90+,479.3232421875
Kakamega,2025,female,90,90+,699.473388671875
Kericho,2025,female,90,90+,613.803955078125
Kiambu,2025,female,90,90+,1332.2137451171875
Kilifi,2025,female,90,90+,720.38623046875
Kirinyaga,2025,female,90,90+,1372.340087890625
Kisii,2025,female,90,90+,955.5013427734375
Kisumu,2025,female,90,90+,577.5777587890625
Kitui,2025,female,90,90+,1815.960205078125
Kwale,2025,female,90,90+,515.9498291015625
Laikipia,2025,female,90,90+,321.0675354003906
Lamu,2025,female,90,90+,89.504638671875
Machakos,2025,female,90,90+,1485.21875
Makueni,2025,female,90,90+,1264.490478515625
Mandera,2025,female,90,90+,427.70404052734375
Marsabit,2025,female,90,90+,486.2321472167969
Meru,2025,female,90,90+,1689.494873046875
Migori,2025,female,90,90+,573.7835693359375
Mombasa,2025,female,90,90+,258.4810485839844
Murang'a,2025,female,90,90+,1178.427978515625
Nairobi,2025,female,90,90+,654.100830078125
Nakuru,2025,female,90,90+,968.7473754882812
Nandi,2025,female,90,90+,469.3309631347656
Narok,2025,female,90,90+,561.3389282226562
Nyamira,2025,female,90,90+,461.1641845703125
Nyandarua,2025,female,90,90+,362.1748046875
Nyeri,2025,female,90,90+,836.2509155273438
Samburu,2025,female,90,90+,209.62399291992188
Siaya,2025,female,90,90+,814.4556884765625
TaitaTaveta,2025,female,90,90+,363.84967041015625
TanaRiver,2025,female,90,90+,445.83990478515625
Tharaka-Nithi,2025,female,90,90+,473.234619140625
TransNzoia,2025,female,90,90+,413.8420104980469
Turkana,2025,female,90,90+,299.58624267578125
UasinGishu,2025,female,90,90+,435.0203857421875
Vihiga,2025,female,90,90+,516.2314453125
Wajir,2025,female,90,90+,322.0076599121094
WestPokot,2025,female,90,90+,306.5132751464844
Baringo,2025,male,00,0-1,11132.9794921875
Bomet,2025,male,00,0-1,13335.2578125
Bungoma,2025,male,00,0-1,29773.080078125
Busia,2025,male,00,0-1,13269.048828125
Elgeyo-Marakwet,2025,male,00,0-1,6455.99169921875
Embu,2025,male,00,0-1,7401.984375
Garissa,2025,male,00,0-1,17951.251953125
HomaBay,2025,male,00,0-1,17741.51953125
Isiolo,2025,male,00,0-1,6643.0888671875
Kajiado,2025,male,00,0-1,22526.861328125
Kakamega,2025,male,00,0-1,21575.42578125
Kericho,2025,male,00,0-1,12884.494140625
Kiambu,2025,male,00,0-1,36919.78125
Kilifi,2025,male,00,0-1,24924.865234375
Kirinyaga,2025,male,00,0-1,9189.6640625
Kisii,2025,male,00,0-1,16028.931640625
Kisumu,2025,male,00,0-1,17036.955078125
Kitui,2025,male,00,0-1,14420.9609375
Kwale,2025,male,00,0-1,16570.43359375
Laikipia,2025,male,00,0-1,8142.62060546875
Lamu,2025,male,00,0-1,2498.759033203125
Machakos,2025,male,00,0-1,18950.1328125
Makueni,2025,male,00,0-1,11048.73046875
Mandera,2025,male,00,0-1,18133.708984375
Marsabit,2025,male,00,0-1,9318.919921875
Meru,2025,male,00,0-1,19412.185546875
Migori,2025,male,00,0-1,19953.87109375
Mombasa,2025,male,00,0-1,18379.45703125
Murang'a,2025,male,00,0-1,12319.556640625
Nairobi,2025,male,00,0-1,70286.53125
Nakuru,2025,male,00,0-1,34653.28125
Nandi,2025,male,00,0-1,12470.5244140625
Narok,2025,male,00,0-1,24817.06640625
Nyamira,2025,male,00,0-1,6965.3720703125
Nyandarua,2025,male,00,0-1,7759.20703125
Nyeri,2025,male,00,0-1,8054.6142578125
Samburu,2025,male,00,0-1,6571.78076171875
Siaya,2025,male,00,0-1,14605.9462890625
TaitaTaveta,2025,male,00,0-1,4622.94140625
TanaRiver,2025,male,00,0-1,12695.76171875
Tharaka-Nithi,2025,male,00,0-1,3817.8369140625
TransNzoia,2025,male,00,0-1,15452.7216796875
Turkana,2025,male,00,0-1,15841.513671875
UasinGishu,2025,male,00,0-1,17450.265625
Vihiga,2025,male,00,0-1,6918.57861328125
Wajir,2025,male,00,0-1,14759.24609375
WestPokot,2025,male,00,0-1,14503.4921875
Baringo,2025,male,01,1-4,42549.890625
Bomet,2025,male,01,1-4,50966.921875
Bungoma,2025,male,01,1-4,113792.2578125
Busia,2025,male,01,1-4,50715.0390625
Elgeyo-Marakwet,2025,male,01,1-4,24674.587890625
Embu,2025,male,01,1-4,28290.14453125
Garissa,2025,male,01,1-4,68608.421875
HomaBay,2025,male,01,1-4,67807.515625
Isiolo,2025,male,01,1-4,25389.66796875
Kajiado,2025,male,01,1-4,86092.171875
Kakamega,2025,male,01,1-4,82460.5703125
Kericho,2025,male,01,1-4,49244.109375
Kiambu,2025,male,01,1-4,141106.21875
Kilifi,2025,male,01,1-4,95262.0234375
Kirinyaga,2025,male,01,1-4,35122.59765625
Kisii,2025,male,01,1-4,61262.0546875
Kisumu,2025,male,01,1-4,65114.6953125
Kitui,2025,male,01,1-4,55116.4375
Kwale,2025,male,01,1-4,63331.390625
Laikipia,2025,male,01,1-4,31120.83203125
Lamu,2025,male,01,1-4,9550.173828125
Machakos,2025,male,01,1-4,72426.796875
Makueni,2025,male,01,1-4,42227.890625
Mandera,2025,male,01,1-4,69291.125
Marsabit,2025,male,01,1-4,35616.6171875
Meru,2025,male,01,1-4,74192.7421875
Migori,2025,male,01,1-4,76258.078125
Mombasa,2025,male,01,1-4,70245.6796875
Murang'a,2025,male,01,1-4,47084.9453125
Nairobi,2025,male,01,1-4,268632.84375
Nakuru,2025,male,01,1-4,132443.734375
Nandi,2025,male,01,1-4,47661.9375
Narok,2025,male,01,1-4,94849.7734375
Nyamira,2025,male,01,1-4,26621.427734375
Nyandarua,2025,male,01,1-4,29655.435546875
Nyeri,2025,male,01,1-4,30784.4765625
Samburu,2025,male,01,1-4,25117.13671875
Siaya,2025,male,01,1-4,55823.44921875
TaitaTaveta,2025,male,01,1-4,17668.30859375
TanaRiver,2025,male,01,1-4,48522.79296875
Tharaka-Nithi,2025,male,01,1-4,14591.650390625
TransNzoia,2025,male,01,1-4,59059.875
Turkana,2025,male,01,1-4,60545.703125
UasinGishu,2025,male,01,1-4,66694.34375
Vihiga,2025,male,01,1-4,26442.5859375
Wajir,2025,male,01,1-4,56409.34765625
WestPokot,2025,male,01,1-4,55432.30859375
Baringo,2025,male,05,5-9,52279.2421875
Bomet,2025,male,05,5-9,65979.3125
Bungoma,2025,male,05,5-9,154359.15625
Busia,2025,male,05,5-9,66076.5703125
Elgeyo-Marakwet,2025,male,05,5-9,30941.935546875
Embu,2025,male,05,5-9,32593.37109375
Garissa,2025,male,05,5-9,95302.609375
HomaBay,2025,male,05,5-9,84463.28125
Isiolo,2025,male,05,5-9,30954.619140625
Kajiado,2025,male,05,5-9,92930.109375
Kakamega,2025,male,05,5-9,115039.40625
Kericho,2025,male,05,5-9,62087.875
Kiambu,2025,male,05,5-9,141469.09375
Kilifi,2025,male,05,5-9,114257.8515625
Kirinyaga,2025,male,05,5-9,40736.234375
Kisii,2025,male,05,5-9,85482.3203125
Kisumu,2025,male,05,5-9,80086.421875
Kitui,2025,male,05,5-9,74016.6796875
Kwale,2025,male,05,5-9,75240.359375
Laikipia,2025,male,05,5-9,35634.97265625
Lamu,2025,male,05,5-9,11067.7353515625
Machakos,2025,male,05,5-9,85050.6328125
Makueni,2025,male,05,5-9,57193.33984375
Mandera,2025,male,05,5-9,85372.2578125
Marsabit,2025,male,05,5-9,45601.34375
Meru,2025,male,05,5-9,89415.484375
Migori,2025,male,05,5-9,95001.90625
Mombasa,2025,male,05,5-9,70882.9296875
Murang'a,2025,male,05,5-9,56814.890625
Nairobi,2025,male,05,5-9,255558.09375
Nakuru,2025,male,05,5-9,151857.03125
Nandi,2025,male,05,5-9,61081.01171875
Narok,2025,male,05,5-9,118236.0625
Nyamira,2025,male,05,5-9,38084.14453125
Nyandarua,2025,male,05,5-9,37050.18359375
Nyeri,2025,male,05,5-9,36523.953125
Samburu,2025,male,05,5-9,30899.732421875
Siaya,2025,male,05,5-9,73752.65625
TaitaTaveta,2025,male,05,5-9,20007.408203125
TanaRiver,2025,male,05,5-9,58561.6953125
Tharaka-Nithi,2025,male,05,5-9,18492.40234375
TransNzoia,2025,male,05,5-9,75502.4296875
Turkana,2025,male,05,5-9,79131.78125
UasinGishu,2025,male,05,5-9,78753.828125
Vihiga,2025,male,05,5-9,37359.39453125
Wajir,2025,male,05,5-9,75488.3828125
WestPokot,2025,male,05,5-9,61798.078125
Baringo,2025,male,10,10-14,52562.234375
Bomet,2025,male,10,10-14,68384.4140625
Bungoma,2025,male,10,10-14,160052.03125
Busia,2025,male,10,10-14,71064.5703125
Elgeyo-Marakwet,2025,male,10,10-14,30316.919921875
Embu,2025,male,10,10-14,35888.3515625
Garissa,2025,male,10,10-14,94156.875
HomaBay,2025,male,10,10-14,90278.234375
Isiolo,2025,male,10,10-14,29602.76953125
Kajiado,2025,male,10,10-14,78902.0625
Kakamega,2025,male,10,10-14,121754.140625
Kericho,2025,male,10,10-14,64809.51171875
Kiambu,2025,male,10,10-14,128216.0859375
Kilifi,2025,male,10,10-14,111790.359375
Kirinyaga,2025,male,10,10-14,43114.125
Kisii,2025,male,10,10-14,95568.3359375
Kisumu,2025,male,10,10-14,86704.890625
Kitui,2025,male,10,10-14,87323.34375
Kwale,2025,male,10,10-14,69956.2421875
Laikipia,2025,male,10,10-14,35924.125
Lamu,2025,male,10,10-14,10777.3232421875
Machakos,2025,male,10,10-14,89491.15625
Makueni,2025,male,10,10-14,68326.0625
Mandera,2025,male,10,10-14,83668.3828125
Marsabit,2025,male,10,10-14,44560.30859375
Meru,2025,male,10,10-14,97050.34375
Migori,2025,male,10,10-14,97045.34375
Mombasa,2025,male,10,10-14,61211.84375
Murang'a,2025,male,10,10-14,58198.19921875
Nairobi,2025,male,10,10-14,214403.375
Nakuru,2025,male,10,10-14,151974.375
Nandi,2025,male,10,10-14,65202.63671875
Narok,2025,male,10,10-14,105531.765625
Nyamira,2025,male,10,10-14,44328.0
Nyandarua,2025,male,10,10-14,40794.3046875
Nyeri,2025,male,10,10-14,37217.0546875
Samburu,2025,male,10,10-14,28326.25
Siaya,2025,male,10,10-14,79943.015625
TaitaTaveta,2025,male,10,10-14,20988.724609375
TanaRiver,2025,male,10,10-14,51787.18359375
Tharaka-Nithi,2025,male,10,10-14,20224.267578125
TransNzoia,2025,male,10,10-14,77755.859375
Turkana,2025,male,10,10-14,78637.390625
UasinGishu,2025,male,10,10-14,79801.0859375
Vihiga,2025,male,10,10-14,41395.08984375
Wajir,2025,male,10,10-14,76978.0859375
WestPokot,2025,male,10,10-14,54174.20703125
Baringo,2025,male,15,15-19,48841.28125
Bomet,2025,male,15,15-19,66893.4921875
Bungoma,2025,male,15,15-19,151551.421875
Busia,2025,male,15,15-19,69154.46875
Elgeyo-Marakwet,2025,male,15,15-19,29775.30078125
Embu,2025,male,15,15-19,38967.19140625
Garissa,2025,male,15,15-19,82945.3359375
HomaBay,2025,male,15,15-19,78741.609375
Isiolo,2025,male,15,15-19,28176.787109375
Kajiado,2025,male,15,15-19,70900.1484375
Kakamega,2025,male,15,15-19,115010.4765625
Kericho,2025,male,15,15-19,63597.01171875
Kiambu,2025,male,15,15-19,132724.96875
Kilifi,2025,male,15,15-19,108435.7734375
Kirinyaga,2025,male,15,15-19,47874.4921875
Kisii,2025,male,15,15-19,84348.1953125
Kisumu,2025,male,15,15-19,81029.9609375
Kitui,2025,male,15,15-19,88034.6875
Kwale,2025,male,15,15-19,62816.95703125
Laikipia,2025,male,15,15-19,35844.99609375
Lamu,2025,male,15,15-19,10376.880859375
Machakos,2025,male,15,15-19,91805.34375
Makueni,2025,male,15,15-19,72490.59375
Mandera,2025,male,15,15-19,72390.3515625
Marsabit,2025,male,15,15-19,43804.88671875
Meru,2025,male,15,15-19,93747.5703125
Migori,2025,male,15,15-19,83446.8203125
Mombasa,2025,male,15,15-19,58868.3828125
Murang'a,2025,male,15,15-19,61473.9453125
Nairobi,2025,male,15,15-19,212101.71875
Nakuru,2025,male,15,15-19,151104.5
Nandi,2025,male,15,15-19,65252.5546875
Narok,2025,male,15,15-19,86826.6953125
Nyamira,2025,male,15,15-19,38253.6484375
Nyandarua,2025,male,15,15-19,43084.6484375
Nyeri,2025,male,15,15-19,41213.57421875
Samburu,2025,male,15,15-19,25903.9453125
Siaya,2025,male,15,15-19,71680.6875
TaitaTaveta,2025,male,15,15-19,21337.31640625
TanaRiver,2025,male,15,15-19,42819.3515625
Tharaka-Nithi,2025,male,15,15-19,20505.64453125
TransNzoia,2025,male,15,15-19,75305.5625
Turkana,2025,male,15,15-19,80667.75
UasinGishu,2025,male,15,15-19,82368.1328125
Vihiga,2025,male,15,15-19,40303.77734375
Wajir,2025,male,15,15-19,69048.9453125
WestPokot,2025,male,15,15-19,45887.1875
Baringo,2025,male,20,20-24,37336.37890625
Bomet,2025,male,20,20-24,48551.7734375
Bungoma,2025,male,20,20-24,96789.078125
Busia,2025,male,20,20-24,44883.7890625
Elgeyo-Marakwet,2025,male,20,20-24,24139.2265625
Embu,2025,male,20,20-24,33635.59375
Garissa,2025,male,20,20-24,60213.796875
HomaBay,2025,male,20,20-24,52870.03515625
Isiolo,2025,male,20,20-24,21463.244140625
Kajiado,2025,male,20,20-24,83231.640625
Kakamega,2025,male,20,20-24,72291.7265625
Kericho,2025,male,20,20-24,50577.7109375
Kiambu,2025,male,20,20-24,175452.90625
Kilifi,2025,male,20,20-24,84351.109375
Kirinyaga,2025,male,20,20-24,39613.4765625
Kisii,2025,male,20,20-24,54893.5703125
Kisumu,2025,male,20,20-24,66096.9375
Kitui,2025,male,20,20-24,52380.28125
Kwale,2025,male,20,20-24,44228.98046875
Laikipia,2025,male,20,20-24,27280.685546875
Lamu,2025,male,20,20-24,9812.138671875
Machakos,2025,male,20,20-24,89754.546875
Makueni,2025,male,20,20-24,50067.67578125
Mandera,2025,male,20,20-24,46622.8046875
Marsabit,2025,male,20,20-24,32930.1640625
Meru,2025,male,20,20-24,78806.640625
Migori,2025,male,20,20-24,59579.828125
Mombasa,2025,male,20,20-24,83645.390625
Murang'a,2025,male,20,20-24,45235.5078125
Nairobi,2025,male,20,20-24,346431.75
Nakuru,2025,male,20,20-24,138488.484375
Nandi,2025,male,20,20-24,49126.51171875
Narok,2025,male,20,20-24,66834.140625
Nyamira,2025,male,20,20-24,23059.64453125
Nyandarua,2025,male,20,20-24,28594.01171875
Nyeri,2025,male,20,20-24,34522.3984375
Samburu,2025,male,20,20-24,19655.9609375
Siaya,2025,male,20,20-24,46774.765625
TaitaTaveta,2025,male,20,20-24,18624.8359375
TanaRiver,2025,male,20,20-24,34719.7265625
Tharaka-Nithi,2025,male,20,20-24,15336.7119140625
TransNzoia,2025,male,20,20-24,51457.68359375
Turkana,2025,male,20,20-24,65130.1328125
UasinGishu,2025,male,20,20-24,80902.5625
Vihiga,2025,male,20,20-24,24112.90234375
Wajir,2025,male,20,20-24,43150.12890625
WestPokot,2025,male,20,20-24,35077.3828125
Baringo,2025,male,25,25-29,26320.90625
Bomet,2025,male,25,25-29,36950.0078125
Bungoma,2025,male,25,25-29,67842.1484375
Busia,2025,male,25,25-29,30589.0
Elgeyo-Marakwet,2025,male,25,25-29,17375.75
Embu,2025,male,25,25-29,27662.921875
Garissa,2025,male,25,25-29,37504.203125
HomaBay,2025,male,25,25-29,37913.46484375
Isiolo,2025,male,25,25-29,16748.341796875
Kajiado,2025,male,25,25-29,81552.09375
Kakamega,2025,male,25,25-29,49245.9921875
Kericho,2025,male,25,25-29,40972.625
Kiambu,2025,male,25,25-29,166002.953125
Kilifi,2025,male,25,25-29,64266.0078125
Kirinyaga,2025,male,25,25-29,33128.0234375
Kisii,2025,male,25,25-29,44319.7421875
Kisumu,2025,male,25,25-29,54139.875
Kitui,2025,male,25,25-29,35634.86328125
Kwale,2025,male,25,25-29,35916.8828125
Laikipia,2025,male,25,25-29,22027.8203125
Lamu,2025,male,25,25-29,8458.244140625
Machakos,2025,male,25,25-29,78402.2890625
Makueni,2025,male,25,25-29,37442.87109375
Mandera,2025,male,25,25-29,32458.458984375
Marsabit,2025,male,25,25-29,25354.69140625
Meru,2025,male,25,25-29,64537.55078125
Migori,2025,male,25,25-29,44806.28125
Mombasa,2025,male,25,25-29,86765.984375
Murang'a,2025,male,25,25-29,35472.9296875
Nairobi,2025,male,25,25-29,373635.09375
Nakuru,2025,male,25,25-29,109291.46875
Nandi,2025,male,25,25-29,36760.296875
Narok,2025,male,25,25-29,52053.9609375
Nyamira,2025,male,25,25-29,19062.23046875
Nyandarua,2025,male,25,25-29,20866.87109375
Nyeri,2025,male,25,25-29,26510.861328125
Samburu,2025,male,25,25-29,14295.8525390625
Siaya,2025,male,25,25-29,34756.5546875
TaitaTaveta,2025,male,25,25-29,15873.45703125
TanaRiver,2025,male,25,25-29,25259.28125
Tharaka-Nithi,2025,male,25,25-29,12220.4404296875
TransNzoia,2025,male,25,25-29,37636.703125
Turkana,2025,male,25,25-29,46777.8828125
UasinGishu,2025,male,25,25-29,64545.03125
Vihiga,2025,male,25,25-29,15878.51953125
Wajir,2025,male,25,25-29,32816.6953125
WestPokot,2025,male,25,25-29,26481.0859375
Baringo,2025,male,30,30-34,21133.767578125
Bomet,2025,male,30,30-34,32858.078125
Bungoma,2025,male,30,30-34,61003.1640625
Busia,2025,male,30,30-34,27377.544921875
Elgeyo-Marakwet,2025,male,30,30-34,14096.2001953125
Embu,2025,male,30,30-34,26380.4609375
Garissa,2025,male,30,30-34,29135.48046875
HomaBay,2025,male,30,30-34,34327.1484375
Isiolo,2025,male,30,30-34,14456.3583984375
Kajiado,2025,male,30,30-34,68968.234375
Kakamega,2025,male,30,30-34,46701.7265625
Kericho,2025,male,30,30-34,36676.8828125
Kiambu,2025,male,30,30-34,142254.609375
Kilifi,2025,male,30,30-34,49374.96484375
Kirinyaga,2025,male,30,30-34,36984.60546875
Kisii,2025,male,30,30-34,41836.6640625
Kisumu,2025,male,30,30-34,48777.25
Kitui,2025,male,30,30-34,32883.6640625
Kwale,2025,male,30,30-34,29881.3828125
Laikipia,2025,male,30,30-34,20679.150390625
Lamu,2025,male,30,30-34,6974.95166015625
Machakos,2025,male,30,30-34,71146.5546875
Makueni,2025,male,30,30-34,34547.890625
Mandera,2025,male,30,30-34,25648.96875
Marsabit,2025,male,30,30-34,19096.40625
Meru,2025,male,30,30-34,62159.6953125
Migori,2025,male,30,30-34,38425.15625
Mombasa,2025,male,30,30-34,72387.75
Murang'a,2025,male,30,30-34,37453.578125
Nairobi,2025,male,30,30-34,314617.3125
Nakuru,2025,male,30,30-34,97433.7578125
Nandi,2025,male,30,30-34,34229.4296875
Narok,2025,male,30,30-34,44793.5234375
Nyamira,2025,male,30,30-34,18940.46875
Nyandarua,2025,male,30,30-34,20745.755859375
Nyeri,2025,male,30,30-34,27493.85546875
Samburu,2025,male,30,30-34,10379.623046875
Siaya,2025,male,30,30-34,33371.375
TaitaTaveta,2025,male,30,30-34,14682.296875
TanaRiver,2025,male,30,30-34,19469.765625
Tharaka-Nithi,2025,male,30,30-34,11898.455078125
TransNzoia,2025,male,30,30-34,33875.81640625
Turkana,2025,male,30,30-34,31960.521484375
UasinGishu,2025,male,30,30-34,53405.9609375
Vihiga,2025,male,30,30-34,15355.3984375
Wajir,2025,male,30,30-34,27255.35546875
WestPokot,2025,male,30,30-34,21249.94140625
Baringo,2025,male,35,35-39,18209.765625
Bomet,2025,male,35,35-39,28484.92578125
Bungoma,2025,male,35,35-39,54416.46484375
Busia,2025,male,35,35-39,25397.4140625
Elgeyo-Marakwet,2025,male,35,35-39,12498.5283203125
Embu,2025,male,35,35-39,27999.046875
Garissa,2025,male,35,35-39,25093.43359375
HomaBay,2025,male,35,35-39,32032.779296875
Isiolo,2025,male,35,35-39,11825.91796875
Kajiado,2025,male,35,35-39,59481.58984375
Kakamega,2025,male,35,35-39,43925.19140625
Kericho,2025,male,35,35-39,31538.328125
Kiambu,2025,male,35,35-39,129697.34375
Kilifi,2025,male,35,35-39,42411.1640625
Kirinyaga,2025,male,35,35-39,43324.62109375
Kisii,2025,male,35,35-39,37186.06640625
Kisumu,2025,male,35,35-39,44574.82421875
Kitui,2025,male,35,35-39,32227.734375
Kwale,2025,male,35,35-39,26753.953125
Laikipia,2025,male,35,35-39,20620.3828125
Lamu,2025,male,35,35-39,6061.85107421875
Machakos,2025,male,35,35-39,69388.171875
Makueni,2025,male,35,35-39,34701.34765625
Mandera,2025,male,35,35-39,18442.7265625
Marsabit,2025,male,35,35-39,14135.8291015625
Meru,2025,male,35,35-39,65753.828125
Migori,2025,male,35,35-39,33276.37890625
Mombasa,2025,male,35,35-39,63537.12890625
Murang'a,2025,male,35,35-39,41631.0859375
Nairobi,2025,male,35,35-39,263236.09375
Nakuru,2025,male,35,35-39,90339.0
Nandi,2025,male,35,35-39,30938.326171875
Narok,2025,male,35,35-39,37609.41015625
Nyamira,2025,male,35,35-39,17824.875
Nyandarua,2025,male,35,35-39,22463.560546875
Nyeri,2025,male,35,35-39,30741.998046875
Samburu,2025,male,35,35-39,7587.3828125
Siaya,2025,male,35,35-39,31493.58984375
TaitaTaveta,2025,male,35,35-39,14980.10546875
TanaRiver,2025,male,35,35-39,17806.033203125
Tharaka-Nithi,2025,male,35,35-39,12302.4677734375
TransNzoia,2025,male,35,35-39,31110.05859375
Turkana,2025,male,35,35-39,25437.5390625
UasinGishu,2025,male,35,35-39,47852.8359375
Vihiga,2025,male,35,35-39,15659.36328125
Wajir,2025,male,35,35-39,21405.4453125
WestPokot,2025,male,35,35-39,16070.810546875
Baringo,2025,male,40,40-44,14997.595703125
Bomet,2025,male,40,40-44,23463.90625
Bungoma,2025,male,40,40-44,47130.5703125
Busia,2025,male,40,40-44,21374.287109375
Elgeyo-Marakwet,2025,male,40,40-44,10435.1240234375
Embu,2025,male,40,40-44,23535.9609375
Garissa,2025,male,40,40-44,26680.89453125
HomaBay,2025,male,40,40-44,25630.3359375
Isiolo,2025,male,40,40-44,9340.892578125
Kajiado,2025,male,40,40-44,43164.87890625
Kakamega,2025,male,40,40-44,38360.9609375
Kericho,2025,male,40,40-44,26218.181640625
Kiambu,2025,male,40,40-44,101104.921875
Kilifi,2025,male,40,40-44,38251.11328125
Kirinyaga,2025,male,40,40-44,37079.50390625
Kisii,2025,male,40,40-44,31690.451171875
Kisumu,2025,male,40,40-44,34502.828125
Kitui,2025,male,40,40-44,28648.02734375
Kwale,2025,male,40,40-44,24268.958984375
Laikipia,2025,male,40,40-44,17471.447265625
Lamu,2025,male,40,40-44,5301.1474609375
Machakos,2025,male,40,40-44,56320.8828125
Makueni,2025,male,40,40-44,29825.751953125
Mandera,2025,male,40,40-44,18592.029296875
Marsabit,2025,male,40,40-44,12490.1806640625
Meru,2025,male,40,40-44,53971.1640625
Migori,2025,male,40,40-44,26488.099609375
Mombasa,2025,male,40,40-44,52002.9375
Murang'a,2025,male,40,40-44,37389.99609375
Nairobi,2025,male,40,40-44,193329.5625
Nakuru,2025,male,40,40-44,74273.0390625
Nandi,2025,male,40,40-44,26302.69921875
Narok,2025,male,40,40-44,30556.59765625
Nyamira,2025,male,40,40-44,15801.794921875
Nyandarua,2025,male,40,40-44,19662.296875
Nyeri,2025,male,40,40-44,27347.939453125
Samburu,2025,male,40,40-44,7246.912109375
Siaya,2025,male,40,40-44,25315.30859375
TaitaTaveta,2025,male,40,40-44,12634.9375
TanaRiver,2025,male,40,40-44,15302.111328125
Tharaka-Nithi,2025,male,40,40-44,10621.375
TransNzoia,2025,male,40,40-44,26976.62109375
Turkana,2025,male,40,40-44,21113.115234375
UasinGishu,2025,male,40,40-44,38567.02734375
Vihiga,2025,male,40,40-44,14017.2392578125
Wajir,2025,male,40,40-44,21269.791015625
WestPokot,2025,male,40,40-44,13613.79296875
Baringo,2025,male,45,45-49,12797.345703125
Bomet,2025,male,45,45-49,20489.09765625
Bungoma,2025,male,45,45-49,39330.125
Busia,2025,male,45,45-49,16323.849609375
Elgeyo-Marakwet,2025,male,45,45-49,9247.4150390625
Embu,2025,male,45,45-49,19543.03515625
Garissa,2025,male,45,45-49,16341.587890625
HomaBay,2025,male,45,45-49,17468.408203125
Isiolo,2025,male,45,45-49,6464.5068359375
Kajiado,2025,male,45,45-49,34009.17578125
Kakamega,2025,male,45,45-49,30733.32421875
Kericho,2025,male,45,45-49,21977.5390625
Kiambu,2025,male,45,45-49,80348.8828125
Kilifi,2025,male,45,45-49,31508.61328125
Kirinyaga,2025,male,45,45-49,31414.771484375
Kisii,2025,male,45,45-49,25319.095703125
Kisumu,2025,male,45,45-49,23377.189453125
Kitui,2025,male,45,45-49,26067.9375
Kwale,2025,male,45,45-49,19774.46875
Laikipia,2025,male,45,45-49,14518.3388671875
Lamu,2025,male,45,45-49,4453.2822265625
Machakos,2025,male,45,45-49,45485.875
Makueni,2025,male,45,45-49,26924.720703125
Mandera,2025,male,45,45-49,10696.125
Marsabit,2025,male,45,45-49,8628.7294921875
Meru,2025,male,45,45-49,42855.55859375
Migori,2025,male,45,45-49,19746.17578125
Mombasa,2025,male,45,45-49,39887.80078125
Murang'a,2025,male,45,45-49,33353.671875
Nairobi,2025,male,45,45-49,140139.25
Nakuru,2025,male,45,45-49,60604.4375
Nandi,2025,male,45,45-49,21883.259765625
Narok,2025,male,45,45-49,25403.658203125
Nyamira,2025,male,45,45-49,12895.45703125
Nyandarua,2025,male,45,45-49,17871.421875
Nyeri,2025,male,45,45-49,24894.591796875
Samburu,2025,male,45,45-49,5643.4580078125
Siaya,2025,male,45,45-49,18290.34375
TaitaTaveta,2025,male,45,45-49,10868.255859375
TanaRiver,2025,male,45,45-49,11755.119140625
Tharaka-Nithi,2025,male,45,45-49,9649.390625
TransNzoia,2025,male,45,45-49,21082.109375
Turkana,2025,male,45,45-49,15101.7431640625
UasinGishu,2025,male,45,45-49,30999.982421875
Vihiga,2025,male,45,45-49,12058.369140625
Wajir,2025,male,45,45-49,12041.931640625
WestPokot,2025,male,45,45-49,12039.3271484375
Baringo,2025,male,50,50-54,10017.365234375
Bomet,2025,male,50,50-54,13025.59765625
Bungoma,2025,male,50,50-54,31159.509765625
Busia,2025,male,50,50-54,14266.029296875
Elgeyo-Marakwet,2025,male,50,50-54,6194.8203125
Embu,2025,male,50,50-54,16465.97265625
Garissa,2025,male,50,50-54,18044.95703125
HomaBay,2025,male,50,50-54,13502.8017578125
Isiolo,2025,male,50,50-54,5632.4384765625
Kajiado,2025,male,50,50-54,25445.77734375
Kakamega,2025,male,50,50-54,26285.75390625
Kericho,2025,male,50,50-54,14401.994140625
Kiambu,2025,male,50,50-54,62814.4453125
Kilifi,2025,male,50,50-54,25168.62890625
Kirinyaga,2025,male,50,50-54,28160.66015625
Kisii,2025,male,50,50-54,19334.1953125
Kisumu,2025,male,50,50-54,18058.89453125
Kitui,2025,male,50,50-54,20622.541015625
Kwale,2025,male,50,50-54,15462.6650390625
Laikipia,2025,male,50,50-54,12637.15625
Lamu,2025,male,50,50-54,3474.553955078125
Machakos,2025,male,50,50-54,34351.7890625
Makueni,2025,male,50,50-54,21016.25
Mandera,2025,male,50,50-54,10109.107421875
Marsabit,2025,male,50,50-54,8136.3896484375
Meru,2025,male,50,50-54,32342.44921875
Migori,2025,male,50,50-54,14567.533203125
Mombasa,2025,male,50,50-54,27821.984375
Murang'a,2025,male,50,50-54,28270.5
Nairobi,2025,male,50,50-54,99096.1875
Nakuru,2025,male,50,50-54,46163.94921875
Nandi,2025,male,50,50-54,16045.22265625
Narok,2025,male,50,50-54,18430.935546875
Nyamira,2025,male,50,50-54,10088.552734375
Nyandarua,2025,male,50,50-54,16071.646484375
Nyeri,2025,male,50,50-54,23097.83203125
Samburu,2025,male,50,50-54,3948.31591796875
Siaya,2025,male,50,50-54,15610.6279296875
TaitaTaveta,2025,male,50,50-54,9105.849609375
TanaRiver,2025,male,50,50-54,10080.7958984375
Tharaka-Nithi,2025,male,50,50-54,7495.431640625
TransNzoia,2025,male,50,50-54,16875.32421875
Turkana,2025,male,50,50-54,12109.634765625
UasinGishu,2025,male,50,50-54,22180.93359375
Vihiga,2025,male,50,50-54,10848.1279296875
Wajir,2025,male,50,50-54,12402.328125
WestPokot,2025,male,50,50-54,8715.1767578125
Baringo,2025,male,55,55-59,7889.61474609375
Bomet,2025,male,55,55-59,10953.69140625
Bungoma,2025,male,55,55-59,27786.798828125
Busia,2025,male,55,55-59,12344.9462890625
Elgeyo-Marakwet,2025,male,55,55-59,5659.7158203125
Embu,2025,male,55,55-59,13879.896484375
Garissa,2025,male,55,55-59,8216.7880859375
HomaBay,2025,male,55,55-59,12291.57421875
Isiolo,2025,male,55,55-59,4179.783203125
Kajiado,2025,male,55,55-59,15955.384765625
Kakamega,2025,male,55,55-59,22872.30859375
Kericho,2025,male,55,55-59,12402.8916015625
Kiambu,2025,male,55,55-59,43250.46875
Kilifi,2025,male,55,55-59,19114.591796875
Kirinyaga,2025,male,55,55-59,22121.255859375
Kisii,2025,male,55,55-59,21486.87890625
Kisumu,2025,male,55,55-59,14766.2177734375
Kitui,2025,male,55,55-59,16770.796875
Kwale,2025,male,55,55-59,11707.7578125
Laikipia,2025,male,55,55-59,9740.37890625
Lamu,2025,male,55,55-59,2713.751708984375
Machakos,2025,male,55,55-59,27394.517578125
Makueni,2025,male,55,55-59,16913.673828125
Mandera,2025,male,55,55-59,5588.84814453125
Marsabit,2025,male,55,55-59,5283.56396484375
Meru,2025,male,55,55-59,27231.38671875
Migori,2025,male,55,55-59,11819.625
Mombasa,2025,male,55,55-59,18253.91796875
Murang'a,2025,male,55,55-59,23899.890625
Nairobi,2025,male,55,55-59,62681.59765625
Nakuru,2025,male,55,55-59,34024.265625
Nandi,2025,male,55,55-59,13077.08984375
Narok,2025,male,55,55-59,13031.265625
Nyamira,2025,male,55,55-59,11154.1279296875
Nyandarua,2025,male,55,55-59,12542.3818359375
Nyeri,2025,male,55,55-59,18327.130859375
Samburu,2025,male,55,55-59,2955.800537109375
Siaya,2025,male,55,55-59,13375.8515625
TaitaTaveta,2025,male,55,55-59,6983.8173828125
TanaRiver,2025,male,55,55-59,7379.1728515625
Tharaka-Nithi,2025,male,55,55-59,6739.49609375
TransNzoia,2025,male,55,55-59,13848.8916015625
Turkana,2025,male,55,55-59,7430.625
UasinGishu,2025,male,55,55-59,16536.103515625
Vihiga,2025,male,55,55-59,9707.7900390625
Wajir,2025,male,55,55-59,6324.87841796875
WestPokot,2025,male,55,55-59,6104.68798828125
Baringo,2025,male,60,60-64,6346.50439453125
Bomet,2025,male,60,60-64,8260.9072265625
Bungoma,2025,male,60,60-64,20536.37890625
Busia,2025,male,60,60-64,9235.3291015625
Elgeyo-Marakwet,2025,male,60,60-64,4236.5693359375
Embu,2025,male,60,60-64,8968.677734375
Garissa,2025,male,60,60-64,9527.2275390625
HomaBay,2025,male,60,60-64,10278.794921875
Isiolo,2025,male,60,60-64,3976.2763671875
Kajiado,2025,male,60,60-64,9896.892578125
Kakamega,2025,male,60,60-64,18051.1015625
Kericho,2025,male,60,60-64,8954.525390625
Kiambu,2025,male,60,60-64,24781.369140625
Kilifi,2025,male,60,60-64,14475.650390625
Kirinyaga,2025,male,60,60-64,13506.6162109375
Kisii,2025,male,60,60-64,15759.4951171875
Kisumu,2025,male,60,60-64,11588.640625
Kitui,2025,male,60,60-64,13176.0390625
Kwale,2025,male,60,60-64,9549.8564453125
Laikipia,2025,male,60,60-64,6253.52734375
Lamu,2025,male,60,60-64,1965.891357421875
Machakos,2025,male,60,60-64,21311.908203125
Makueni,2025,male,60,60-64,14220.2919921875
Mandera,2025,male,60,60-64,5622.32861328125
Marsabit,2025,male,60,60-64,4736.30029296875
Meru,2025,male,60,60-64,19628.447265625
Migori,2025,male,60,60-64,9187.7021484375
Mombasa,2025,male,60,60-64,10575.99609375
Murang'a,2025,male,60,60-64,16333.75
Nairobi,2025,male,60,60-64,32236.36328125
Nakuru,2025,male,60,60-64,21268.841796875
Nandi,2025,male,60,60-64,9464.8359375
Narok,2025,male,60,60-64,9406.85546875
Nyamira,2025,male,60,60-64,8280.349609375
Nyandarua,2025,male,60,60-64,7595.869140625
Nyeri,2025,male,60,60-64,11228.08984375
Samburu,2025,male,60,60-64,2800.375
Siaya,2025,male,60,60-64,11268.865234375
TaitaTaveta,2025,male,60,60-64,5259.56591796875
TanaRiver,2025,male,60,60-64,6443.6025390625
Tharaka-Nithi,2025,male,60,60-64,5126.4755859375
TransNzoia,2025,male,60,60-64,10288.927734375
Turkana,2025,male,60,60-64,6414.36767578125
UasinGishu,2025,male,60,60-64,10728.7275390625
Vihiga,2025,male,60,60-64,8697.8173828125
Wajir,2025,male,60,60-64,6230.50244140625
WestPokot,2025,male,60,60-64,4897.11962890625
Baringo,2025,male,65,65-69,4395.71484375
Bomet,2025,male,65,65-69,5347.3017578125
Bungoma,2025,male,65,65-69,12318.265625
Busia,2025,male,65,65-69,5854.111328125
Elgeyo-Marakwet,2025,male,65,65-69,3085.438720703125
Embu,2025,male,65,65-69,6731.04736328125
Garissa,2025,male,65,65-69,3220.755126953125
HomaBay,2025,male,65,65-69,7261.97265625
Isiolo,2025,male,65,65-69,1983.046142578125
Kajiado,2025,male,65,65-69,5553.755859375
Kakamega,2025,male,65,65-69,11851.4228515625
Kericho,2025,male,65,65-69,6175.9453125
Kiambu,2025,male,65,65-69,15570.013671875
Kilifi,2025,male,65,65-69,10590.31640625
Kirinyaga,2025,male,65,65-69,9342.580078125
Kisii,2025,male,65,65-69,9526.005859375
Kisumu,2025,male,65,65-69,7980.66796875
Kitui,2025,male,65,65-69,10045.8486328125
Kwale,2025,male,65,65-69,6878.0888671875
Laikipia,2025,male,65,65-69,4343.31640625
Lamu,2025,male,65,65-69,1306.83203125
Machakos,2025,male,65,65-69,13131.296875
Makueni,2025,male,65,65-69,10172.017578125
Mandera,2025,male,65,65-69,2463.821044921875
Marsabit,2025,male,65,65-69,2533.822265625
Meru,2025,male,65,65-69,13867.7607421875
Migori,2025,male,65,65-69,6000.91845703125
Mombasa,2025,male,65,65-69,5671.0947265625
Murang'a,2025,male,65,65-69,12849.6953125
Nairobi,2025,male,65,65-69,16357.0107421875
Nakuru,2025,male,65,65-69,14438.712890625
Nandi,2025,male,65,65-69,6197.67529296875
Narok,2025,male,65,65-69,5964.4091796875
Nyamira,2025,male,65,65-69,4809.81494140625
Nyandarua,2025,male,65,65-69,5083.11328125
Nyeri,2025,male,65,65-69,8137.0712890625
Samburu,2025,male,65,65-69,1435.89306640625
Siaya,2025,male,65,65-69,8543.859375
TaitaTaveta,2025,male,65,65-69,3609.01318359375
TanaRiver,2025,male,65,65-69,3279.45947265625
Tharaka-Nithi,2025,male,65,65-69,3509.86279296875
TransNzoia,2025,male,65,65-69,6358.28466796875
Turkana,2025,male,65,65-69,3795.65185546875
UasinGishu,2025,male,65,65-69,6730.2744140625
Vihiga,2025,male,65,65-69,6551.65234375
Wajir,2025,male,65,65-69,2537.614013671875
WestPokot,2025,male,65,65-69,3496.298583984375
Baringo,2025,male,70,70-74,2750.28466796875
Bomet,2025,male,70,70-74,3208.322998046875
Bungoma,2025,male,70,70-74,6537.1142578125
Busia,2025,male,70,70-74,3506.574462890625
Elgeyo-Marakwet,2025,male,70,70-74,1728.5849609375
Embu,2025,male,70,70-74,3392.677001953125
Garissa,2025,male,70,70-74,3337.33837890625
HomaBay,2025,male,70,70-74,4401.8603515625
Isiolo,2025,male,70,70-74,1343.78955078125
Kajiado,2025,male,70,70-74,3132.56689453125
Kakamega,2025,male,70,70-74,6834.447265625
Kericho,2025,male,70,70-74,3659.33447265625
Kiambu,2025,male,70,70-74,8994.9169921875
Kilifi,2025,male,70,70-74,5407.83935546875
Kirinyaga,2025,male,70,70-74,5225.75146484375
Kisii,2025,male,70,70-74,5254.9375
Kisumu,2025,male,70,70-74,4654.86572265625
Kitui,2025,male,70,70-74,5952.1220703125
Kwale,2025,male,70,70-74,3595.76953125
Laikipia,2025,male,70,70-74,2870.95703125
Lamu,2025,male,70,70-74,763.0301513671875
Machakos,2025,male,70,70-74,6854.82568359375
Makueni,2025,male,70,70-74,5687.8701171875
Mandera,2025,male,70,70-74,1824.66455078125
Marsabit,2025,male,70,70-74,2193.707763671875
Meru,2025,male,70,70-74,8269.755859375
Migori,2025,male,70,70-74,3487.03564453125
Mombasa,2025,male,70,70-74,2571.548828125
Murang'a,2025,male,70,70-74,8528.046875
Nairobi,2025,male,70,70-74,7455.46875
Nakuru,2025,male,70,70-74,8263.1201171875
Nandi,2025,male,70,70-74,3495.237548828125
Narok,2025,male,70,70-74,3514.1083984375
Nyamira,2025,male,70,70-74,2839.06103515625
Nyandarua,2025,male,70,70-74,3202.602294921875
Nyeri,2025,male,70,70-74,5681.744140625
Samburu,2025,male,70,70-74,1155.1004638671875
Siaya,2025,male,70,70-74,5322.4892578125
TaitaTaveta,2025,male,70,70-74,1900.39404296875
TanaRiver,2025,male,70,70-74,2135.84228515625
Tharaka-Nithi,2025,male,70,70-74,2107.455078125
TransNzoia,2025,male,70,70-74,3500.18359375
Turkana,2025,male,70,70-74,2588.46142578125
UasinGishu,2025,male,70,70-74,3633.708984375
Vihiga,2025,male,70,70-74,4027.250244140625
Wajir,2025,male,70,70-74,1829.972900390625
WestPokot,2025,male,70,70-74,2151.1572265625
Baringo,2025,male,75,75-79,1684.7977294921875
Bomet,2025,male,75,75-79,2073.7548828125
Bungoma,2025,male,75,75-79,4875.1796875
Busia,2025,male,75,75-79,2553.45166015625
Elgeyo-Marakwet,2025,male,75,75-79,1240.69677734375
Embu,2025,male,75,75-79,2368.31396484375
Garissa,2025,male,75,75-79,1580.4049072265625
HomaBay,2025,male,75,75-79,2859.40966796875
Isiolo,2025,male,75,75-79,843.1739501953125
Kajiado,2025,male,75,75-79,1985.97607421875
Kakamega,2025,male,75,75-79,4787.1435546875
Kericho,2025,male,75,75-79,2137.959228515625
Kiambu,2025,male,75,75-79,5509.82958984375
Kilifi,2025,male,75,75-79,4008.0302734375
Kirinyaga,2025,male,75,75-79,3331.648681640625
Kisii,2025,male,75,75-79,3408.9541015625
Kisumu,2025,male,75,75-79,2886.0263671875
Kitui,2025,male,75,75-79,4531.92529296875
Kwale,2025,male,75,75-79,2500.62109375
Laikipia,2025,male,75,75-79,2003.135009765625
Lamu,2025,male,75,75-79,480.0470275878906
Machakos,2025,male,75,75-79,4264.958984375
Makueni,2025,male,75,75-79,3736.202880859375
Mandera,2025,male,75,75-79,1091.023193359375
Marsabit,2025,male,75,75-79,1148.109619140625
Meru,2025,male,75,75-79,5356.84423828125
Migori,2025,male,75,75-79,2392.150390625
Mombasa,2025,male,75,75-79,1499.9765625
Murang'a,2025,male,75,75-79,5698.0859375
Nairobi,2025,male,75,75-79,3954.23974609375
Nakuru,2025,male,75,75-79,5400.6845703125
Nandi,2025,male,75,75-79,2832.28466796875
Narok,2025,male,75,75-79,2464.22607421875
Nyamira,2025,male,75,75-79,1840.31982421875
Nyandarua,2025,male,75,75-79,2373.43017578125
Nyeri,2025,male,75,75-79,3825.14111328125
Samburu,2025,male,75,75-79,796.5823364257812
Siaya,2025,male,75,75-79,3611.335205078125
TaitaTaveta,2025,male,75,75-79,1325.5919189453125
TanaRiver,2025,male,75,75-79,1362.410400390625
Tharaka-Nithi,2025,male,75,75-79,1471.0809326171875
TransNzoia,2025,male,75,75-79,2406.896728515625
Turkana,2025,male,75,75-79,1681.8624267578125
UasinGishu,2025,male,75,75-79,2713.5244140625
Vihiga,2025,male,75,75-79,2848.8310546875
Wajir,2025,male,75,75-79,1107.098388671875
WestPokot,2025,male,75,75-79,1321.0169677734375
Baringo,2025,male,80,80-84,712.5679931640625
Bomet,2025,male,80,80-84,955.2311401367188
Bungoma,2025,male,80,80-84,2252.570556640625
Busia,2025,male,80,80-84,1167.665283203125
Elgeyo-Marakwet,2025,male,80,80-84,542.3939819335938
Embu,2025,male,80,80-84,1263.500244140625
Garissa,2025,male,80,80-84,778.9671020507812
HomaBay,2025,male,80,80-84,1271.189208984375
Isiolo,2025,male,80,80-84,373.56463623046875
Kajiado,2025,male,80,80-84,827.3866577148438
Kakamega,2025,male,80,80-84,2097.076416015625
Kericho,2025,male,80,80-84,919.3194580078125
Kiambu,2025,male,80,80-84,2253.397705078125
Kilifi,2025,male,80,80-84,1603.254150390625
Kirinyaga,2025,male,80,80-84,1568.6414794921875
Kisii,2025,male,80,80-84,1548.370849609375
Kisumu,2025,male,80,80-84,1200.423095703125
Kitui,2025,male,80,80-84,2384.84765625
Kwale,2025,male,80,80-84,1048.265380859375
Laikipia,2025,male,80,80-84,833.5169677734375
Lamu,2025,male,80,80-84,182.76129150390625
Machakos,2025,male,80,80-84,2198.38232421875
Makueni,2025,male,80,80-84,1939.9296875
Mandera,2025,male,80,80-84,505.51837158203125
Marsabit,2025,male,80,80-84,518.4031372070312
Meru,2025,male,80,80-84,2499.401611328125
Migori,2025,male,80,80-84,1084.478759765625
Mombasa,2025,male,80,80-84,499.95660400390625
Murang'a,2025,male,80,80-84,2497.369384765625
Nairobi,2025,male,80,80-84,1357.6904296875
Nakuru,2025,male,80,80-84,2312.3828125
Nandi,2025,male,80,80-84,1320.068115234375
Narok,2025,male,80,80-84,1090.1234130859375
Nyamira,2025,male,80,80-84,813.928955078125
Nyandarua,2025,male,80,80-84,1087.1961669921875
Nyeri,2025,male,80,80-84,1664.1915283203125
Samburu,2025,male,80,80-84,333.0589904785156
Siaya,2025,male,80,80-84,1644.794677734375
TaitaTaveta,2025,male,80,80-84,575.569091796875
TanaRiver,2025,male,80,80-84,592.9150390625
Tharaka-Nithi,2025,male,80,80-84,703.9845581054688
TransNzoia,2025,male,80,80-84,1070.75634765625
Turkana,2025,male,80,80-84,605.2329711914062
UasinGishu,2025,male,80,80-84,1222.986572265625
Vihiga,2025,male,80,80-84,1278.8914794921875
Wajir,2025,male,80,80-84,426.7989501953125
WestPokot,2025,male,80,80-84,492.5743408203125
Baringo,2025,male,85,85-89,322.5979309082031
Bomet,2025,male,85,85-89,446.779541015625
Bungoma,2025,male,85,85-89,919.600830078125
Busia,2025,male,85,85-89,496.3966064453125
Elgeyo-Marakwet,2025,male,85,85-89,210.02352905273438
Embu,2025,male,85,85-89,591.7354736328125
Garissa,2025,male,85,85-89,828.7311401367188
HomaBay,2025,male,85,85-89,579.3599243164062
Isiolo,2025,male,85,85-89,204.5255126953125
Kajiado,2025,male,85,85-89,348.541259765625
Kakamega,2025,male,85,85-89,849.9019775390625
Kericho,2025,male,85,85-89,425.8069152832031
Kiambu,2025,male,85,85-89,924.4833374023438
Kilifi,2025,male,85,85-89,523.97705078125
Kirinyaga,2025,male,85,85-89,728.8458251953125
Kisii,2025,male,85,85-89,701.403564453125
Kisumu,2025,male,85,85-89,507.3835754394531
Kitui,2025,male,85,85-89,1144.427001953125
Kwale,2025,male,85,85-89,379.333984375
Laikipia,2025,male,85,85-89,325.3359375
Lamu,2025,male,85,85-89,68.4399642944336
Machakos,2025,male,85,85-89,1187.67724609375
Makueni,2025,male,85,85-89,1026.4979248046875
Mandera,2025,male,85,85-89,328.63153076171875
Marsabit,2025,male,85,85-89,387.2016906738281
Meru,2025,male,85,85-89,1155.67919921875
Migori,2025,male,85,85-89,479.56744384765625
Mombasa,2025,male,85,85-89,157.8794403076172
Murang'a,2025,male,85,85-89,1040.672607421875
Nairobi,2025,male,85,85-89,465.55169677734375
Nakuru,2025,male,85,85-89,932.8764038085938
Nandi,2025,male,85,85-89,499.7792053222656
Narok,2025,male,85,85-89,455.790283203125
Nyamira,2025,male,85,85-89,368.84918212890625
Nyandarua,2025,male,85,85-89,457.2746887207031
Nyeri,2025,male,85,85-89,723.79833984375
Samburu,2025,male,85,85-89,160.6848907470703
Siaya,2025,male,85,85-89,727.65185546875
TaitaTaveta,2025,male,85,85-89,222.79827880859375
TanaRiver,2025,male,85,85-89,325.6820068359375
Tharaka-Nithi,2025,male,85,85-89,325.5181884765625
TransNzoia,2025,male,85,85-89,444.0686950683594
Turkana,2025,male,85,85-89,236.5207977294922
UasinGishu,2025,male,85,85-89,467.974365234375
Vihiga,2025,male,85,85-89,532.1787109375
Wajir,2025,male,85,85-89,227.84771728515625
WestPokot,2025,male,85,85-89,188.4265594482422
Baringo,2025,male,90,90+,192.73912048339844
Bomet,2025,male,90,90+,251.90377807617188
Bungoma,2025,male,90,90+,486.21649169921875
Busia,2025,male,90,90+,264.91900634765625
Elgeyo-Marakwet,2025,male,90,90+,110.26304626464844
Embu,2025,male,90,90+,299.908935546875
Garissa,2025,male,90,90+,652.13134765625
HomaBay,2025,male,90,90+,346.98577880859375
Isiolo,2025,male,90,90+,138.262451171875
Kajiado,2025,male,90,90+,189.48568725585938
Kakamega,2025,male,90,90+,432.30889892578125
Kericho,2025,male,90,90+,252.58621215820312
Kiambu,2025,male,90,90+,487.9211730957031
Kilifi,2025,male,90,90+,236.40402221679688
Kirinyaga,2025,male,90,90+,407.9450378417969
Kisii,2025,male,90,90+,409.383056640625
Kisumu,2025,male,90,90+,279.7626953125
Kitui,2025,male,90,90+,683.852783203125
Kwale,2025,male,90,90+,173.55130004882812
Laikipia,2025,male,90,90+,163.5576934814453
Lamu,2025,male,90,90+,35.29657745361328
Machakos,2025,male,90,90+,705.5971069335938
Makueni,2025,male,90,90+,630.7823486328125
Mandera,2025,male,90,90+,257.6799621582031
Marsabit,2025,male,90,90+,324.537109375
Meru,2025,male,90,90+,632.2978515625
Migori,2025,male,90,90+,278.68145751953125
Mombasa,2025,male,90,90+,75.13616943359375
Murang'a,2025,male,90,90+,501.11309814453125
Nairobi,2025,male,90,90+,224.08633422851562
Nakuru,2025,male,90,90+,466.41534423828125
Nandi,2025,male,90,90+,232.53976440429688
Narok,2025,male,90,90+,243.30514526367188
Nyamira,2025,male,90,90+,217.04904174804688
Nyandarua,2025,male,90,90+,247.18466186523438
Nyeri,2025,male,90,90+,389.40447998046875
Samburu,2025,male,90,90+,102.21154022216797
Siaya,2025,male,90,90+,392.824951171875
TaitaTaveta,2025,male,90,90+,112.31889343261719
TanaRiver,2025,male,90,90+,219.94525146484375
Tharaka-Nithi,2025,male,90,90+,185.87701416015625
TransNzoia,2025,male,90,90+,228.60794067382812
Turkana,2025,male,90,90+,146.10714721679688
UasinGishu,2025,male,90,90+,221.89845275878906
Vihiga,2025,male,90,90+,270.64886474609375
Wajir,2025,male,90,90+,186.18572998046875
WestPokot,2025,male,90,90+,103.20487213134766
