{
"type": "FeatureCollection",
"name": "kenya_counties_simplified",
"crs": { "type": "name", "properties": { "name": "urn:ogc:def:crs:OGC:1.3:CRS84" } },
"features": [
{ "type": "Feature", "properties": { "county": "Baringo", "area_km2": 10840.58902594455 }, "geometry": { "type": "Polygon", "coordinates": [ [ [ 35.772, -0.1882 ], [ 35.7243, -0.1989 ], [ 35.7228, -0.1673 ], [ 35.7298, -0.1513 ], [ 35.6934, -0.103 ], [ 35.6889, -0.0684 ], [ 35.6523, -0.0724 ], [ 35.6671, -0.0437 ], [ 35.6412, -0.0544 ], [ 35.6328, -0.0294 ], [ 35.6113, -0.0264 ], [ 35.5839, -0.0013 ], [ 35.5431, -0.0023 ], [ 35.5229, 0.0199 ], [ 35.5866, 0.0378 ], [ 35.5735, 0.0707 ], [ 35.5752, 0.1193 ], [ 35.5907, 0.1532 ], [ 35.5881, 0.1745 ], [ 35.6692, 0.1745 ], [ 35.6953, 0.1827 ], [ 35.6914, 0.192 ], [ 35.7056, 0.2078 ], [ 35.7224, 0.2173 ], [ 35.7208, 0.2401 ], [ 35.7081, 0.2644 ], [ 35.7145, 0.2813 ], [ 35.7122, 0.321 ], [ 35.7231, 0.3439 ], [ 35.7186, 0.3496 ], [ 35.7227, 0.3556 ], [ 35.7201, 0.3617 ], [ 35.71, 0.3624 ], [ 35.7067, 0.3704 ], [ 35.7042, 0.3677 ], [ 35.6985, 0.3748 ], [ 35.6969, 0.3697 ], [ 35.684, 0.3782 ], [ 35.6805, 0.3756 ], [ 35.6674, 0.3871 ], [ 35.6675, 0.3924 ], [ 35.6601, 0.3918 ], [ 35.6545, 0.4042 ], [ 35.661, 0.4177 ], [ 35.6537, 0.4334 ], [ 35.653, 0.4509 ], [ 35.6454, 0.457 ], [ 35.648, 0.4661 ], [ 35.632, 0.4884 ], [ 35.631, 0.5076 ], [ 35.6136, 0.514 ], [ 35.6119, 0.529 ], [ 35.6021, 0.5385 ], [ 35.6056, 0.5475 ], [ 35.6018, 0.5606 ], [ 35.614, 0.5843 ], [ 35.6129, 0.5965 ], [ 35.5974, 0.6081 ], [ 35.596, 0.6245 ], [ 35.6096, 0.6504 ], [ 35.6052, 0.6785 ], [ 35.6262, 0.6835 ], [ 35.6237, 0.6907 ], [ 35.6299, 0.6907 ], [ 35.6275, 0.6944 ], [ 35.6363, 0.7055 ], [ 35.6288, 0.7214 ], [ 35.6309, 0.7269 ], [ 35.62, 0.7423 ], [ 35.6268, 0.7527 ], [ 35.6341, 0.792 ], [ 35.6379, 0.7929 ], [ 35.634, 0.7975 ], [ 35.6339, 0.8147 ], [ 35.6428, 0.8261 ], [ 35.6363, 0.8307 ], [ 35.6397, 0.8338 ], [ 35.6363, 0.8407 ], [ 35.6435, 0.8452 ], [ 35.6255, 0.8589 ], [ 35.623, 0.8731 ], [ 35.6259, 0.9138 ], [ 35.6331, 0.9154 ], [ 35.637, 0.9223 ], [ 35.6296, 0.9577 ], [ 35.6367, 0.9645 ], [ 35.6352, 0.9835 ], [ 35.6397, 0.9864 ], [ 35.633, 0.9982 ], [ 35.6444, 1.02 ], [ 35.6423, 1.0251 ], [ 35.6643, 1.0353 ], [ 35.6671, 1.0444 ], [ 35.6715, 1.0454 ], [ 35.668, 1.049 ], [ 35.6753, 1.0605 ], [ 35.6735, 1.0743 ], [ 35.6778, 1.0872 ], [ 35.684, 1.0892 ], [ 35.6839, 1.1006 ], [ 35.6989, 1.1092 ], [ 35.7007, 1.1331 ], [ 35.7098, 1.1541 ], [ 35.7037, 1.1568 ], [ 35.7066, 1.1823 ], [ 35.7031, 1.2035 ], [ 35.6965, 1.2084 ], [ 35.6968, 1.219 ], [ 35.7042, 1.2311 ], [ 35.6996, 1.24 ], [ 35.7038, 1.2515 ], [ 35.6997, 1.2626 ], [ 35.7071, 1.2762 ], [ 35.7024, 1.276 ], [ 35.6953, 1.2884 ], [ 35.7002, 1.3321 ], [ 35.6964, 1.3333 ], [ 35.696, 1.3432 ], [ 35.6888, 1.3458 ], [ 35.6924, 1.348 ], [ 35.6877, 1.3514 ], [ 35.691, 1.3571 ], [ 35.6878, 1.3626 ], [ 35.7027, 1.3899 ], [ 35.6991, 1.3941 ], [ 35.7035, 1.4056 ], [ 35.7119, 1.4063 ], [ 35.7067, 1.4102 ], [ 35.7116, 1.417 ], [ 35.7067, 1.4207 ], [ 35.7064, 1.442 ], [ 35.7233, 1.4625 ], [ 35.7195, 1.4766 ], [ 35.7302, 1.486 ], [ 35.7289, 1.4914 ], [ 35.7425, 1.5088 ], [ 35.7516, 1.5098 ], [ 35.7561, 1.5211 ], [ 35.7613, 1.5228 ], [ 35.7635, 1.5367 ], [ 35.7693, 1.5386 ], [ 35.7755, 1.5758 ], [ 35.7798, 1.5757 ], [ 35.7797, 1.5822 ], [ 35.7841, 1.5841 ], [ 35.7791, 1.5931 ], [ 35.7824, 1.5973 ], [ 35.7791, 1.6088 ], [ 35.7867, 1.6135 ], [ 35.7802, 1.6272 ], [ 35.7905, 1.6313 ], [ 35.7775, 1.6453 ], [ 35.7811, 1.6607 ], [ 35.7865, 1.6583 ], [ 36.0961, 1.171 ], [ 36.1732, 1.1752 ], [ 36.3173, 0.9955 ], [ 36.3422, 0.9983 ], [ 36.3515, 0.9667 ], [ 36.3638, 0.9642 ], [ 36.3699, 0.9559 ], [ 36.3842, 0.9551 ], [ 36.3906, 0.9462 ], [ 36.388, 0.931 ], [ 36.3939, 0.9248 ], [ 36.3955, 0.9102 ], [ 36.4035, 0.9048 ], [ 36.4191, 0.9065 ], [ 36.4297, 0.889 ], [ 36.4457, 0.8759 ], [ 36.4625, 0.8735 ], [ 36.4901, 0.8523 ], [ 36.4754, 0.8431 ], [ 36.4047, 0.7229 ], [ 36.3474, 0.666 ], [ 36.2891, 0.6507 ], [ 36.2779, 0.637 ], [ 36.2941, 0.5704 ], [ 36.2295, 0.4258 ], [ 36.2274, 0.4026 ], [ 36.2598, 0.3802 ], [ 36.2614, 0.3471 ], [ 36.2445, 0.3331 ], [ 36.2477, 0.347 ], [ 36.231, 0.34 ], [ 36.2257, 0.3249 ], [ 36.24, 0.3194 ], [ 36.2598, 0.2954 ], [ 36.265, 0.282 ], [ 36.2796, 0.2784 ], [ 36.279, 0.2608 ], [ 36.2918, 0.2585 ], [ 36.2964, 0.234 ], [ 36.2886, 0.2118 ], [ 36.265, 0.1908 ], [ 36.2545, 0.1879 ], [ 36.2361, 0.215 ], [ 36.2026, 0.24 ], [ 36.1797, 0.2341 ], [ 36.1849, 0.2275 ], [ 36.1981, 0.2234 ], [ 36.1999, 0.2067 ], [ 36.1483, 0.1907 ], [ 36.128, 0.0645 ], [ 36.1063, 0.0664 ], [ 36.1136, 0.0109 ], [ 36.0936, -0.0059 ], [ 36.0539, 0.009 ], [ 36.042, 0.0257 ], [ 36.0069, 0.036 ], [ 36.0, 0.0656 ], [ 35.9657, 0.0621 ], [ 35.9664, 0.0832 ], [ 35.9621, 0.092 ], [ 35.9406, 0.101 ], [ 35.9302, 0.075 ], [ 35.9785, 0.021 ], [ 35.971, -0.008 ], [ 35.9603, -0.0194 ], [ 35.9497, -0.0457 ], [ 35.9281, -0.0645 ], [ 35.9289, -0.071 ], [ 35.9171, -0.0763 ], [ 35.9004, -0.0426 ], [ 35.8944, -0.0456 ], [ 35.8773, -0.0297 ], [ 35.8221, -0.1124 ], [ 35.8071, -0.0932 ], [ 35.7905, -0.1061 ], [ 35.7904, -0.157 ], [ 35.772, -0.1882 ] ] ] } },
{ "type": "Feature", "properties": { "county": "Bomet", "area_km2": 2376.6667050679353 }, "geometry": { "type": "Polygon", "coordinates": [ [ [ 35.2613, -1.0159 ], [ 35.2583, -1.0225 ], [ 35.2512, -1.0221 ], [ 35.2483, -1.0289 ], [ 35.2407, -1.0309 ], [ 35.0826, -0.9005 ], [ 35.0127, -0.8839 ], [ 35.012, -0.8755 ], [ 35.0179, -0.867 ], [ 35.0254, -0.8688 ], [ 35.0219, -0.8425 ], [ 35.0319, -0.8406 ], [ 35.0444, -0.8485 ], [ 35.0913, -0.7969 ], [ 35.0477, -0.7021 ], [ 35.0502, -0.6966 ], [ 35.0724, -0.6871 ], [ 35.055, -0.6515 ], [ 35.0554, -0.6395 ], [ 35.0641, -0.6267 ], [ 35.0592, -0.6166 ], [ 35.0632, -0.6166 ], [ 35.0695, -0.5951 ], [ 35.084, -0.594 ], [ 35.0814, -0.6005 ], [ 35.0869, -0.6037 ], [ 35.0823, -0.6162 ], [ 35.0879, -0.6195 ], [ 35.081, -0.6298 ], [ 35.0831, -0.6338 ], [ 35.0797, -0.6334 ], [ 35.0832, -0.6369 ], [ 35.0798, -0.6465 ], [ 35.0929, -0.653 ], [ 35.1148, -0.6488 ], [ 35.1226, -0.6581 ], [ 35.1323, -0.6538 ], [ 35.1787, -0.6513 ], [ 35.2286, -0.6095 ], [ 35.2248, -0.5931 ], [ 35.1955, -0.5702 ], [ 35.1966, -0.5587 ], [ 35.2063, -0.5432 ], [ 35.1976, -0.5322 ], [ 35.1989, -0.521 ], [ 35.1898, -0.5157 ], [ 35.193, -0.5031 ], [ 35.1785, -0.4961 ], [ 35.1773, -0.4906 ], [ 35.1815, -0.478 ], [ 35.2018, -0.4781 ], [ 35.2206, -0.4699 ], [ 35.2086, -0.4616 ], [ 35.219, -0.4503 ], [ 35.2327, -0.4169 ], [ 35.2508, -0.4146 ], [ 35.2608, -0.4187 ], [ 35.2775, -0.4118 ], [ 35.3034, -0.4203 ], [ 35.3148, -0.4154 ], [ 35.2834, -0.4858 ], [ 35.2929, -0.4826 ], [ 35.3114, -0.498 ], [ 35.3121, -0.5063 ], [ 35.3516, -0.4823 ], [ 35.3761, -0.4761 ], [ 35.3808, -0.4674 ], [ 35.3858, -0.4698 ], [ 35.3946, -0.4553 ], [ 35.406, -0.4568 ], [ 35.4182, -0.4491 ], [ 35.4277, -0.4506 ], [ 35.4413, -0.4247 ], [ 35.4534, -0.4189 ], [ 35.4644, -0.3997 ], [ 35.4738, -0.3951 ], [ 35.5872, -0.5833 ], [ 35.3969, -0.6386 ], [ 35.426, -0.7148 ], [ 35.4791, -0.757 ], [ 35.5073, -0.768 ], [ 35.5338, -0.7714 ], [ 35.5468, -0.7831 ], [ 35.527, -0.8044 ], [ 35.521, -0.8042 ], [ 35.5204, -0.8108 ], [ 35.4845, -0.8282 ], [ 35.4777, -0.8384 ], [ 35.4774, -0.8491 ], [ 35.4681, -0.8582 ], [ 35.4609, -0.8588 ], [ 35.4621, -0.8674 ], [ 35.4553, -0.8717 ], [ 35.4557, -0.879 ], [ 35.446, -0.8771 ], [ 35.4426, -0.8844 ], [ 35.4386, -0.8824 ], [ 35.4404, -0.8896 ], [ 35.4358, -0.8928 ], [ 35.4305, -0.8896 ], [ 35.4309, -0.8971 ], [ 35.4238, -0.9003 ], [ 35.4282, -0.9123 ], [ 35.4224, -0.9166 ], [ 35.4259, -0.9268 ], [ 35.4209, -0.9401 ], [ 35.4032, -0.9436 ], [ 35.3974, -0.9523 ], [ 35.3778, -0.9551 ], [ 35.3655, -0.9711 ], [ 35.3656, -0.9666 ], [ 35.3586, -0.9667 ], [ 35.3558, -0.9608 ], [ 35.3496, -0.9667 ], [ 35.3506, -0.9735 ], [ 35.3461, -0.9658 ], [ 35.3391, -0.9739 ], [ 35.3334, -0.9702 ], [ 35.329, -0.9755 ], [ 35.3325, -0.9792 ], [ 35.3152, -0.985 ], [ 35.3127, -0.9953 ], [ 35.2997, -0.9973 ], [ 35.2845, -1.0087 ], [ 35.2812, -1.0066 ], [ 35.28, -1.0113 ], [ 35.2698, -1.0145 ], [ 35.2711, -1.0178 ], [ 35.2613, -1.0159 ] ] ] } },
{ "type": "Feature", "properties": { "county": "Bungoma", "area_km2": 3573.2376817744203 }, "geometry": { "type": "Polygon", "coordinates": [ [ [ 34.8778, 0.8339 ], [ 34.9257, 0.8597 ], [ 34.9339, 0.8588 ], [ 34.9422, 0.8753 ], [ 34.9667, 0.8789 ], [ 34.9657, 0.8838 ], [ 34.988, 0.8905 ], [ 34.9852, 0.8848 ], [ 35.0191, 0.8918 ], [ 35.0241, 0.9008 ], [ 35.0319, 0.8986 ], [ 35.0411, 0.9067 ], [ 35.0688, 0.9014 ], [ 35.0738, 0.9047 ], [ 35.0825, 0.8986 ], [ 35.0809, 0.8929 ], [ 35.0861, 0.8863 ], [ 35.0976, 0.8851 ], [ 35.1018, 0.8792 ], [ 35.1138, 0.8878 ], [ 35.1161, 0.8563 ], [ 35.125, 0.8235 ], [ 35.1257, 0.8334 ], [ 35.1448, 0.832 ], [ 35.1439, 0.7449 ], [ 35.1555, 0.7453 ], [ 35.1553, 0.6802 ], [ 35.1513, 0.6728 ], [ 35.155, 0.6668 ], [ 35.125, 0.6594 ], [ 35.1174, 0.6542 ], [ 35.116, 0.6463 ], [ 35.1033, 0.6517 ], [ 35.0863, 0.6343 ], [ 35.0538, 0.6369 ], [ 35.0393, 0.6453 ], [ 35.041, 0.6371 ], [ 35.0272, 0.6184 ], [ 35.0, 0.6432 ], [ 34.9941, 0.6349 ], [ 34.9769, 0.6295 ], [ 34.9658, 0.6152 ], [ 34.9435, 0.6127 ], [ 34.9193, 0.5965 ], [ 34.8904, 0.6121 ], [ 34.8379, 0.6548 ], [ 34.8326, 0.6514 ], [ 34.836, 0.6421 ], [ 34.8323, 0.6309 ], [ 34.8147, 0.6209 ], [ 34.7993, 0.6041 ], [ 34.8101, 0.5921 ], [ 34.8011, 0.5914 ], [ 34.764, 0.5689 ], [ 34.7656, 0.5624 ], [ 34.7598, 0.5526 ], [ 34.7483, 0.5408 ], [ 34.7418, 0.5421 ], [ 34.7273, 0.517 ], [ 34.7209, 0.5126 ], [ 34.715, 0.5151 ], [ 34.7089, 0.5091 ], [ 34.7013, 0.5125 ], [ 34.6891, 0.4912 ], [ 34.676, 0.4893 ], [ 34.6786, 0.4781 ], [ 34.6665, 0.4654 ], [ 34.6428, 0.4555 ], [ 34.632, 0.4578 ], [ 34.6271, 0.4687 ], [ 34.6181, 0.4621 ], [ 34.6164, 0.4484 ], [ 34.6044, 0.4561 ], [ 34.5984, 0.4502 ], [ 34.592, 0.451 ], [ 34.5894, 0.4252 ], [ 34.5807, 0.4368 ], [ 34.5799, 0.4597 ], [ 34.5631, 0.4629 ], [ 34.5508, 0.4751 ], [ 34.5376, 0.4671 ], [ 34.5313, 0.4481 ], [ 34.5078, 0.4632 ], [ 34.4954, 0.4634 ], [ 34.4954, 0.4709 ], [ 34.4842, 0.489 ], [ 34.4692, 0.4831 ], [ 34.4619, 0.4739 ], [ 34.4465, 0.473 ], [ 34.4392, 0.468 ], [ 34.4171, 0.4803 ], [ 34.4047, 0.4804 ], [ 34.3896, 0.4736 ], [ 34.3859, 0.4989 ], [ 34.3896, 0.5034 ], [ 34.4042, 0.505 ], [ 34.4084, 0.5111 ], [ 34.3908, 0.5428 ], [ 34.3682, 0.5657 ], [ 34.3768, 0.5831 ], [ 34.3707, 0.593 ], [ 34.3697, 0.6105 ], [ 34.3785, 0.6173 ], [ 34.3831, 0.6467 ], [ 34.4172, 0.664 ], [ 34.409, 0.6857 ], [ 34.4154, 0.6941 ], [ 34.4043, 0.7307 ], [ 34.4316, 0.7306 ], [ 34.4346, 0.7408 ], [ 34.43, 0.7561 ], [ 34.423, 0.7625 ], [ 34.4118, 0.7667 ], [ 34.3984, 0.7598 ], [ 34.3826, 0.7779 ], [ 34.3679, 0.7768 ], [ 34.3637, 0.7813 ], [ 34.3707, 0.7841 ], [ 34.3787, 0.798 ], [ 34.383, 0.793 ], [ 34.385, 0.8037 ], [ 34.3949, 0.8025 ], [ 34.4133, 0.8104 ], [ 34.4134, 0.8202 ], [ 34.4055, 0.8287 ], [ 34.4152, 0.8352 ], [ 34.4141, 0.8424 ], [ 34.4205, 0.8501 ], [ 34.4398, 0.8566 ], [ 34.4461, 0.8635 ], [ 34.4505, 0.9004 ], [ 34.4642, 0.9117 ], [ 34.4799, 0.9401 ], [ 34.4893, 0.9829 ], [ 34.4886, 1.0178 ], [ 34.5025, 1.0706 ], [ 34.5136, 1.0816 ], [ 34.5265, 1.1071 ], [ 34.5744, 1.1023 ], [ 34.5793, 1.1501 ], [ 34.6161, 1.1091 ], [ 34.6321, 1.0973 ], [ 34.6616, 1.0876 ], [ 34.6508, 1.0606 ], [ 34.7392, 0.9441 ], [ 34.7679, 0.9268 ], [ 34.7851, 0.9301 ], [ 34.7976, 0.9198 ], [ 34.8007, 0.9105 ], [ 34.7866, 0.8949 ], [ 34.7955, 0.8745 ], [ 34.7964, 0.8599 ], [ 34.805, 0.8494 ], [ 34.8103, 0.8312 ], [ 34.809, 0.8112 ], [ 34.8778, 0.8339 ] ] ] } },
{ "type": "Feature", "properties": { "county": "Busia", "area_km2": 1800.3655474003315 }, "geometry": { "type": "Polygon", "coordinates": [ [ [ 34.0292, -0.0142 ], [ 34.0158, -0.0239 ], [ 33.9499, -0.0225 ], [ 33.9101, 0.1067 ], [ 34.0074, 0.2435 ], [ 34.0221, 0.2555 ], [ 34.0249, 0.2684 ], [ 34.041, 0.2766 ], [ 34.0401, 0.2861 ], [ 34.05, 0.2967 ], [ 34.0504, 0.3087 ], [ 34.0604, 0.3135 ], [ 34.0562, 0.3238 ], [ 34.0718, 0.3252 ], [ 34.0989, 0.3498 ], [ 34.1086, 0.3809 ], [ 34.1003, 0.4139 ], [ 34.09, 0.427 ], [ 34.0882, 0.4567 ], [ 34.1195, 0.4834 ], [ 34.1178, 0.5113 ], [ 34.123, 0.5173 ], [ 34.116, 0.5231 ], [ 34.1261, 0.5393 ], [ 34.1274, 0.5586 ], [ 34.1376, 0.5857 ], [ 34.142, 0.5831 ], [ 34.1529, 0.5874 ], [ 34.1745, 0.6081 ], [ 34.1857, 0.6068 ], [ 34.1839, 0.6125 ], [ 34.1996, 0.6287 ], [ 34.2028, 0.6248 ], [ 34.2071, 0.6287 ], [ 34.2155, 0.6247 ], [ 34.2201, 0.6328 ], [ 34.2354, 0.6283 ], [ 34.2405, 0.6357 ], [ 34.251, 0.6315 ], [ 34.2609, 0.6397 ], [ 34.2768, 0.643 ], [ 34.2761, 0.6585 ], [ 34.2807, 0.6669 ], [ 34.2778, 0.6816 ], [ 34.2953, 0.6875 ], [ 34.2942, 0.691 ], [ 34.3136, 0.7008 ], [ 34.307, 0.7233 ], [ 34.3109, 0.7489 ], [ 34.297, 0.7579 ], [ 34.3043, 0.7654 ], [ 34.3124, 0.759 ], [ 34.3185, 0.7675 ], [ 34.3344, 0.7684 ], [ 34.3635, 0.7802 ], [ 34.3707, 0.7763 ], [ 34.3826, 0.7779 ], [ 34.3984, 0.7598 ], [ 34.4118, 0.7667 ], [ 34.423, 0.7625 ], [ 34.4335, 0.749 ], [ 34.4316, 0.7306 ], [ 34.4043, 0.7307 ], [ 34.4154, 0.6941 ], [ 34.409, 0.6857 ], [ 34.4172, 0.664 ], [ 34.3831, 0.6467 ], [ 34.3785, 0.6173 ], [ 34.3697, 0.6097 ], [ 34.3707, 0.593 ], [ 34.3768, 0.5831 ], [ 34.3682, 0.5657 ], [ 34.3908, 0.5428 ], [ 34.4085, 0.5094 ], [ 34.3859, 0.4989 ], [ 34.3896, 0.4656 ], [ 34.3682, 0.4614 ], [ 34.3644, 0.4451 ], [ 34.3431, 0.429 ], [ 34.3598, 0.4098 ], [ 34.3779, 0.4092 ], [ 34.4225, 0.3756 ], [ 34.3858, 0.3565 ], [ 34.3829, 0.3217 ], [ 34.3676, 0.3069 ], [ 34.3344, 0.314 ], [ 34.2657, 0.3119 ], [ 34.2507, 0.3175 ], [ 34.2361, 0.2963 ], [ 34.205, 0.2902 ], [ 34.2032, 0.265 ], [ 34.2008, 0.2732 ], [ 34.1855, 0.2806 ], [ 34.1737, 0.3003 ], [ 34.1594, 0.3051 ], [ 34.1586, 0.2949 ], [ 34.1384, 0.2614 ], [ 34.1165, 0.2464 ], [ 34.1162, 0.223 ], [ 34.1051, 0.191 ], [ 34.1119, 0.1798 ], [ 34.115, 0.154 ], [ 34.1113, 0.1398 ], [ 34.1026, 0.1298 ], [ 34.1051, 0.1401 ], [ 34.0994, 0.1404 ], [ 34.09, 0.1293 ], [ 34.0719, 0.1244 ], [ 34.0732, 0.1068 ], [ 34.066, 0.095 ], [ 34.0421, 0.0043 ], [ 34.0292, -0.0142 ] ] ] } },
{ "type": "Feature", "properties": { "county": "Elgeyo-Marakwet", "area_km2": 2803.2786974664787 }, "geometry": { "type": "Polygon", "coordinates": [ [ [ 35.5127, 0.1932 ], [ 35.5399, 0.2306 ], [ 35.5281, 0.235 ], [ 35.5049, 0.2296 ], [ 35.4957, 0.2367 ], [ 35.4855, 0.255 ], [ 35.4946, 0.2624 ], [ 35.491, 0.2681 ], [ 35.4997, 0.2829 ], [ 35.4987, 0.2959 ], [ 35.5042, 0.2988 ], [ 35.4949, 0.3178 ], [ 35.5095, 0.3194 ], [ 35.5135, 0.3279 ], [ 35.4684, 0.3746 ], [ 35.4705, 0.3831 ], [ 35.4788, 0.3874 ], [ 35.4881, 0.3853 ], [ 35.4793, 0.3936 ], [ 35.4872, 0.4093 ], [ 35.4812, 0.4093 ], [ 35.4729, 0.4537 ], [ 35.4613, 0.4601 ], [ 35.4635, 0.5113 ], [ 35.4813, 0.5949 ], [ 35.4092, 0.7084 ], [ 35.505, 0.7078 ], [ 35.5053, 0.7163 ], [ 35.4985, 0.7202 ], [ 35.4934, 0.7325 ], [ 35.4976, 0.7525 ], [ 35.4909, 0.7554 ], [ 35.4984, 0.7539 ], [ 35.5074, 0.771 ], [ 35.5054, 0.7793 ], [ 35.502, 0.7788 ], [ 35.4993, 0.8254 ], [ 35.4812, 0.8274 ], [ 35.4932, 0.8592 ], [ 35.4885, 0.882 ], [ 35.4562, 0.8823 ], [ 35.4689, 0.906 ], [ 35.4151, 0.9135 ], [ 35.4206, 0.9435 ], [ 35.3854, 0.9502 ], [ 35.3772, 0.9419 ], [ 35.3438, 0.953 ], [ 35.3403, 0.9684 ], [ 35.3463, 0.9718 ], [ 35.3373, 0.9734 ], [ 35.3523, 0.9848 ], [ 35.3423, 1.0097 ], [ 35.3618, 1.0139 ], [ 35.362, 1.0247 ], [ 35.3131, 1.0419 ], [ 35.271, 1.0677 ], [ 35.2421, 1.0792 ], [ 35.2177, 1.1209 ], [ 35.2021, 1.1222 ], [ 35.1517, 1.2045 ], [ 35.3253, 1.124 ], [ 35.3336, 1.1277 ], [ 35.3524, 1.0881 ], [ 35.3428, 1.0656 ], [ 35.3712, 1.065 ], [ 35.3831, 1.0542 ], [ 35.3817, 1.039 ], [ 35.3886, 1.0324 ], [ 35.3885, 1.0231 ], [ 35.3735, 1.0215 ], [ 35.3662, 1.0104 ], [ 35.3894, 1.001 ], [ 35.3996, 0.9894 ], [ 35.4308, 0.9852 ], [ 35.4355, 1.0118 ], [ 35.4388, 1.0076 ], [ 35.4739, 1.0062 ], [ 35.4746, 1.0307 ], [ 35.4674, 1.0337 ], [ 35.4635, 1.0435 ], [ 35.4536, 1.0436 ], [ 35.4537, 1.057 ], [ 35.4492, 1.0613 ], [ 35.4478, 1.0786 ], [ 35.4539, 1.0879 ], [ 35.4479, 1.1032 ], [ 35.4473, 1.1261 ], [ 35.4504, 1.13 ], [ 35.453, 1.1228 ], [ 35.4681, 1.1242 ], [ 35.4736, 1.1351 ], [ 35.4608, 1.1647 ], [ 35.4414, 1.165 ], [ 35.4326, 1.179 ], [ 35.4278, 1.1739 ], [ 35.4214, 1.1765 ], [ 35.4232, 1.1927 ], [ 35.5443, 1.2911 ], [ 35.5794, 1.2963 ], [ 35.5889, 1.2871 ], [ 35.6065, 1.2832 ], [ 35.6317, 1.3054 ], [ 35.6969, 1.3241 ], [ 35.6953, 1.2884 ], [ 35.7072, 1.2735 ], [ 35.6997, 1.2626 ], [ 35.7038, 1.2515 ], [ 35.6996, 1.24 ], [ 35.7042, 1.2311 ], [ 35.6968, 1.219 ], [ 35.6965, 1.2084 ], [ 35.7031, 1.2035 ], [ 35.7066, 1.1823 ], [ 35.7037, 1.1568 ], [ 35.7098, 1.1541 ], [ 35.7007, 1.1331 ], [ 35.6989, 1.1092 ], [ 35.6839, 1.1006 ], [ 35.684, 1.0892 ], [ 35.6778, 1.0872 ], [ 35.6735, 1.0743 ], [ 35.6753, 1.0605 ], [ 35.668, 1.049 ], [ 35.6715, 1.0454 ], [ 35.6671, 1.0444 ], [ 35.6643, 1.0353 ], [ 35.6423, 1.0251 ], [ 35.6444, 1.02 ], [ 35.633, 0.9982 ], [ 35.6397, 0.9864 ], [ 35.6352, 0.9835 ], [ 35.6367, 0.9645 ], [ 35.6296, 0.9577 ], [ 35.637, 0.9223 ], [ 35.6331, 0.9154 ], [ 35.6259, 0.9138 ], [ 35.623, 0.8731 ], [ 35.6255, 0.8589 ], [ 35.6435, 0.8452 ], [ 35.6363, 0.8407 ], [ 35.6397, 0.8338 ], [ 35.6363, 0.8307 ], [ 35.6428, 0.8261 ], [ 35.6339, 0.8147 ], [ 35.634, 0.7975 ], [ 35.6379, 0.7929 ], [ 35.6341, 0.792 ], [ 35.6268, 0.7527 ], [ 35.62, 0.7423 ], [ 35.6309, 0.7269 ], [ 35.6288, 0.7214 ], [ 35.6363, 0.7055 ], [ 35.6275, 0.6944 ], [ 35.6299, 0.6907 ], [ 35.6237, 0.6907 ], [ 35.6262, 0.6835 ], [ 35.6052, 0.6785 ], [ 35.6096, 0.6504 ], [ 35.5967, 0.6293 ], [ 35.5958, 0.6168 ], [ 35.5977, 0.6079 ], [ 35.613, 0.596 ], [ 35.614, 0.5843 ], [ 35.6018, 0.5606 ], [ 35.6056, 0.5475 ], [ 35.6021, 0.5385 ], [ 35.6119, 0.529 ], [ 35.6136, 0.514 ], [ 35.631, 0.5076 ], [ 35.632, 0.4884 ], [ 35.648, 0.4661 ], [ 35.6454, 0.457 ], [ 35.653, 0.4509 ], [ 35.6537, 0.4334 ], [ 35.661, 0.4177 ], [ 35.6545, 0.4042 ], [ 35.6601, 0.3918 ], [ 35.6675, 0.3924 ], [ 35.6674, 0.3871 ], [ 35.6805, 0.3756 ], [ 35.684, 0.3782 ], [ 35.6969, 0.3697 ], [ 35.6985, 0.3748 ], [ 35.7042, 0.3677 ], [ 35.7067, 0.3704 ], [ 35.71, 0.3624 ], [ 35.7201, 0.3617 ], [ 35.7227, 0.3556 ], [ 35.7186, 0.3496 ], [ 35.7231, 0.3439 ], [ 35.7122, 0.321 ], [ 35.7145, 0.2813 ], [ 35.7081, 0.2644 ], [ 35.7208, 0.2401 ], [ 35.7224, 0.2173 ], [ 35.7056, 0.2078 ], [ 35.6914, 0.192 ], [ 35.6953, 0.1827 ], [ 35.6611, 0.1744 ], [ 35.5881, 0.1745 ], [ 35.5752, 0.1892 ], [ 35.5675, 0.1913 ], [ 35.5679, 0.203 ], [ 35.5551, 0.1949 ], [ 35.5127, 0.1932 ] ] ] } },
{ "type": "Feature", "properties": { "county": "Embu", "area_km2": 2904.3748075605008 }, "geometry": { "type": "Polygon", "coordinates": [ [ [ 37.6717, -0.8296 ], [ 37.6646, -0.8462 ], [ 37.6461, -0.842 ], [ 37.64, -0.8455 ], [ 37.6353, -0.8386 ], [ 37.6292, -0.8385 ], [ 37.6263, -0.8518 ], [ 37.6049, -0.8551 ], [ 37.6008, -0.8627 ], [ 37.5891, -0.8627 ], [ 37.5869, -0.8663 ], [ 37.5914, -0.8709 ], [ 37.5872, -0.8782 ], [ 37.5647, -0.8808 ], [ 37.5595, -0.875 ], [ 37.5509, -0.8844 ], [ 37.5459, -0.8823 ], [ 37.5322, -0.8956 ], [ 37.5331, -0.9116 ], [ 37.5187, -0.9161 ], [ 37.515, -0.902 ], [ 37.5026, -0.8989 ], [ 37.4951, -0.9024 ], [ 37.4766, -0.891 ], [ 37.4715, -0.884 ], [ 37.4741, -0.8741 ], [ 37.4472, -0.869 ], [ 37.4429, -0.8611 ], [ 37.4269, -0.8648 ], [ 37.4132, -0.8598 ], [ 37.4125, -0.8484 ], [ 37.3979, -0.8546 ], [ 37.3857, -0.8501 ], [ 37.3801, -0.8557 ], [ 37.3769, -0.8488 ], [ 37.3638, -0.8429 ], [ 37.3273, -0.8417 ], [ 37.3235, -0.8383 ], [ 37.3263, -0.8338 ], [ 37.3199, -0.8345 ], [ 37.3132, -0.817 ], [ 37.3051, -0.8118 ], [ 37.3063, -0.8007 ], [ 37.2876, -0.7825 ], [ 37.2674, -0.7852 ], [ 37.2764, -0.7537 ], [ 37.3155, -0.7483 ], [ 37.326, -0.7646 ], [ 37.3481, -0.7722 ], [ 37.3586, -0.7697 ], [ 37.3589, -0.7616 ], [ 37.3711, -0.764 ], [ 37.3876, -0.7529 ], [ 37.4213, -0.7473 ], [ 37.4444, -0.7306 ], [ 37.4639, -0.7336 ], [ 37.4633, -0.7287 ], [ 37.4738, -0.7241 ], [ 37.4964, -0.7298 ], [ 37.4876, -0.7166 ], [ 37.4781, -0.7126 ], [ 37.4798, -0.6917 ], [ 37.4739, -0.6787 ], [ 37.4785, -0.6691 ], [ 37.4724, -0.6485 ], [ 37.4882, -0.6145 ], [ 37.4836, -0.6028 ], [ 37.4765, -0.599 ], [ 37.4852, -0.5814 ], [ 37.4788, -0.5756 ], [ 37.472, -0.5555 ], [ 37.4629, -0.5553 ], [ 37.461, -0.5496 ], [ 37.4501, -0.5464 ], [ 37.4457, -0.5292 ], [ 37.4271, -0.5095 ], [ 37.4255, -0.4976 ], [ 37.4304, -0.4944 ], [ 37.4238, -0.481 ], [ 37.4287, -0.4605 ], [ 37.4281, -0.4412 ], [ 37.4226, -0.4395 ], [ 37.4251, -0.4171 ], [ 37.3082, -0.1459 ], [ 37.3155, -0.1528 ], [ 37.6059, -0.2703 ], [ 37.6153, -0.2595 ], [ 37.6343, -0.2573 ], [ 37.6573, -0.265 ], [ 37.6847, -0.2617 ], [ 37.6983, -0.2716 ], [ 37.7475, -0.2704 ], [ 37.7505, -0.2743 ], [ 37.7769, -0.2761 ], [ 37.7857, -0.2732 ], [ 37.8007, -0.2844 ], [ 37.8175, -0.312 ], [ 37.7931, -0.3035 ], [ 37.7701, -0.2849 ], [ 37.7308, -0.2902 ], [ 37.7175, -0.2973 ], [ 37.6887, -0.2831 ], [ 37.6125, -0.2831 ], [ 37.5967, -0.2733 ], [ 37.4895, -0.2342 ], [ 37.5008, -0.3119 ], [ 37.5535, -0.3572 ], [ 37.5842, -0.3659 ], [ 37.6, -0.3801 ], [ 37.612, -0.3806 ], [ 37.6307, -0.3897 ], [ 37.6601, -0.4215 ], [ 37.6836, -0.4286 ], [ 37.6933, -0.4384 ], [ 37.7149, -0.4447 ], [ 37.7201, -0.4504 ], [ 37.7434, -0.4459 ], [ 37.7606, -0.4495 ], [ 37.7849, -0.4472 ], [ 37.8146, -0.428 ], [ 37.8275, -0.4094 ], [ 37.8455, -0.4025 ], [ 37.8526, -0.3904 ], [ 37.8659, -0.3825 ], [ 37.8651, -0.3714 ], [ 37.8707, -0.3659 ], [ 37.8735, -0.3508 ], [ 37.8863, -0.343 ], [ 37.8945, -0.3528 ], [ 37.8905, -0.367 ], [ 37.8965, -0.3702 ], [ 37.8901, -0.3934 ], [ 37.8995, -0.3963 ], [ 37.9085, -0.4131 ], [ 37.9225, -0.4158 ], [ 37.9245, -0.4269 ], [ 37.9359, -0.4281 ], [ 37.9313, -0.4443 ], [ 37.9137, -0.4667 ], [ 37.8825, -0.5349 ], [ 37.8878, -0.56 ], [ 37.8835, -0.5827 ], [ 37.9023, -0.5976 ], [ 37.9013, -0.6015 ], [ 37.9228, -0.6247 ], [ 37.8934, -0.6454 ], [ 37.8949, -0.6811 ], [ 37.904, -0.6853 ], [ 37.8995, -0.7084 ], [ 37.9074, -0.7113 ], [ 37.9116, -0.7075 ], [ 37.9159, -0.7287 ], [ 37.9029, -0.758 ], [ 37.8908, -0.7671 ], [ 37.893, -0.7793 ], [ 37.8844, -0.7816 ], [ 37.8795, -0.7921 ], [ 37.8844, -0.8069 ], [ 37.8614, -0.8117 ], [ 37.8381, -0.8094 ], [ 37.8336, -0.8137 ], [ 37.8286, -0.8056 ], [ 37.819, -0.8044 ], [ 37.8084, -0.8152 ], [ 37.8056, -0.8017 ], [ 37.788, -0.8227 ], [ 37.7573, -0.8238 ], [ 37.7447, -0.7803 ], [ 37.7322, -0.7745 ], [ 37.7242, -0.7804 ], [ 37.6987, -0.7842 ], [ 37.6902, -0.7968 ], [ 37.6819, -0.7953 ], [ 37.6815, -0.8226 ], [ 37.6717, -0.8296 ] ] ] } },
{ "type": "Feature", "properties": { "county": "Garissa", "area_km2": 43852.685552228213 }, "geometry": { "type": "Polygon", "coordinates": [ [ [ 41.0043, -0.8236 ], [ 41.1152, -0.9781 ], [ 41.3653, -1.3003 ], [ 41.4939, -1.4816 ], [ 41.5774, -1.5848 ], [ 41.5754, -1.6426 ], [ 41.5693, -1.6515 ], [ 41.5624, -1.658 ], [ 40.8925, -1.7165 ], [ 40.7407, -1.7905 ], [ 40.7357, -1.7946 ], [ 40.7387, -1.7983 ], [ 40.7363, -1.7961 ], [ 40.7351, -1.7936 ], [ 40.5169, -1.8997 ], [ 40.2987, -1.9956 ], [ 40.2129, -2.0397 ], [ 40.1961, -1.9996 ], [ 40.1975, -1.9827 ], [ 40.1867, -1.9608 ], [ 40.1879, -1.8608 ], [ 40.1631, -1.8183 ], [ 40.1579, -1.7582 ], [ 40.1707, -1.7212 ], [ 40.1587, -1.6956 ], [ 40.1599, -1.6421 ], [ 40.1543, -1.6056 ], [ 40.1469, -1.5878 ], [ 40.1169, -1.5522 ], [ 40.1052, -1.5046 ], [ 40.0887, -1.4795 ], [ 40.0609, -1.3391 ], [ 40.0497, -1.316 ], [ 40.0567, -1.2486 ], [ 40.0389, -1.1997 ], [ 40.0106, -1.1604 ], [ 39.9965, -1.1203 ], [ 39.9343, -1.0025 ], [ 39.9377, -0.9652 ], [ 39.9197, -0.918 ], [ 39.9039, -0.8962 ], [ 39.9009, -0.8333 ], [ 39.8901, -0.8172 ], [ 39.8793, -0.7855 ], [ 39.8627, -0.7605 ], [ 39.8682, -0.738 ], [ 39.8581, -0.718 ], [ 39.8561, -0.6887 ], [ 39.8433, -0.6678 ], [ 39.84, -0.6473 ], [ 39.8212, -0.6235 ], [ 39.8177, -0.5924 ], [ 39.8085, -0.5811 ], [ 39.758, -0.5473 ], [ 39.747, -0.5431 ], [ 39.7263, -0.5449 ], [ 39.7229, -0.5256 ], [ 39.6927, -0.4931 ], [ 39.6325, -0.4923 ], [ 39.6311, -0.4731 ], [ 39.6367, -0.4593 ], [ 39.6273, -0.4495 ], [ 39.6263, -0.3192 ], [ 39.5999, -0.2969 ], [ 39.5775, -0.2632 ], [ 39.5447, -0.244 ], [ 39.5275, -0.2143 ], [ 39.4477, -0.1496 ], [ 39.4075, -0.1442 ], [ 39.3869, -0.1252 ], [ 39.3621, -0.1144 ], [ 39.3265, -0.0896 ], [ 39.2613, -0.0931 ], [ 39.2281, -0.0854 ], [ 39.1969, -0.0906 ], [ 39.1553, -0.0783 ], [ 39.1255, -0.0501 ], [ 39.1037, -0.0218 ], [ 39.1033, -0.0148 ], [ 39.1013, -0.0174 ], [ 39.0753, -0.0034 ], [ 39.014, -0.0025 ], [ 38.9643, -0.013 ], [ 38.9369, -0.0438 ], [ 38.9109, -0.0401 ], [ 38.8837, -0.0513 ], [ 38.8331, -0.0488 ], [ 38.7755, -0.0262 ], [ 38.7493, -0.0281 ], [ 38.7379, 0.0039 ], [ 38.7401, 0.0139 ], [ 38.7305, 0.0493 ], [ 38.7287, 0.0855 ], [ 38.7341, 0.1469 ], [ 38.7557, 0.17 ], [ 38.7573, 0.1841 ], [ 38.6769, 0.4955 ], [ 38.6577, 0.5091 ], [ 38.6921, 0.5117 ], [ 38.7035, 0.5079 ], [ 38.7081, 0.5133 ], [ 38.7211, 0.5134 ], [ 38.7231, 0.5261 ], [ 38.7351, 0.5203 ], [ 38.7491, 0.5253 ], [ 38.7651, 0.5133 ], [ 38.7991, 0.5445 ], [ 38.8247, 0.5811 ], [ 38.8567, 0.5989 ], [ 38.8719, 0.6007 ], [ 38.8759, 0.5957 ], [ 38.9107, 0.5997 ], [ 38.9255, 0.6069 ], [ 38.9403, 0.6285 ], [ 38.9757, 0.6227 ], [ 39.0103, 0.6253 ], [ 39.0127, 0.6389 ], [ 39.0239, 0.6467 ], [ 39.0257, 0.6631 ], [ 39.0351, 0.6671 ], [ 39.0519, 0.6855 ], [ 39.0839, 0.6769 ], [ 39.0981, 0.6811 ], [ 39.1025, 0.6895 ], [ 39.1423, 0.6913 ], [ 39.1475, 0.7055 ], [ 39.1779, 0.7257 ], [ 39.1809, 0.7231 ], [ 39.1757, 0.7279 ], [ 39.1805, 0.7519 ], [ 39.2005, 0.7895 ], [ 39.2247, 0.8177 ], [ 39.2371, 0.8443 ], [ 39.3137, 0.9249 ], [ 39.3553, 0.9511 ], [ 39.4621, 0.9949 ], [ 39.4799, 0.9803 ], [ 39.4931, 0.9605 ], [ 39.4991, 0.9305 ], [ 39.5331, 0.8535 ], [ 39.5641, 0.7557 ], [ 39.6139, 0.6845 ], [ 39.6455, 0.6571 ], [ 39.6639, 0.6153 ], [ 39.6883, 0.5801 ], [ 39.7235, 0.5431 ], [ 39.7329, 0.5253 ], [ 39.7619, 0.512 ], [ 39.7747, 0.4965 ], [ 39.8009, 0.4845 ], [ 39.8496, 0.4785 ], [ 39.8743, 0.4597 ], [ 39.9046, 0.463 ], [ 39.9479, 0.4277 ], [ 39.9839, 0.4083 ], [ 40.059, 0.3931 ], [ 40.1301, 0.3421 ], [ 40.1766, 0.3159 ], [ 40.2144, 0.2734 ], [ 40.2382, 0.2536 ], [ 40.2998, 0.2236 ], [ 40.3289, 0.2042 ], [ 40.3432, 0.2027 ], [ 40.3394, 0.1987 ], [ 40.3578, 0.2013 ], [ 40.4023, 0.1837 ], [ 40.4257, 0.1899 ], [ 40.4753, 0.1863 ], [ 40.4951, 0.197 ], [ 40.5077, 0.1941 ], [ 40.5241, 0.2218 ], [ 40.5349, 0.227 ], [ 40.5629, 0.2163 ], [ 40.5855, 0.2153 ], [ 40.5953, 0.2253 ], [ 40.6065, 0.2265 ], [ 40.6115, 0.2321 ], [ 40.6465, 0.2313 ], [ 40.6813, 0.2571 ], [ 40.6845, 0.2715 ], [ 40.6955, 0.2785 ], [ 40.7171, 0.3206 ], [ 40.7367, 0.3262 ], [ 40.7501, 0.3417 ], [ 40.7713, 0.3532 ], [ 40.8581, 0.3759 ], [ 40.886, 0.3933 ], [ 40.9201, 0.4261 ], [ 40.9887, 0.4621 ], [ 40.999, 0.4058 ], [ 40.9923, 0.2875 ], [ 40.9941, 0.2362 ], [ 40.9899, 0.2347 ], [ 40.9886, 0.014 ], [ 41.0005, 0.0 ], [ 41.0004, -0.7842 ], [ 41.0043, -0.8236 ] ] ] } },
{ "type": "Feature", "properties": { "county": "Homa Bay", "area_km2": 4679.7450271908092 }, "geometry": { "type": "Polygon", "coordinates": [ [ [ 34.3717, -0.8416 ], [ 34.3692, -0.8475 ], [ 34.3397, -0.8513 ], [ 34.3368, -0.8581 ], [ 34.32, -0.8613 ], [ 34.2859, -0.8214 ], [ 34.2541, -0.8151 ], [ 34.2532, -0.8073 ], [ 34.2329, -0.7779 ], [ 34.2133, -0.7633 ], [ 34.1992, -0.7382 ], [ 34.1693, -0.7587 ], [ 34.1528, -0.7625 ], [ 34.1447, -0.7719 ], [ 34.0865, -0.7811 ], [ 34.0796, -0.8012 ], [ 33.9364, -0.8009 ], [ 33.9286, -0.6725 ], [ 33.9286, -0.5371 ], [ 33.9405, -0.4188 ], [ 33.9559, -0.3341 ], [ 34.24, -0.3341 ], [ 34.2711, -0.4121 ], [ 34.2852, -0.4225 ], [ 34.3029, -0.424 ], [ 34.3195, -0.4167 ], [ 34.4218, -0.3308 ], [ 34.5304, -0.2666 ], [ 34.705, -0.2528 ], [ 34.7552, -0.2856 ], [ 34.7606, -0.3079 ], [ 34.7683, -0.3045 ], [ 34.7816, -0.3175 ], [ 34.7856, -0.3166 ], [ 34.7904, -0.3254 ], [ 34.7826, -0.3281 ], [ 34.7857, -0.3366 ], [ 34.7923, -0.3355 ], [ 34.7905, -0.3422 ], [ 34.7993, -0.3488 ], [ 34.811, -0.3457 ], [ 34.8229, -0.3657 ], [ 34.8248, -0.3824 ], [ 34.8593, -0.3864 ], [ 34.8623, -0.3914 ], [ 34.8848, -0.39 ], [ 34.8885, -0.3955 ], [ 34.8944, -0.3878 ], [ 34.9151, -0.3797 ], [ 34.9141, -0.3974 ], [ 34.9299, -0.3968 ], [ 34.9296, -0.4059 ], [ 34.9505, -0.4103 ], [ 34.9752, -0.4039 ], [ 34.9867, -0.4083 ], [ 34.9881, -0.4034 ], [ 35.003, -0.3993 ], [ 35.0103, -0.3855 ], [ 35.0178, -0.3913 ], [ 35.0197, -0.4065 ], [ 34.9996, -0.4232 ], [ 34.9667, -0.4366 ], [ 34.9403, -0.459 ], [ 34.9062, -0.476 ], [ 34.8799, -0.4828 ], [ 34.8557, -0.4983 ], [ 34.851, -0.5062 ], [ 34.7932, -0.5217 ], [ 34.7892, -0.5273 ], [ 34.7681, -0.5283 ], [ 34.7611, -0.5426 ], [ 34.7485, -0.5535 ], [ 34.7122, -0.553 ], [ 34.7098, -0.5636 ], [ 34.6853, -0.5967 ], [ 34.6583, -0.599 ], [ 34.6425, -0.6291 ], [ 34.6366, -0.657 ], [ 34.6083, -0.6453 ], [ 34.5892, -0.6452 ], [ 34.5823, -0.6479 ], [ 34.5799, -0.6549 ], [ 34.5572, -0.6617 ], [ 34.5599, -0.6675 ], [ 34.5529, -0.6708 ], [ 34.5341, -0.698 ], [ 34.5327, -0.7356 ], [ 34.4855, -0.7824 ], [ 34.4643, -0.8321 ], [ 34.4643, -0.8589 ], [ 34.4288, -0.8311 ], [ 34.387, -0.8108 ], [ 34.3933, -0.8267 ], [ 34.3821, -0.8422 ], [ 34.3717, -0.8416 ] ] ] } },
{ "type": "Feature", "properties": { "county": "Isiolo", "area_km2": 25435.999282212375 }, "geometry": { "type": "Polygon", "coordinates": [ [ [ 37.5817, 0.3289 ], [ 37.5553, 0.3289 ], [ 37.5505, 0.3209 ], [ 37.5471, 0.2799 ], [ 37.5362, 0.2643 ], [ 37.4301, 0.2981 ], [ 37.4009, 0.2963 ], [ 37.3999, 0.2849 ], [ 37.3777, 0.2707 ], [ 37.3743, 0.2733 ], [ 37.3857, 0.2775 ], [ 37.3947, 0.2951 ], [ 37.3921, 0.3588 ], [ 37.3791, 0.3685 ], [ 37.3786, 0.381 ], [ 37.3701, 0.3847 ], [ 37.3633, 0.4093 ], [ 37.3533, 0.4145 ], [ 37.3483, 0.452 ], [ 37.3601, 0.4777 ], [ 37.3598, 0.5019 ], [ 37.3687, 0.5093 ], [ 37.3683, 0.5143 ], [ 36.8677, 0.5713 ], [ 36.8645, 0.5737 ], [ 36.8675, 0.5967 ], [ 36.8841, 0.6129 ], [ 36.8873, 0.6107 ], [ 36.8973, 0.6309 ], [ 36.9089, 0.6343 ], [ 36.9139, 0.6623 ], [ 36.9217, 0.6621 ], [ 36.9235, 0.6669 ], [ 36.9265, 0.7261 ], [ 36.9338, 0.7571 ], [ 36.9483, 0.7483 ], [ 36.9806, 0.7496 ], [ 37.0581, 0.777 ], [ 37.0689, 0.7705 ], [ 37.0706, 0.7828 ], [ 37.1016, 0.7917 ], [ 37.1094, 0.7847 ], [ 37.116, 0.7873 ], [ 37.1235, 0.7815 ], [ 37.1261, 0.7714 ], [ 37.1343, 0.7638 ], [ 37.1502, 0.765 ], [ 37.1514, 0.7575 ], [ 37.1615, 0.7562 ], [ 37.1656, 0.7475 ], [ 37.2021, 0.751 ], [ 37.2056, 0.7462 ], [ 37.2189, 0.7444 ], [ 37.2448, 0.767 ], [ 37.2567, 0.7686 ], [ 37.2737, 0.7497 ], [ 37.2883, 0.7422 ], [ 37.2997, 0.726 ], [ 37.3255, 0.6721 ], [ 37.3261, 0.6603 ], [ 37.3421, 0.6473 ], [ 37.3523, 0.6245 ], [ 37.3541, 0.6035 ], [ 37.3637, 0.5997 ], [ 37.3655, 0.5883 ], [ 37.3731, 0.5891 ], [ 37.3941, 0.5739 ], [ 37.3983, 0.5799 ], [ 37.4279, 0.5843 ], [ 37.4465, 0.5817 ], [ 37.4711, 0.5941 ], [ 37.4777, 0.5895 ], [ 37.4915, 0.5901 ], [ 37.4907, 0.5837 ], [ 37.5076, 0.5745 ], [ 37.5154, 0.5717 ], [ 37.5236, 0.5755 ], [ 37.5322, 0.5707 ], [ 37.5448, 0.5829 ], [ 37.557, 0.5756 ], [ 37.5802, 0.5781 ], [ 37.5824, 0.5928 ], [ 37.6042, 0.5956 ], [ 37.618, 0.6051 ], [ 37.6331, 0.602 ], [ 37.6428, 0.6182 ], [ 37.6379, 0.6194 ], [ 37.6395, 0.6271 ], [ 37.6442, 0.6271 ], [ 37.6507, 0.6367 ], [ 37.6662, 0.6386 ], [ 37.6818, 0.6474 ], [ 37.6851, 0.6618 ], [ 37.6922, 0.6691 ], [ 37.7094, 0.6723 ], [ 37.7259, 0.6595 ], [ 37.7501, 0.6815 ], [ 37.7595, 0.6768 ], [ 37.7845, 0.6818 ], [ 37.7928, 0.676 ], [ 37.8343, 0.6844 ], [ 37.8449, 0.6963 ], [ 37.8426, 0.7027 ], [ 37.8482, 0.7192 ], [ 37.8743, 0.7338 ], [ 37.8783, 0.7486 ], [ 37.8909, 0.7422 ], [ 37.896, 0.7323 ], [ 37.9023, 0.7336 ], [ 37.9018, 0.7268 ], [ 37.9092, 0.7264 ], [ 37.9149, 0.7178 ], [ 37.9191, 0.7241 ], [ 37.9296, 0.7272 ], [ 37.9459, 0.7491 ], [ 37.9722, 0.7595 ], [ 37.9859, 0.7822 ], [ 37.9945, 0.7833 ], [ 38.0085, 0.797 ], [ 38.0081, 0.8062 ], [ 38.0135, 0.8099 ], [ 38.0154, 0.8013 ], [ 38.0226, 0.8034 ], [ 38.0533, 0.7833 ], [ 38.0799, 0.7875 ], [ 38.0468, 0.8095 ], [ 38.0327, 1.0895 ], [ 37.9492, 1.1982 ], [ 37.9464, 1.2636 ], [ 38.3415, 1.5787 ], [ 38.3847, 1.7619 ], [ 38.7887, 1.9949 ], [ 38.9612, 2.0998 ], [ 38.9847, 2.0706 ], [ 38.9847, 2.0507 ], [ 38.9927, 2.0397 ], [ 38.9897, 2.0297 ], [ 38.9945, 2.0067 ], [ 39.0041, 2.0029 ], [ 39.0305, 1.9776 ], [ 39.0469, 1.9485 ], [ 39.0577, 1.9407 ], [ 39.0599, 1.9273 ], [ 39.1029, 1.8931 ], [ 39.1181, 1.886 ], [ 39.1433, 1.8533 ], [ 39.1417, 1.8376 ], [ 39.1603, 1.8133 ], [ 39.1801, 1.7577 ], [ 39.2037, 1.7161 ], [ 39.2471, 1.6992 ], [ 39.2607, 1.6885 ], [ 39.2713, 1.6895 ], [ 39.2843, 1.6767 ], [ 39.3073, 1.6681 ], [ 39.3107, 1.6577 ], [ 39.3157, 1.6603 ], [ 39.3215, 1.6499 ], [ 39.3411, 1.6403 ], [ 39.3459, 1.6283 ], [ 39.3851, 1.5817 ], [ 39.3873, 1.5737 ], [ 39.3939, 1.5741 ], [ 39.3971, 1.5643 ], [ 39.4037, 1.5591 ], [ 39.4125, 1.5601 ], [ 39.4391, 1.5379 ], [ 39.4483, 1.5357 ], [ 39.2769, 1.4733 ], [ 39.4435, 1.0472 ], [ 39.4593, 1.0051 ], [ 39.4625, 0.9935 ], [ 39.3613, 0.9539 ], [ 39.3137, 0.9249 ], [ 39.2371, 0.8443 ], [ 39.2247, 0.8177 ], [ 39.2005, 0.7895 ], [ 39.1805, 0.7519 ], [ 39.1757, 0.7279 ], [ 39.1809, 0.7231 ], [ 39.1779, 0.7257 ], [ 39.1475, 0.7055 ], [ 39.1423, 0.6913 ], [ 39.1025, 0.6895 ], [ 39.0981, 0.6811 ], [ 39.0839, 0.6769 ], [ 39.0519, 0.6855 ], [ 39.0351, 0.6671 ], [ 39.0257, 0.6631 ], [ 39.0239, 0.6467 ], [ 39.0127, 0.6389 ], [ 39.0103, 0.6253 ], [ 38.9757, 0.6227 ], [ 38.9403, 0.6285 ], [ 38.9255, 0.6069 ], [ 38.9107, 0.5997 ], [ 38.8759, 0.5957 ], [ 38.8719, 0.6007 ], [ 38.8567, 0.5989 ], [ 38.8247, 0.5811 ], [ 38.7991, 0.5445 ], [ 38.7651, 0.5133 ], [ 38.7491, 0.5253 ], [ 38.7351, 0.5203 ], [ 38.7231, 0.5261 ], [ 38.7211, 0.5134 ], [ 38.7081, 0.5133 ], [ 38.7035, 0.5079 ], [ 38.6921, 0.5117 ], [ 38.6577, 0.5091 ], [ 38.6769, 0.4955 ], [ 38.7573, 0.1841 ], [ 38.7557, 0.17 ], [ 38.7341, 0.1469 ], [ 38.7291, 0.0671 ], [ 38.7401, 0.0139 ], [ 38.7379, 0.0039 ], [ 38.7485, -0.0203 ], [ 38.7513, -0.0467 ], [ 38.7637, -0.053 ], [ 38.7597, -0.0621 ], [ 38.7659, -0.0691 ], [ 38.7489, -0.0724 ], [ 38.7136, -0.0624 ], [ 38.6877, -0.0411 ], [ 38.6811, -0.0554 ], [ 38.6551, -0.0466 ], [ 38.6477, -0.0538 ], [ 38.6391, -0.0547 ], [ 38.6117, -0.0303 ], [ 38.5977, -0.0334 ], [ 38.5705, -0.0198 ], [ 38.5696, -0.0151 ], [ 38.5693, -0.0184 ], [ 38.5485, -0.0197 ], [ 38.5405, -0.0434 ], [ 38.5299, -0.0451 ], [ 38.5303, -0.0556 ], [ 38.5219, -0.062 ], [ 38.5021, -0.0634 ], [ 38.4929, -0.0595 ], [ 38.4829, -0.076 ], [ 38.4605, -0.0858 ], [ 38.4527, -0.0849 ], [ 38.4383, -0.0724 ], [ 38.4329, -0.0769 ], [ 38.4263, -0.075 ], [ 38.4107, -0.0637 ], [ 38.4131, -0.0514 ], [ 38.4065, -0.0436 ], [ 38.4011, -0.017 ], [ 38.3565, 0.0203 ], [ 38.3535, 0.0305 ], [ 38.3575, 0.0369 ], [ 38.3441, 0.0465 ], [ 38.3491, 0.0594 ], [ 38.3381, 0.0625 ], [ 38.3393, 0.0681 ], [ 38.3249, 0.0745 ], [ 38.3275, 0.0957 ], [ 38.3205, 0.0985 ], [ 38.3181, 0.1069 ], [ 38.3085, 0.1101 ], [ 38.2963, 0.1597 ], [ 38.2665, 0.1819 ], [ 38.2619, 0.1923 ], [ 38.2447, 0.2067 ], [ 38.2297, 0.2163 ], [ 38.1991, 0.2257 ], [ 38.1921, 0.2345 ], [ 38.1957, 0.3221 ], [ 38.1765, 0.3309 ], [ 38.1621, 0.3685 ], [ 38.1583, 0.3695 ], [ 38.1623, 0.3687 ], [ 38.0945, 0.5641 ], [ 38.0625, 0.6711 ], [ 37.9017, 0.5967 ], [ 37.9025, 0.5921 ], [ 37.9017, 0.5965 ], [ 37.8263, 0.5631 ], [ 37.5867, 0.4805 ], [ 37.5817, 0.4607 ], [ 37.5823, 0.4115 ], [ 37.5851, 0.4021 ], [ 37.5983, 0.4029 ], [ 37.6049, 0.3539 ], [ 37.5953, 0.3389 ], [ 37.5817, 0.3289 ] ] ] } },
{ "type": "Feature", "properties": { "county": "Kajiado", "area_km2": 21988.549071979291 }, "geometry": { "type": "Polygon", "coordinates": [ [ [ 37.8945, -2.8857 ], [ 37.8707, -3.0775 ], [ 37.8543, -3.0801 ], [ 37.8539, -3.168 ], [ 37.8527, -3.1799 ], [ 37.8475, -3.1838 ], [ 37.8327, -3.1859 ], [ 37.8105, -3.1682 ], [ 37.7955, -3.1729 ], [ 37.6904, -3.1751 ], [ 37.6726, -3.0677 ], [ 37.6161, -3.0268 ], [ 37.6207, -3.0256 ], [ 37.5489, -2.9775 ], [ 37.4864, -2.9386 ], [ 36.4981, -2.3879 ], [ 36.2513, -2.2659 ], [ 36.2035, -2.2275 ], [ 35.9962, -2.1027 ], [ 35.9962, -2.0983 ], [ 36.0001, -2.1006 ], [ 36.0001, -2.0819 ], [ 36.0267, -2.0821 ], [ 36.0267, -2.0372 ], [ 36.0225, -2.0354 ], [ 36.0213, -2.0251 ], [ 36.0245, -2.017 ], [ 36.0274, -2.0195 ], [ 36.0286, -2.007 ], [ 36.0346, -2.0029 ], [ 36.0319, -1.999 ], [ 36.0355, -1.9995 ], [ 36.0425, -1.9319 ], [ 36.0366, -1.9235 ], [ 36.037, -1.9129 ], [ 36.033, -1.9127 ], [ 36.0425, -1.909 ], [ 36.0433, -1.9044 ], [ 36.0319, -1.9014 ], [ 36.0258, -1.8893 ], [ 36.031, -1.8857 ], [ 36.0347, -1.89 ], [ 36.0366, -1.8735 ], [ 36.0448, -1.8741 ], [ 36.0514, -1.8652 ], [ 36.0488, -1.836 ], [ 36.0404, -1.8284 ], [ 36.0431, -1.824 ], [ 36.0381, -1.8188 ], [ 36.0286, -1.8237 ], [ 36.028, -1.8041 ], [ 36.0166, -1.802 ], [ 36.016, -1.7978 ], [ 36.0274, -1.7888 ], [ 36.0301, -1.7747 ], [ 36.0233, -1.7729 ], [ 36.031, -1.7659 ], [ 36.0313, -1.7582 ], [ 36.0358, -1.7606 ], [ 36.0323, -1.7526 ], [ 36.0357, -1.7362 ], [ 36.0411, -1.7332 ], [ 36.0429, -1.7239 ], [ 36.0485, -1.7253 ], [ 36.043, -1.7045 ], [ 36.0477, -1.6983 ], [ 36.0558, -1.7037 ], [ 36.0642, -1.6924 ], [ 36.0571, -1.6838 ], [ 36.0583, -1.6694 ], [ 36.0465, -1.6477 ], [ 36.0524, -1.6452 ], [ 36.0511, -1.6346 ], [ 36.06, -1.6147 ], [ 36.0652, -1.6126 ], [ 36.063, -1.6071 ], [ 36.0742, -1.5895 ], [ 36.0791, -1.5923 ], [ 36.0863, -1.5713 ], [ 36.0588, -1.4922 ], [ 36.0492, -1.4859 ], [ 36.3477, -1.1685 ], [ 36.3356, -1.0408 ], [ 36.4935, -1.1151 ], [ 36.537, -1.1488 ], [ 36.5136, -1.236 ], [ 36.4908, -1.264 ], [ 36.6597, -1.2965 ], [ 36.6658, -1.3078 ], [ 36.6807, -1.2925 ], [ 36.6884, -1.2763 ], [ 36.6807, -1.2965 ], [ 36.6747, -1.3048 ], [ 36.6702, -1.3036 ], [ 36.6635, -1.3173 ], [ 36.6749, -1.3278 ], [ 36.6789, -1.326 ], [ 36.6928, -1.3506 ], [ 36.7022, -1.3495 ], [ 36.728, -1.3725 ], [ 36.7489, -1.3824 ], [ 36.7829, -1.3868 ], [ 36.7937, -1.3829 ], [ 36.8057, -1.387 ], [ 36.8197, -1.379 ], [ 36.8282, -1.3855 ], [ 36.8443, -1.3848 ], [ 36.8497, -1.3943 ], [ 36.8695, -1.4011 ], [ 36.8708, -1.4052 ], [ 36.8819, -1.4037 ], [ 36.8949, -1.4092 ], [ 36.8902, -1.4105 ], [ 36.8783, -1.4752 ], [ 36.8841, -1.4847 ], [ 36.9224, -1.4569 ], [ 36.9366, -1.4531 ], [ 36.9496, -1.4554 ], [ 36.9474, -1.4592 ], [ 36.9776, -1.4748 ], [ 36.9708, -1.4893 ], [ 36.9743, -1.4987 ], [ 36.9627, -1.5108 ], [ 36.9572, -1.5423 ], [ 36.9662, -1.5533 ], [ 36.9776, -1.5531 ], [ 36.996, -1.581 ], [ 36.9908, -1.5849 ], [ 37.0004, -1.5973 ], [ 37.0065, -1.5927 ], [ 37.1114, -1.733 ], [ 37.1322, -1.7425 ], [ 37.141, -1.7357 ], [ 37.1479, -1.7382 ], [ 37.1488, -1.7592 ], [ 37.1585, -1.764 ], [ 37.152, -1.7763 ], [ 37.1604, -1.7794 ], [ 37.1512, -1.7942 ], [ 37.1525, -1.801 ], [ 37.1413, -1.8116 ], [ 37.1457, -1.8186 ], [ 37.1436, -1.8276 ], [ 37.1488, -1.8311 ], [ 37.1418, -1.8382 ], [ 37.1556, -1.8447 ], [ 37.1624, -1.8567 ], [ 37.1604, -1.8827 ], [ 37.1531, -1.8862 ], [ 37.1703, -1.9161 ], [ 37.183, -1.9228 ], [ 37.1867, -1.9332 ], [ 37.2363, -1.9353 ], [ 37.2556, -1.9568 ], [ 37.2657, -1.9581 ], [ 37.2806, -1.994 ], [ 37.3141, -2.007 ], [ 37.3589, -2.0113 ], [ 37.3645, -2.0138 ], [ 37.3646, -2.0221 ], [ 37.3818, -2.0223 ], [ 37.4651, -2.0788 ], [ 37.4624, -2.0854 ], [ 37.4759, -2.0908 ], [ 37.4786, -2.0839 ], [ 37.5336, -2.1058 ], [ 37.5438, -2.1151 ], [ 37.5452, -2.1252 ], [ 37.5646, -2.1268 ], [ 37.5925, -2.1528 ], [ 37.6213, -2.161 ], [ 37.665, -2.1554 ], [ 37.6991, -2.1643 ], [ 37.7076, -2.1816 ], [ 37.7239, -2.1885 ], [ 37.7059, -2.1947 ], [ 37.6837, -2.2241 ], [ 37.6749, -2.228 ], [ 37.6785, -2.2643 ], [ 37.6733, -2.2675 ], [ 37.6722, -2.2793 ], [ 37.667, -2.2809 ], [ 37.6699, -2.288 ], [ 37.6552, -2.2875 ], [ 37.6483, -2.2915 ], [ 37.6461, -2.2993 ], [ 37.6318, -2.294 ], [ 37.6309, -2.3014 ], [ 37.6218, -2.3044 ], [ 37.6184, -2.2978 ], [ 37.6124, -2.2976 ], [ 37.6042, -2.3114 ], [ 37.5962, -2.312 ], [ 37.8497, -2.6039 ], [ 37.8789, -2.6609 ], [ 37.8926, -2.6747 ], [ 37.9011, -2.7015 ], [ 37.9208, -2.7042 ], [ 37.93, -2.721 ], [ 37.9263, -2.7496 ], [ 37.9298, -2.7629 ], [ 37.9375, -2.7708 ], [ 37.9179, -2.8684 ], [ 37.8945, -2.8857 ] ] ] } },
{ "type": "Feature", "properties": { "county": "Kakamega", "area_km2": 2441.5723412369402 }, "geometry": { "type": "Polygon", "coordinates": [ [ [ 34.6776, 0.1345 ], [ 34.6636, 0.1307 ], [ 34.6327, 0.1329 ], [ 34.6021, 0.1256 ], [ 34.5859, 0.1192 ], [ 34.5862, 0.1084 ], [ 34.5715, 0.0998 ], [ 34.5618, 0.1009 ], [ 34.5585, 0.0959 ], [ 34.5538, 0.0933 ], [ 34.5583, 0.1121 ], [ 34.5438, 0.1184 ], [ 34.5525, 0.1225 ], [ 34.5547, 0.1314 ], [ 34.5452, 0.1429 ], [ 34.5337, 0.1405 ], [ 34.5253, 0.1292 ], [ 34.5129, 0.1322 ], [ 34.5081, 0.1216 ], [ 34.5002, 0.1304 ], [ 34.4963, 0.1258 ], [ 34.5033, 0.1199 ], [ 34.4957, 0.1153 ], [ 34.494, 0.1056 ], [ 34.474, 0.1072 ], [ 34.4741, 0.1171 ], [ 34.4788, 0.1198 ], [ 34.4575, 0.1276 ], [ 34.4562, 0.1347 ], [ 34.4726, 0.1351 ], [ 34.4832, 0.1428 ], [ 34.4818, 0.1557 ], [ 34.4675, 0.1619 ], [ 34.4378, 0.1502 ], [ 34.4252, 0.1551 ], [ 34.4413, 0.1698 ], [ 34.4258, 0.1901 ], [ 34.4357, 0.2059 ], [ 34.4505, 0.2098 ], [ 34.4433, 0.2222 ], [ 34.428, 0.2166 ], [ 34.4111, 0.2031 ], [ 34.404, 0.1912 ], [ 34.3853, 0.1832 ], [ 34.3921, 0.2115 ], [ 34.3836, 0.2328 ], [ 34.3976, 0.2378 ], [ 34.4009, 0.2661 ], [ 34.3884, 0.2786 ], [ 34.3958, 0.2865 ], [ 34.3946, 0.2926 ], [ 34.3731, 0.3122 ], [ 34.3832, 0.3227 ], [ 34.3858, 0.3565 ], [ 34.4225, 0.3756 ], [ 34.3779, 0.4092 ], [ 34.3598, 0.4098 ], [ 34.3431, 0.429 ], [ 34.3644, 0.4451 ], [ 34.3682, 0.4614 ], [ 34.3895, 0.4656 ], [ 34.3912, 0.4725 ], [ 34.4047, 0.4804 ], [ 34.4192, 0.4796 ], [ 34.4364, 0.4677 ], [ 34.4619, 0.4739 ], [ 34.4822, 0.4893 ], [ 34.4939, 0.4739 ], [ 34.4954, 0.4634 ], [ 34.5078, 0.4632 ], [ 34.5313, 0.4481 ], [ 34.5376, 0.4671 ], [ 34.5508, 0.4751 ], [ 34.5631, 0.4629 ], [ 34.5774, 0.4621 ], [ 34.5812, 0.4574 ], [ 34.5807, 0.4368 ], [ 34.5894, 0.4252 ], [ 34.592, 0.451 ], [ 34.5984, 0.4502 ], [ 34.6044, 0.4561 ], [ 34.6164, 0.4484 ], [ 34.6181, 0.4621 ], [ 34.6271, 0.4687 ], [ 34.632, 0.4578 ], [ 34.6428, 0.4555 ], [ 34.6665, 0.4654 ], [ 34.6786, 0.4781 ], [ 34.676, 0.4893 ], [ 34.6891, 0.4912 ], [ 34.7013, 0.5125 ], [ 34.7089, 0.5091 ], [ 34.715, 0.5151 ], [ 34.7209, 0.5126 ], [ 34.7273, 0.517 ], [ 34.7418, 0.5421 ], [ 34.7483, 0.5408 ], [ 34.7598, 0.5526 ], [ 34.7656, 0.5624 ], [ 34.764, 0.5689 ], [ 34.8011, 0.5914 ], [ 34.8101, 0.5921 ], [ 34.7994, 0.6043 ], [ 34.8147, 0.6209 ], [ 34.8323, 0.6309 ], [ 34.836, 0.6421 ], [ 34.8326, 0.6514 ], [ 34.8415, 0.6557 ], [ 34.8976, 0.6055 ], [ 34.8521, 0.5518 ], [ 34.907, 0.5097 ], [ 34.9084, 0.4959 ], [ 34.9241, 0.4813 ], [ 34.9566, 0.42 ], [ 34.9553, 0.3759 ], [ 34.9487, 0.3583 ], [ 34.9373, 0.362 ], [ 34.9421, 0.3281 ], [ 34.9785, 0.2459 ], [ 34.9565, 0.2458 ], [ 34.9432, 0.2131 ], [ 34.929, 0.2136 ], [ 34.9187, 0.184 ], [ 34.9118, 0.1892 ], [ 34.914, 0.2037 ], [ 34.9044, 0.2007 ], [ 34.8933, 0.2126 ], [ 34.8868, 0.2096 ], [ 34.8855, 0.2024 ], [ 34.8728, 0.2054 ], [ 34.8679, 0.1999 ], [ 34.8613, 0.2042 ], [ 34.8601, 0.1975 ], [ 34.8466, 0.1877 ], [ 34.8252, 0.1919 ], [ 34.8117, 0.189 ], [ 34.8162, 0.158 ], [ 34.8114, 0.1568 ], [ 34.8039, 0.167 ], [ 34.797, 0.1675 ], [ 34.7905, 0.1616 ], [ 34.7811, 0.1613 ], [ 34.7764, 0.1533 ], [ 34.77, 0.1573 ], [ 34.7659, 0.1548 ], [ 34.7604, 0.1431 ], [ 34.7387, 0.1463 ], [ 34.7377, 0.154 ], [ 34.7227, 0.1453 ], [ 34.7036, 0.1442 ], [ 34.7041, 0.1361 ], [ 34.6954, 0.1386 ], [ 34.6871, 0.1291 ], [ 34.6813, 0.1287 ], [ 34.6776, 0.1345 ] ] ] } },
{ "type": "Feature", "properties": { "county": "Kericho", "area_km2": 2577.0179782204559 }, "geometry": { "type": "Polygon", "coordinates": [ [ [ 35.1787, -0.6513 ], [ 35.1216, -0.6581 ], [ 35.1148, -0.6488 ], [ 35.0929, -0.653 ], [ 35.0798, -0.6465 ], [ 35.0832, -0.6369 ], [ 35.0797, -0.6334 ], [ 35.0831, -0.6338 ], [ 35.081, -0.6298 ], [ 35.0879, -0.6195 ], [ 35.0823, -0.6162 ], [ 35.0869, -0.6037 ], [ 35.0814, -0.6005 ], [ 35.084, -0.594 ], [ 35.0696, -0.5949 ], [ 35.0632, -0.6166 ], [ 35.0571, -0.6143 ], [ 35.0619, -0.5976 ], [ 35.0474, -0.5661 ], [ 35.0528, -0.5397 ], [ 35.0491, -0.5325 ], [ 35.053, -0.53 ], [ 35.0479, -0.5166 ], [ 35.0571, -0.502 ], [ 35.0497, -0.4924 ], [ 35.0327, -0.4913 ], [ 35.0336, -0.4788 ], [ 35.0394, -0.4787 ], [ 35.041, -0.4737 ], [ 35.0451, -0.44 ], [ 35.0328, -0.4148 ], [ 35.0198, -0.4076 ], [ 35.0215, -0.3995 ], [ 35.0102, -0.3851 ], [ 35.0068, -0.3701 ], [ 35.0048, -0.3322 ], [ 35.0503, -0.2914 ], [ 35.0634, -0.2115 ], [ 35.0719, -0.2032 ], [ 35.1033, -0.1957 ], [ 35.1307, -0.1488 ], [ 35.1382, -0.1572 ], [ 35.156, -0.1603 ], [ 35.1675, -0.156 ], [ 35.1671, -0.1597 ], [ 35.184, -0.1597 ], [ 35.186, -0.1535 ], [ 35.2041, -0.1599 ], [ 35.2154, -0.169 ], [ 35.218, -0.1884 ], [ 35.2314, -0.1888 ], [ 35.2368, -0.1955 ], [ 35.2461, -0.1966 ], [ 35.2487, -0.2078 ], [ 35.2626, -0.2171 ], [ 35.2608, -0.2239 ], [ 35.2696, -0.2316 ], [ 35.2997, -0.2321 ], [ 35.3159, -0.2434 ], [ 35.342, -0.234 ], [ 35.3307, -0.1707 ], [ 35.2961, -0.1701 ], [ 35.2787, -0.1402 ], [ 35.2712, -0.1473 ], [ 35.2536, -0.1143 ], [ 35.2349, -0.1139 ], [ 35.2265, -0.0997 ], [ 35.2788, -0.0927 ], [ 35.3077, -0.0795 ], [ 35.3395, -0.1017 ], [ 35.3719, -0.1033 ], [ 35.401, -0.081 ], [ 35.4241, -0.072 ], [ 35.4044, -0.0172 ], [ 35.4136, 0.0093 ], [ 35.4382, 0.024 ], [ 35.4349, 0.0312 ], [ 35.4664, 0.0319 ], [ 35.4713, 0.0242 ], [ 35.4578, 0.0146 ], [ 35.4803, 0.02 ], [ 35.5139, 0.0127 ], [ 35.5166, 0.0196 ], [ 35.5229, 0.0199 ], [ 35.5431, -0.0023 ], [ 35.5839, -0.0013 ], [ 35.6113, -0.0264 ], [ 35.6333, -0.0297 ], [ 35.6412, -0.0544 ], [ 35.6241, -0.0743 ], [ 35.6152, -0.0783 ], [ 35.6142, -0.0856 ], [ 35.6231, -0.0972 ], [ 35.6126, -0.105 ], [ 35.6121, -0.1127 ], [ 35.5989, -0.1165 ], [ 35.5971, -0.1236 ], [ 35.6045, -0.1485 ], [ 35.6105, -0.1529 ], [ 35.6255, -0.1446 ], [ 35.6409, -0.1442 ], [ 35.6516, -0.1497 ], [ 35.6541, -0.1588 ], [ 35.6704, -0.1577 ], [ 35.6661, -0.1792 ], [ 35.675, -0.183 ], [ 35.6642, -0.1888 ], [ 35.6619, -0.1997 ], [ 35.6561, -0.2012 ], [ 35.6581, -0.2296 ], [ 35.6464, -0.266 ], [ 35.6315, -0.2709 ], [ 35.6311, -0.2825 ], [ 35.6198, -0.2888 ], [ 35.6113, -0.2837 ], [ 35.6046, -0.2883 ], [ 35.6015, -0.2776 ], [ 35.5925, -0.2723 ], [ 35.581, -0.3031 ], [ 35.5693, -0.2983 ], [ 35.5723, -0.2772 ], [ 35.5291, -0.2545 ], [ 35.5255, -0.2646 ], [ 35.5048, -0.2633 ], [ 35.4707, -0.2723 ], [ 35.4139, -0.2969 ], [ 35.4738, -0.3951 ], [ 35.4644, -0.3997 ], [ 35.4534, -0.4189 ], [ 35.4413, -0.4247 ], [ 35.4277, -0.4506 ], [ 35.4182, -0.4491 ], [ 35.406, -0.4568 ], [ 35.3946, -0.4553 ], [ 35.3858, -0.4698 ], [ 35.3808, -0.4674 ], [ 35.3761, -0.4761 ], [ 35.3516, -0.4823 ], [ 35.3121, -0.5063 ], [ 35.3114, -0.498 ], [ 35.2929, -0.4826 ], [ 35.2834, -0.4858 ], [ 35.3148, -0.4154 ], [ 35.3034, -0.4203 ], [ 35.2775, -0.4118 ], [ 35.2608, -0.4187 ], [ 35.2508, -0.4146 ], [ 35.2325, -0.417 ], [ 35.219, -0.4503 ], [ 35.2086, -0.4616 ], [ 35.2206, -0.4699 ], [ 35.2018, -0.4781 ], [ 35.1815, -0.478 ], [ 35.1773, -0.4906 ], [ 35.1785, -0.4961 ], [ 35.193, -0.5031 ], [ 35.1898, -0.5157 ], [ 35.1989, -0.521 ], [ 35.1976, -0.5322 ], [ 35.2063, -0.5432 ], [ 35.1966, -0.5587 ], [ 35.1955, -0.5702 ], [ 35.2248, -0.5931 ], [ 35.2286, -0.6095 ], [ 35.1787, -0.6513 ] ] ] } },
{ "type": "Feature", "properties": { "county": "Kiambu", "area_km2": 2573.0056113692303 }, "geometry": { "type": "Polygon", "coordinates": [ [ [ 36.6915, -1.2731 ], [ 36.6658, -1.3078 ], [ 36.6597, -1.2965 ], [ 36.4908, -1.264 ], [ 36.5136, -1.236 ], [ 36.5445, -1.1207 ], [ 36.5672, -1.0944 ], [ 36.5699, -1.0965 ], [ 36.5912, -1.0579 ], [ 36.5878, -1.0365 ], [ 36.6001, -0.9872 ], [ 36.5873, -0.9721 ], [ 36.5877, -0.9587 ], [ 36.5788, -0.9406 ], [ 36.5615, -0.9329 ], [ 36.5726, -0.9257 ], [ 36.5542, -0.9202 ], [ 36.5543, -0.9146 ], [ 36.5719, -0.9045 ], [ 36.5632, -0.8999 ], [ 36.5896, -0.883 ], [ 36.6014, -0.8573 ], [ 36.5913, -0.8428 ], [ 36.5887, -0.8218 ], [ 36.6226, -0.8253 ], [ 36.622, -0.8215 ], [ 36.6742, -0.7728 ], [ 36.6597, -0.7667 ], [ 36.6446, -0.767 ], [ 36.6537, -0.7586 ], [ 36.6622, -0.762 ], [ 36.6718, -0.7526 ], [ 36.6872, -0.758 ], [ 36.7071, -0.7778 ], [ 36.7205, -0.7994 ], [ 36.742, -0.8126 ], [ 36.7507, -0.8273 ], [ 36.7711, -0.8267 ], [ 36.8251, -0.8592 ], [ 36.8317, -0.8682 ], [ 36.8592, -0.8772 ], [ 36.8641, -0.8846 ], [ 36.8779, -0.887 ], [ 36.8805, -0.8924 ], [ 36.8883, -0.8911 ], [ 36.8931, -0.9055 ], [ 36.9081, -0.9082 ], [ 36.9161, -0.9249 ], [ 36.9552, -0.9499 ], [ 36.9647, -0.9673 ], [ 36.9813, -0.9727 ], [ 37.023, -1.0061 ], [ 37.0324, -1.0226 ], [ 37.039, -1.0256 ], [ 37.0511, -1.0279 ], [ 37.0613, -1.0216 ], [ 37.063, -1.0064 ], [ 37.0704, -1.0131 ], [ 37.0686, -1.0197 ], [ 37.0884, -1.0281 ], [ 37.1075, -1.0298 ], [ 37.1241, -1.0475 ], [ 37.1327, -1.0421 ], [ 37.1545, -1.0473 ], [ 37.1738, -1.0383 ], [ 37.1767, -1.0275 ], [ 37.1922, -1.0367 ], [ 37.2045, -1.0289 ], [ 37.2134, -1.0292 ], [ 37.2312, -1.0118 ], [ 37.2418, -1.0191 ], [ 37.2645, -1.0117 ], [ 37.3108, -1.0615 ], [ 37.3149, -1.0585 ], [ 37.3254, -1.0726 ], [ 37.3343, -1.0767 ], [ 37.3389, -1.0738 ], [ 37.3478, -1.0862 ], [ 37.3626, -1.0894 ], [ 37.3877, -1.0533 ], [ 37.4192, -1.0312 ], [ 37.4211, -1.0339 ], [ 37.3877, -1.0573 ], [ 37.3425, -1.1168 ], [ 37.3018, -1.0745 ], [ 37.2814, -1.0651 ], [ 37.2625, -1.0676 ], [ 37.2496, -1.0777 ], [ 37.2323, -1.0734 ], [ 37.2105, -1.0785 ], [ 37.1754, -1.1134 ], [ 37.1869, -1.1314 ], [ 37.1807, -1.1506 ], [ 37.1825, -1.1626 ], [ 37.166, -1.1863 ], [ 37.1556, -1.1932 ], [ 37.1596, -1.2033 ], [ 37.1528, -1.2075 ], [ 37.1544, -1.2193 ], [ 37.1406, -1.2239 ], [ 37.1358, -1.2309 ], [ 37.1206, -1.2327 ], [ 37.119, -1.245 ], [ 37.109, -1.2454 ], [ 37.1086, -1.2578 ], [ 37.1016, -1.2596 ], [ 37.0863, -1.2463 ], [ 37.0948, -1.2423 ], [ 37.0882, -1.2311 ], [ 37.0803, -1.2349 ], [ 37.0627, -1.2027 ], [ 37.0379, -1.21 ], [ 37.0222, -1.2249 ], [ 37.0145, -1.2265 ], [ 37.0107, -1.234 ], [ 36.9951, -1.2303 ], [ 36.9864, -1.221 ], [ 36.9568, -1.2271 ], [ 36.9314, -1.2201 ], [ 36.9124, -1.2051 ], [ 36.9418, -1.1731 ], [ 36.9196, -1.16 ], [ 36.9025, -1.1579 ], [ 36.8877, -1.1712 ], [ 36.8991, -1.1909 ], [ 36.8725, -1.1941 ], [ 36.8629, -1.1882 ], [ 36.8597, -1.2005 ], [ 36.8507, -1.2009 ], [ 36.8489, -1.2116 ], [ 36.8301, -1.2036 ], [ 36.8333, -1.212 ], [ 36.791, -1.1889 ], [ 36.7783, -1.2203 ], [ 36.7567, -1.2125 ], [ 36.7467, -1.2307 ], [ 36.7287, -1.2281 ], [ 36.7184, -1.2566 ], [ 36.6941, -1.2536 ], [ 36.6968, -1.2614 ], [ 36.6901, -1.2652 ], [ 36.6915, -1.2731 ] ] ] } },
{ "type": "Feature", "properties": { "county": "Kilifi", "area_km2": 12653.765656159358 }, "geometry": { "type": "Polygon", "coordinates": [ [ [ 39.8624, -3.7224 ], [ 39.8257, -3.8338 ], [ 39.7876, -3.909 ], [ 39.7785, -3.9371 ], [ 39.7665, -3.9537 ], [ 39.7515, -3.9574 ], [ 39.7358, -3.9484 ], [ 39.7302, -3.9524 ], [ 39.7145, -3.9505 ], [ 39.6977, -3.9361 ], [ 39.6993, -3.9205 ], [ 39.6897, -3.9236 ], [ 39.6663, -3.9186 ], [ 39.6395, -3.9292 ], [ 39.6499, -3.9355 ], [ 39.6485, -3.9405 ], [ 39.6531, -3.9442 ], [ 39.6461, -3.9503 ], [ 39.6491, -3.9583 ], [ 39.6267, -3.9631 ], [ 39.6217, -3.9557 ], [ 39.6093, -3.9589 ], [ 39.5995, -3.9499 ], [ 39.5827, -3.9699 ], [ 39.5693, -3.975 ], [ 39.5751, -3.9842 ], [ 39.5685, -3.9911 ], [ 39.5545, -3.9842 ], [ 39.5417, -3.9905 ], [ 39.5483, -3.9633 ], [ 39.5453, -3.9574 ], [ 39.5313, -3.9518 ], [ 39.5277, -3.9436 ], [ 39.5303, -3.9346 ], [ 39.5221, -3.9285 ], [ 39.5201, -3.9151 ], [ 39.5001, -3.9022 ], [ 39.4975, -3.8877 ], [ 39.4857, -3.8809 ], [ 39.4677, -3.8595 ], [ 39.4509, -3.8533 ], [ 39.4195, -3.8205 ], [ 39.4039, -3.8213 ], [ 39.3995, -3.8256 ], [ 39.3795, -3.8061 ], [ 39.3813, -3.7971 ], [ 39.3773, -3.7933 ], [ 39.3897, -3.782 ], [ 39.3835, -3.7714 ], [ 39.3917, -3.7675 ], [ 39.3951, -3.7536 ], [ 39.3919, -3.7387 ], [ 39.3763, -3.7405 ], [ 39.3635, -3.7338 ], [ 39.3473, -3.7015 ], [ 39.3531, -3.6886 ], [ 39.3567, -3.6546 ], [ 39.3523, -3.64 ], [ 39.3439, -3.6331 ], [ 39.3473, -3.5986 ], [ 39.3251, -3.5843 ], [ 39.3183, -3.5754 ], [ 39.3183, -3.5645 ], [ 39.2827, -3.5696 ], [ 39.0873, -3.5696 ], [ 39.2189, -3.0692 ], [ 39.8923, -2.3092 ], [ 40.1793, -2.7159 ], [ 40.1876, -2.7387 ], [ 40.1924, -2.7368 ], [ 40.1935, -2.7454 ], [ 40.1865, -2.7615 ], [ 40.1804, -2.7651 ], [ 40.176, -2.7849 ], [ 40.1868, -2.7771 ], [ 40.1835, -2.829 ], [ 40.1715, -2.8554 ], [ 40.1726, -2.8996 ], [ 40.164, -2.9349 ], [ 40.1668, -2.9576 ], [ 40.1615, -2.9551 ], [ 40.1696, -2.9649 ], [ 40.1685, -2.9601 ], [ 40.1749, -2.9601 ], [ 40.1904, -2.9862 ], [ 40.1782, -2.9801 ], [ 40.1685, -2.9932 ], [ 40.1721, -2.999 ], [ 40.1743, -2.9904 ], [ 40.1821, -2.9871 ], [ 40.1879, -2.9954 ], [ 40.2124, -2.9938 ], [ 40.2376, -2.9779 ], [ 40.2415, -2.9896 ], [ 40.2382, -2.9963 ], [ 40.2315, -2.9935 ], [ 40.2238, -3.0015 ], [ 40.2015, -3.0104 ], [ 40.1954, -3.0307 ], [ 40.174, -3.0415 ], [ 40.1696, -3.0526 ], [ 40.1732, -3.0693 ], [ 40.156, -3.0832 ], [ 40.1637, -3.1318 ], [ 40.1474, -3.1665 ], [ 40.136, -3.1618 ], [ 40.1407, -3.1715 ], [ 40.1215, -3.199 ], [ 40.1213, -3.2101 ], [ 40.1304, -3.2246 ], [ 40.1265, -3.249 ], [ 40.1326, -3.2562 ], [ 40.1204, -3.2915 ], [ 40.0551, -3.3368 ], [ 40.0282, -3.3488 ], [ 40.0218, -3.3574 ], [ 40.0146, -3.3574 ], [ 40.0129, -3.3637 ], [ 40.0068, -3.3615 ], [ 39.9765, -3.3901 ], [ 39.9696, -3.3876 ], [ 39.9718, -3.3543 ], [ 39.9657, -3.3443 ], [ 39.9721, -3.3404 ], [ 39.9774, -3.3507 ], [ 39.9826, -3.3449 ], [ 39.9879, -3.3474 ], [ 39.9837, -3.3321 ], [ 39.9915, -3.3218 ], [ 39.9693, -3.3257 ], [ 39.9721, -3.3301 ], [ 39.9637, -3.3318 ], [ 39.9618, -3.3426 ], [ 39.9571, -3.3443 ], [ 39.966, -3.3535 ], [ 39.9615, -3.3751 ], [ 39.9693, -3.3724 ], [ 39.9679, -3.3801 ], [ 39.9637, -3.384 ], [ 39.9574, -3.3754 ], [ 39.9618, -3.389 ], [ 39.9679, -3.3932 ], [ 39.9696, -3.4062 ], [ 39.9265, -3.4949 ], [ 39.9032, -3.5671 ], [ 39.8715, -3.6315 ], [ 39.8657, -3.6374 ], [ 39.8451, -3.6354 ], [ 39.8415, -3.6279 ], [ 39.8279, -3.6218 ], [ 39.8213, -3.6096 ], [ 39.8138, -3.6132 ], [ 39.8118, -3.6218 ], [ 39.8082, -3.611 ], [ 39.8001, -3.6063 ], [ 39.7954, -3.6085 ], [ 39.806, -3.6107 ], [ 39.8115, -3.6237 ], [ 39.8115, -3.6335 ], [ 39.8057, -3.6304 ], [ 39.8026, -3.636 ], [ 39.8101, -3.6471 ], [ 39.8204, -3.6471 ], [ 39.8274, -3.6371 ], [ 39.8385, -3.6335 ], [ 39.8621, -3.6415 ], [ 39.8679, -3.6524 ], [ 39.8693, -3.6749 ], [ 39.8624, -3.6799 ], [ 39.8682, -3.681 ], [ 39.8707, -3.6979 ], [ 39.8613, -3.7149 ], [ 39.8624, -3.7224 ] ] ] } },
{ "type": "Feature", "properties": { "county": "Kirinyaga", "area_km2": 1556.2617146816642 }, "geometry": { "type": "MultiPolygon", "coordinates": [ [ [ [ 37.4741, -0.7241 ], [ 37.4639, -0.7336 ], [ 37.4444, -0.7306 ], [ 37.4213, -0.7473 ], [ 37.3876, -0.7529 ], [ 37.3711, -0.764 ], [ 37.3589, -0.7616 ], [ 37.3586, -0.7697 ], [ 37.3484, -0.7722 ], [ 37.326, -0.7646 ], [ 37.3155, -0.7483 ], [ 37.2764, -0.7537 ], [ 37.2664, -0.7848 ], [ 37.2554, -0.7559 ], [ 37.2603, -0.7493 ], [ 37.2702, -0.7523 ], [ 37.2629, -0.7456 ], [ 37.2657, -0.7416 ], [ 37.2576, -0.7329 ], [ 37.2571, -0.7241 ], [ 37.2506, -0.723 ], [ 37.2511, -0.7185 ], [ 37.2564, -0.7197 ], [ 37.2487, -0.7056 ], [ 37.2437, -0.7059 ], [ 37.2378, -0.6624 ], [ 37.2256, -0.6678 ], [ 37.2144, -0.685 ], [ 37.204, -0.6712 ], [ 37.2012, -0.6588 ], [ 37.1786, -0.6619 ], [ 37.1793, -0.6537 ], [ 37.1691, -0.644 ], [ 37.1724, -0.6364 ], [ 37.1685, -0.633 ], [ 37.1707, -0.6263 ], [ 37.1751, -0.6267 ], [ 37.1713, -0.6228 ], [ 37.1766, -0.6148 ], [ 37.174, -0.6118 ], [ 37.1787, -0.6101 ], [ 37.1783, -0.5956 ], [ 37.1697, -0.5924 ], [ 37.1682, -0.586 ], [ 37.16, -0.587 ], [ 37.1442, -0.5643 ], [ 37.1498, -0.5478 ], [ 37.1453, -0.522 ], [ 37.1496, -0.5167 ], [ 37.1548, -0.5196 ], [ 37.1554, -0.5142 ], [ 37.1632, -0.5181 ], [ 37.1651, -0.5145 ], [ 37.1617, -0.5143 ], [ 37.1709, -0.504 ], [ 37.1616, -0.4881 ], [ 37.1768, -0.4775 ], [ 37.1756, -0.4373 ], [ 37.1996, -0.4346 ], [ 37.1989, -0.4259 ], [ 37.3078, -0.1457 ], [ 37.4251, -0.4171 ], [ 37.4226, -0.4395 ], [ 37.4281, -0.4412 ], [ 37.4287, -0.4605 ], [ 37.4238, -0.481 ], [ 37.4304, -0.4944 ], [ 37.4255, -0.4976 ], [ 37.4271, -0.5095 ], [ 37.4457, -0.5292 ], [ 37.4501, -0.5464 ], [ 37.461, -0.5496 ], [ 37.4629, -0.5553 ], [ 37.472, -0.5555 ], [ 37.4788, -0.5756 ], [ 37.4852, -0.5814 ], [ 37.4765, -0.599 ], [ 37.4836, -0.6028 ], [ 37.4882, -0.6145 ], [ 37.4724, -0.6485 ], [ 37.4785, -0.6691 ], [ 37.4739, -0.6787 ], [ 37.4798, -0.6917 ], [ 37.4781, -0.7126 ], [ 37.4876, -0.7166 ], [ 37.4964, -0.7298 ], [ 37.4741, -0.7241 ] ] ], [ [ [ 37.6039, -0.3197 ], [ 37.6241, -0.3238 ], [ 37.6473, -0.3354 ], [ 37.6711, -0.3384 ], [ 37.6745, -0.3425 ], [ 37.6919, -0.3416 ], [ 37.7053, -0.3479 ], [ 37.7038, -0.3592 ], [ 37.7356, -0.3971 ], [ 37.7213, -0.4115 ], [ 37.7103, -0.4097 ], [ 37.7071, -0.3979 ], [ 37.6849, -0.3804 ], [ 37.6741, -0.3773 ], [ 37.6709, -0.3615 ], [ 37.6533, -0.3615 ], [ 37.6376, -0.3494 ], [ 37.6261, -0.3514 ], [ 37.6093, -0.3404 ], [ 37.6039, -0.3197 ] ] ] ] } },
{ "type": "Feature", "properties": { "county": "Kisii", "area_km2": 1313.8189515471213 }, "geometry": { "type": "Polygon", "coordinates": [ [ [ 34.7779, -0.6702 ], [ 34.789, -0.6718 ], [ 34.7965, -0.6843 ], [ 34.8083, -0.6817 ], [ 34.8207, -0.6881 ], [ 34.8235, -0.6993 ], [ 34.8348, -0.7019 ], [ 34.8691, -0.7292 ], [ 34.8987, -0.7426 ], [ 34.9074, -0.7553 ], [ 34.918, -0.7535 ], [ 34.9435, -0.7672 ], [ 35.0127, -0.8839 ], [ 34.6786, -0.9671 ], [ 34.6317, -0.9592 ], [ 34.6224, -0.9372 ], [ 34.6236, -0.9188 ], [ 34.6143, -0.8833 ], [ 34.6174, -0.8669 ], [ 34.6103, -0.8529 ], [ 34.6099, -0.8378 ], [ 34.6208, -0.8366 ], [ 34.6252, -0.8238 ], [ 34.6216, -0.8177 ], [ 34.6281, -0.7262 ], [ 34.6419, -0.6993 ], [ 34.6346, -0.6621 ], [ 34.6503, -0.6117 ], [ 34.6585, -0.5987 ], [ 34.6853, -0.5967 ], [ 34.7098, -0.5636 ], [ 34.7122, -0.553 ], [ 34.7485, -0.5535 ], [ 34.7611, -0.5426 ], [ 34.7681, -0.5283 ], [ 34.7892, -0.5273 ], [ 34.7932, -0.5217 ], [ 34.851, -0.5062 ], [ 34.8557, -0.4983 ], [ 34.8636, -0.497 ], [ 34.8705, -0.5014 ], [ 34.8708, -0.5311 ], [ 34.8788, -0.5517 ], [ 34.8722, -0.5698 ], [ 34.8805, -0.5827 ], [ 34.8785, -0.5864 ], [ 34.8904, -0.5987 ], [ 34.8895, -0.6053 ], [ 34.8867, -0.6081 ], [ 34.8745, -0.6014 ], [ 34.8664, -0.6026 ], [ 34.8538, -0.5927 ], [ 34.8426, -0.5922 ], [ 34.8139, -0.6302 ], [ 34.8115, -0.6608 ], [ 34.7918, -0.6609 ], [ 34.7892, -0.6684 ], [ 34.7779, -0.6702 ] ] ] } },
{ "type": "Feature", "properties": { "county": "Kisumu", "area_km2": 2665.3055725243221 }, "geometry": { "type": "Polygon", "coordinates": [ [ [ 35.01, -0.386 ], [ 35.003, -0.3993 ], [ 34.9881, -0.4034 ], [ 34.9868, -0.4083 ], [ 34.9752, -0.4039 ], [ 34.9507, -0.4103 ], [ 34.9296, -0.4059 ], [ 34.9299, -0.3968 ], [ 34.9141, -0.3974 ], [ 34.9151, -0.3797 ], [ 34.8944, -0.3878 ], [ 34.8885, -0.3955 ], [ 34.8848, -0.39 ], [ 34.8623, -0.3914 ], [ 34.8593, -0.3864 ], [ 34.8248, -0.3824 ], [ 34.8229, -0.3657 ], [ 34.811, -0.3457 ], [ 34.7993, -0.3488 ], [ 34.7905, -0.3422 ], [ 34.7923, -0.3355 ], [ 34.7857, -0.3366 ], [ 34.7826, -0.3281 ], [ 34.7904, -0.3254 ], [ 34.7856, -0.3166 ], [ 34.7816, -0.3175 ], [ 34.7683, -0.3045 ], [ 34.7606, -0.3079 ], [ 34.7552, -0.2856 ], [ 34.705, -0.2528 ], [ 34.5304, -0.2666 ], [ 34.483, -0.2947 ], [ 34.4151, -0.089 ], [ 34.416, -0.074 ], [ 34.4312, -0.0571 ], [ 34.4547, -0.0422 ], [ 34.4854, -0.0266 ], [ 34.5298, -0.0155 ], [ 34.533, -0.01 ], [ 34.5477, -0.0179 ], [ 34.5633, -0.0134 ], [ 34.5606, -0.0253 ], [ 34.564, -0.0348 ], [ 34.5765, -0.0318 ], [ 34.5831, -0.0274 ], [ 34.5917, -0.0011 ], [ 34.589, 0.0065 ], [ 34.6024, 0.0174 ], [ 34.6135, 0.0088 ], [ 34.6117, 0.0054 ], [ 34.6274, 0.009 ], [ 34.6717, -0.0096 ], [ 34.6887, -0.0046 ], [ 34.6936, -0.0083 ], [ 34.6886, -0.0197 ], [ 34.6959, -0.0136 ], [ 34.7095, -0.0148 ], [ 34.7155, -0.0037 ], [ 34.7261, 0.0001 ], [ 34.7397, -0.0193 ], [ 34.7466, -0.0169 ], [ 34.7522, -0.0287 ], [ 34.7643, -0.0105 ], [ 34.7808, -0.0125 ], [ 34.7862, -0.0011 ], [ 34.804, 0.0151 ], [ 34.819, 0.0275 ], [ 34.8314, 0.0301 ], [ 34.8101, -0.0 ], [ 34.8081, -0.0156 ], [ 34.8276, -0.0218 ], [ 34.922, -0.0196 ], [ 34.9195, -0.0269 ], [ 34.9233, -0.0302 ], [ 34.9544, -0.0243 ], [ 34.9524, -0.0204 ], [ 34.9568, -0.0199 ], [ 34.9641, -0.0263 ], [ 34.9884, -0.0176 ], [ 34.9885, -0.0131 ], [ 35.0076, -0.0228 ], [ 35.0071, -0.0477 ], [ 35.0595, -0.0478 ], [ 35.0662, -0.0626 ], [ 35.0743, -0.0488 ], [ 35.0926, -0.0385 ], [ 35.0958, -0.0239 ], [ 35.1036, -0.0169 ], [ 35.1019, 0.0018 ], [ 35.1502, -0.0326 ], [ 35.1587, -0.0309 ], [ 35.1615, -0.0241 ], [ 35.194, -0.0194 ], [ 35.2209, -0.0298 ], [ 35.2268, -0.0609 ], [ 35.2263, -0.1029 ], [ 35.2349, -0.1139 ], [ 35.2536, -0.1143 ], [ 35.2712, -0.1473 ], [ 35.2787, -0.1402 ], [ 35.2961, -0.1701 ], [ 35.3307, -0.1707 ], [ 35.3421, -0.2338 ], [ 35.3159, -0.2434 ], [ 35.2997, -0.2321 ], [ 35.2696, -0.2316 ], [ 35.2608, -0.2239 ], [ 35.2626, -0.2171 ], [ 35.2487, -0.2078 ], [ 35.2461, -0.1966 ], [ 35.2368, -0.1955 ], [ 35.2314, -0.1888 ], [ 35.218, -0.1884 ], [ 35.2154, -0.169 ], [ 35.2041, -0.1599 ], [ 35.186, -0.1535 ], [ 35.184, -0.1597 ], [ 35.1671, -0.1597 ], [ 35.1675, -0.156 ], [ 35.156, -0.1603 ], [ 35.1382, -0.1572 ], [ 35.134, -0.1497 ], [ 35.1285, -0.1493 ], [ 35.1033, -0.1957 ], [ 35.0719, -0.2032 ], [ 35.0634, -0.2115 ], [ 35.0503, -0.2914 ], [ 35.0048, -0.3322 ], [ 35.01, -0.386 ] ] ] } },
{ "type": "Feature", "properties": { "county": "Kitui", "area_km2": 30452.844654097618 }, "geometry": { "type": "Polygon", "coordinates": [ [ [ 38.9617, -1.0523 ], [ 38.9991, -1.6789 ], [ 38.9872, -1.6899 ], [ 38.9727, -1.6926 ], [ 38.9581, -1.7036 ], [ 39.0137, -1.915 ], [ 38.7964, -2.3408 ], [ 38.7899, -2.3429 ], [ 38.7839, -2.3547 ], [ 38.7703, -2.353 ], [ 38.7559, -2.3618 ], [ 38.7384, -2.3642 ], [ 38.7333, -2.378 ], [ 38.6955, -2.4094 ], [ 38.6613, -2.418 ], [ 38.6235, -2.4126 ], [ 39.0761, -3.041 ], [ 39.062, -3.0409 ], [ 39.0458, -3.0313 ], [ 39.0453, -3.021 ], [ 39.0367, -3.025 ], [ 39.0256, -3.0206 ], [ 38.9919, -3.0257 ], [ 38.9767, -3.0393 ], [ 38.9371, -3.0343 ], [ 38.9316, -3.0402 ], [ 38.9115, -3.0429 ], [ 38.8933, -3.0377 ], [ 38.8623, -3.0575 ], [ 38.8477, -3.0609 ], [ 38.8415, -3.0534 ], [ 38.8195, -3.0672 ], [ 38.8057, -3.0685 ], [ 38.799, -3.0664 ], [ 38.798, -3.0607 ], [ 38.8075, -3.0598 ], [ 38.8089, -3.0527 ], [ 38.7786, -3.0478 ], [ 38.774, -3.0434 ], [ 38.7544, -3.0462 ], [ 38.7073, -3.0315 ], [ 38.6652, -3.0393 ], [ 38.6613, -3.0288 ], [ 38.6427, -3.0127 ], [ 38.6083, -3.0064 ], [ 38.6082, -2.9946 ], [ 38.594, -2.9991 ], [ 38.5835, -2.9872 ], [ 38.5595, -2.986 ], [ 38.5381, -2.9734 ], [ 38.5177, -2.9745 ], [ 38.4981, -2.9558 ], [ 38.4923, -2.9557 ], [ 38.4874, -2.9364 ], [ 38.4759, -2.9363 ], [ 38.4613, -2.8968 ], [ 38.4508, -2.8936 ], [ 38.4543, -2.8811 ], [ 38.4438, -2.8795 ], [ 38.4457, -2.8688 ], [ 38.4381, -2.8637 ], [ 38.4385, -2.856 ], [ 38.428, -2.8499 ], [ 38.4314, -2.8416 ], [ 38.4267, -2.8195 ], [ 38.4181, -2.8118 ], [ 38.4232, -2.7958 ], [ 38.4321, -2.7875 ], [ 38.392, -2.6981 ], [ 38.3823, -2.6634 ], [ 38.3669, -2.6499 ], [ 38.3678, -2.6423 ], [ 38.362, -2.6368 ], [ 38.3474, -2.5892 ], [ 38.3388, -2.5852 ], [ 38.3315, -2.5629 ], [ 38.3381, -2.5552 ], [ 38.3224, -2.5476 ], [ 38.3215, -2.5294 ], [ 38.3122, -2.5119 ], [ 38.3121, -2.5021 ], [ 38.3021, -2.4981 ], [ 38.2969, -2.4874 ], [ 38.2884, -2.4831 ], [ 38.2744, -2.4245 ], [ 38.2526, -2.4207 ], [ 38.2321, -2.402 ], [ 38.2226, -2.3993 ], [ 38.2111, -2.3553 ], [ 38.1978, -2.3532 ], [ 38.1882, -2.3397 ], [ 38.1737, -2.3381 ], [ 38.1474, -2.3211 ], [ 38.1274, -2.322 ], [ 38.1171, -2.3138 ], [ 38.1155, -2.3029 ], [ 38.1092, -2.3002 ], [ 38.1116, -2.2862 ], [ 38.1014, -2.2815 ], [ 38.0975, -2.273 ], [ 38.0874, -2.272 ], [ 38.0833, -2.2616 ], [ 38.0753, -2.2609 ], [ 38.069, -2.2248 ], [ 38.0633, -2.2217 ], [ 38.0704, -2.2139 ], [ 38.0602, -2.2069 ], [ 38.0546, -2.1864 ], [ 38.0482, -2.1801 ], [ 38.0485, -2.1686 ], [ 38.0277, -2.1619 ], [ 38.0205, -2.1467 ], [ 37.9698, -2.1669 ], [ 37.9648, -2.1649 ], [ 37.9631, -2.1426 ], [ 37.9537, -2.1326 ], [ 37.9598, -2.1015 ], [ 37.9593, -2.0644 ], [ 37.9511, -2.0369 ], [ 37.939, -2.0329 ], [ 37.9439, -2.0231 ], [ 37.939, -2.0195 ], [ 37.9412, -2.011 ], [ 37.9362, -2.008 ], [ 37.9375, -2.0016 ], [ 37.9286, -1.9958 ], [ 37.9302, -1.9906 ], [ 37.9139, -1.9546 ], [ 37.9168, -1.9483 ], [ 37.9094, -1.9328 ], [ 37.9187, -1.9028 ], [ 37.9058, -1.9023 ], [ 37.9014, -1.863 ], [ 37.8873, -1.8584 ], [ 37.8849, -1.8497 ], [ 37.8926, -1.8384 ], [ 37.8489, -1.798 ], [ 37.8395, -1.78 ], [ 37.8407, -1.767 ], [ 37.8506, -1.7693 ], [ 37.856, -1.754 ], [ 37.845, -1.7232 ], [ 37.8454, -1.7126 ], [ 37.8348, -1.7091 ], [ 37.8376, -1.6897 ], [ 37.8324, -1.6886 ], [ 37.831, -1.6808 ], [ 37.8198, -1.68 ], [ 37.8211, -1.6648 ], [ 37.8013, -1.6478 ], [ 37.8009, -1.6345 ], [ 37.7844, -1.6115 ], [ 37.7727, -1.5835 ], [ 37.7602, -1.5762 ], [ 37.7501, -1.5541 ], [ 37.7423, -1.5531 ], [ 37.7346, -1.5444 ], [ 37.7141, -1.5099 ], [ 37.7015, -1.508 ], [ 37.6948, -1.4978 ], [ 37.7072, -1.4888 ], [ 37.7326, -1.4961 ], [ 37.7739, -1.4864 ], [ 37.7812, -1.4706 ], [ 37.7977, -1.4556 ], [ 37.8198, -1.4463 ], [ 37.8128, -1.4388 ], [ 37.8047, -1.3935 ], [ 37.7987, -1.3961 ], [ 37.7906, -1.376 ], [ 37.7813, -1.3717 ], [ 37.776, -1.36 ], [ 37.7657, -1.3545 ], [ 37.7448, -1.3565 ], [ 37.7381, -1.3418 ], [ 37.7327, -1.3413 ], [ 37.7241, -1.3223 ], [ 37.7251, -1.3135 ], [ 37.7136, -1.2985 ], [ 37.7139, -1.2904 ], [ 37.7085, -1.2891 ], [ 37.7026, -1.2717 ], [ 37.6966, -1.268 ], [ 37.6886, -1.2395 ], [ 37.6756, -1.2314 ], [ 37.6497, -1.1969 ], [ 37.6243, -1.1472 ], [ 37.6111, -1.1403 ], [ 37.6056, -1.1423 ], [ 37.5977, -1.1312 ], [ 37.5957, -1.0868 ], [ 37.7336, -1.08 ], [ 37.7939, -1.125 ], [ 37.8014, -1.1173 ], [ 37.808, -1.0922 ], [ 37.8188, -1.0802 ], [ 37.8206, -1.0708 ], [ 37.832, -1.0677 ], [ 37.8483, -1.0417 ], [ 37.8512, -1.0032 ], [ 37.8462, -0.9947 ], [ 37.8655, -0.9827 ], [ 37.8623, -0.9784 ], [ 37.868, -0.9778 ], [ 37.8677, -0.9735 ], [ 37.8622, -0.9738 ], [ 37.864, -0.9689 ], [ 37.8446, -0.9642 ], [ 37.8511, -0.959 ], [ 37.8541, -0.9623 ], [ 37.8515, -0.9503 ], [ 37.8463, -0.9473 ], [ 37.8511, -0.9331 ], [ 37.8416, -0.9277 ], [ 37.8427, -0.9198 ], [ 37.8375, -0.9202 ], [ 37.8386, -0.9098 ], [ 37.8331, -0.9126 ], [ 37.8369, -0.9052 ], [ 37.8183, -0.8998 ], [ 37.8243, -0.8908 ], [ 37.8198, -0.8826 ], [ 37.8274, -0.8722 ], [ 37.8262, -0.8666 ], [ 37.8318, -0.8641 ], [ 37.8284, -0.8607 ], [ 37.833, -0.8575 ], [ 37.831, -0.8536 ], [ 37.8447, -0.8421 ], [ 37.8406, -0.8353 ], [ 37.8491, -0.8325 ], [ 37.8475, -0.8213 ], [ 37.843, -0.8185 ], [ 37.8448, -0.8111 ], [ 37.8842, -0.8072 ], [ 37.8795, -0.7921 ], [ 37.8844, -0.7816 ], [ 37.893, -0.7793 ], [ 37.8908, -0.7671 ], [ 37.9029, -0.758 ], [ 37.9159, -0.7287 ], [ 37.9116, -0.7075 ], [ 37.9074, -0.7113 ], [ 37.8996, -0.7089 ], [ 37.904, -0.6853 ], [ 37.8949, -0.6811 ], [ 37.8972, -0.6698 ], [ 37.8928, -0.6522 ], [ 37.8935, -0.6452 ], [ 37.9228, -0.6247 ], [ 37.9013, -0.6015 ], [ 37.9023, -0.5976 ], [ 37.8835, -0.5827 ], [ 37.8878, -0.56 ], [ 37.8825, -0.5349 ], [ 37.9137, -0.4667 ], [ 37.9313, -0.4443 ], [ 37.9359, -0.4282 ], [ 37.9513, -0.4254 ], [ 37.9649, -0.4108 ], [ 37.9745, -0.3764 ], [ 37.9682, -0.3629 ], [ 37.9781, -0.3542 ], [ 37.9717, -0.3448 ], [ 37.9857, -0.3239 ], [ 37.9795, -0.3108 ], [ 37.9923, -0.287 ], [ 37.9942, -0.2723 ], [ 37.9994, -0.2642 ], [ 38.0236, -0.2667 ], [ 38.0471, -0.2761 ], [ 38.1143, -0.2767 ], [ 38.1369, -0.2556 ], [ 38.1431, -0.2412 ], [ 38.1513, -0.2413 ], [ 38.1637, -0.2329 ], [ 38.1657, -0.2196 ], [ 38.1827, -0.1899 ], [ 38.1861, -0.1535 ], [ 38.2069, -0.1427 ], [ 38.2073, -0.1292 ], [ 38.2217, -0.1048 ], [ 38.2477, -0.088 ], [ 38.2731, -0.0956 ], [ 38.276, -0.0885 ], [ 38.2867, -0.087 ], [ 38.289, -0.0797 ], [ 38.3007, -0.0707 ], [ 38.3085, -0.0557 ], [ 38.3047, -0.0546 ], [ 38.3126, -0.0519 ], [ 38.3277, -0.0676 ], [ 38.339, -0.0624 ], [ 38.3485, -0.0639 ], [ 38.3833, -0.0872 ], [ 38.3923, -0.0742 ], [ 38.4057, -0.0761 ], [ 38.4193, -0.0702 ], [ 38.8131, -0.7391 ], [ 38.9617, -1.0523 ] ] ] } },
{ "type": "Feature", "properties": { "county": "Kwale", "area_km2": 8383.6675970987308 }, "geometry": { "type": "Polygon", "coordinates": [ [ [ 39.5882, -4.0676 ], [ 39.5754, -4.0868 ], [ 39.5787, -4.0821 ], [ 39.5847, -4.1031 ], [ 39.5751, -4.1199 ], [ 39.5959, -4.1137 ], [ 39.6001, -4.108 ], [ 39.5985, -4.1003 ], [ 39.6083, -4.0873 ], [ 39.6377, -4.1182 ], [ 39.6263, -4.1416 ], [ 39.6446, -4.1535 ], [ 39.6143, -4.2032 ], [ 39.5971, -4.2585 ], [ 39.599, -4.2701 ], [ 39.571, -4.3307 ], [ 39.5496, -4.3921 ], [ 39.541, -4.4351 ], [ 39.5337, -4.4387 ], [ 39.5335, -4.4287 ], [ 39.5293, -4.4299 ], [ 39.5246, -4.419 ], [ 39.5151, -4.4221 ], [ 39.5096, -4.4412 ], [ 39.5032, -4.4437 ], [ 39.5071, -4.4468 ], [ 39.5004, -4.4446 ], [ 39.5001, -4.4654 ], [ 39.481, -4.4829 ], [ 39.4724, -4.5013 ], [ 39.4624, -4.5338 ], [ 39.466, -4.5446 ], [ 39.4565, -4.5621 ], [ 39.4532, -4.5838 ], [ 39.4446, -4.5857 ], [ 39.4426, -4.5921 ], [ 39.4362, -4.5901 ], [ 39.4354, -4.5718 ], [ 39.4271, -4.5599 ], [ 39.4315, -4.551 ], [ 39.4401, -4.5507 ], [ 39.4368, -4.5474 ], [ 39.4474, -4.5332 ], [ 39.4485, -4.526 ], [ 39.4435, -4.5357 ], [ 39.4393, -4.5332 ], [ 39.4285, -4.5329 ], [ 39.4418, -4.5385 ], [ 39.4263, -4.5493 ], [ 39.4224, -4.5585 ], [ 39.4182, -4.5524 ], [ 39.4129, -4.5504 ], [ 39.4113, -4.5546 ], [ 39.4182, -4.5532 ], [ 39.4246, -4.5651 ], [ 39.424, -4.5696 ], [ 39.4179, -4.5674 ], [ 39.4224, -4.5729 ], [ 39.4174, -4.5807 ], [ 39.4024, -4.5901 ], [ 39.3943, -4.5774 ], [ 39.3985, -4.5868 ], [ 39.3949, -4.6032 ], [ 39.4007, -4.6088 ], [ 39.3982, -4.619 ], [ 39.4026, -4.6232 ], [ 39.4124, -4.6212 ], [ 39.4129, -4.6346 ], [ 39.4046, -4.6465 ], [ 39.3885, -4.6499 ], [ 39.3546, -4.6407 ], [ 39.3282, -4.6465 ], [ 39.3054, -4.6388 ], [ 39.306, -4.616 ], [ 39.3104, -4.6132 ], [ 39.3063, -4.6121 ], [ 39.3049, -4.5968 ], [ 39.314, -4.5801 ], [ 39.2982, -4.5996 ], [ 39.2929, -4.5796 ], [ 39.2965, -4.5987 ], [ 39.2871, -4.6185 ], [ 39.2807, -4.6154 ], [ 39.2813, -4.5937 ], [ 39.2768, -4.5968 ], [ 39.2704, -4.5868 ], [ 39.2593, -4.5885 ], [ 39.2715, -4.5901 ], [ 39.2779, -4.6018 ], [ 39.2757, -4.6254 ], [ 39.2654, -4.6274 ], [ 39.2671, -4.6168 ], [ 39.2629, -4.6235 ], [ 39.2579, -4.621 ], [ 39.2532, -4.6276 ], [ 39.2513, -4.6243 ], [ 39.249, -4.6351 ], [ 39.2365, -4.6349 ], [ 39.2465, -4.6424 ], [ 39.2393, -4.6457 ], [ 39.2368, -4.661 ], [ 39.2313, -4.6587 ], [ 39.2193, -4.6758 ], [ 39.1979, -4.6661 ], [ 38.9645, -4.4984 ], [ 38.445, -4.1388 ], [ 38.9461, -3.9595 ], [ 39.0353, -3.7582 ], [ 38.9305, -3.6958 ], [ 38.9685, -3.6336 ], [ 39.0561, -3.6845 ], [ 39.0873, -3.5696 ], [ 39.2827, -3.5696 ], [ 39.3183, -3.5645 ], [ 39.3183, -3.5754 ], [ 39.3251, -3.5843 ], [ 39.3473, -3.5986 ], [ 39.3439, -3.6331 ], [ 39.3523, -3.64 ], [ 39.3567, -3.6536 ], [ 39.3531, -3.6886 ], [ 39.3473, -3.7015 ], [ 39.3635, -3.7338 ], [ 39.3763, -3.7405 ], [ 39.3919, -3.7387 ], [ 39.3951, -3.7536 ], [ 39.3917, -3.7675 ], [ 39.3835, -3.7714 ], [ 39.3897, -3.782 ], [ 39.3773, -3.7933 ], [ 39.3813, -3.7971 ], [ 39.3795, -3.8061 ], [ 39.3995, -3.8256 ], [ 39.4039, -3.8213 ], [ 39.4195, -3.8205 ], [ 39.4509, -3.8533 ], [ 39.4677, -3.8595 ], [ 39.4857, -3.8809 ], [ 39.4942, -3.8844 ], [ 39.5001, -3.9022 ], [ 39.5201, -3.9151 ], [ 39.5221, -3.9285 ], [ 39.5303, -3.9346 ], [ 39.5283, -3.9472 ], [ 39.5483, -3.9633 ], [ 39.5397, -3.9885 ], [ 39.5451, -3.9913 ], [ 39.5545, -3.9842 ], [ 39.5699, -3.9913 ], [ 39.5642, -4.0125 ], [ 39.5681, -4.02 ], [ 39.5862, -4.0291 ], [ 39.5851, -4.0368 ], [ 39.5732, -4.0257 ], [ 39.5663, -4.0257 ], [ 39.5657, -4.0371 ], [ 39.559, -4.0415 ], [ 39.566, -4.0382 ], [ 39.5685, -4.0262 ], [ 39.5807, -4.0349 ], [ 39.581, -4.0432 ], [ 39.5726, -4.041 ], [ 39.5665, -4.0468 ], [ 39.5749, -4.0685 ], [ 39.5882, -4.0676 ] ] ] } },
{ "type": "Feature", "properties": { "county": "Laikipia", "area_km2": 9524.3932727869924 }, "geometry": { "type": "Polygon", "coordinates": [ [ [ 37.1879, 0.0617 ], [ 37.1525, 0.0548 ], [ 37.1476, 0.0484 ], [ 37.1286, 0.0421 ], [ 37.1087, 0.0425 ], [ 37.0876, 0.0267 ], [ 37.1194, -0.0173 ], [ 37.1127, -0.0314 ], [ 37.0794, 0.0012 ], [ 37.0789, 0.0204 ], [ 37.0689, 0.0032 ], [ 37.0613, 0.0058 ], [ 37.0522, -0.0027 ], [ 37.0256, -0.0427 ], [ 36.9778, -0.0649 ], [ 36.9855, -0.1285 ], [ 37.0081, -0.1433 ], [ 37.0194, -0.1694 ], [ 37.0081, -0.2161 ], [ 37.0133, -0.2251 ], [ 37.0105, -0.236 ], [ 36.9886, -0.2503 ], [ 36.9983, -0.265 ], [ 36.9878, -0.2893 ], [ 36.8795, -0.2521 ], [ 36.8716, -0.2407 ], [ 36.8566, -0.2486 ], [ 36.8394, -0.1917 ], [ 36.8535, -0.1905 ], [ 36.8544, -0.186 ], [ 36.8661, -0.1809 ], [ 36.8656, -0.1747 ], [ 36.8717, -0.1699 ], [ 36.8588, -0.147 ], [ 36.861, -0.1365 ], [ 36.8315, -0.1283 ], [ 36.831, -0.0976 ], [ 36.7684, -0.1078 ], [ 36.7654, -0.1027 ], [ 36.7524, -0.114 ], [ 36.7168, -0.1224 ], [ 36.7115, -0.129 ], [ 36.6563, -0.1468 ], [ 36.635, -0.1002 ], [ 36.5725, -0.0973 ], [ 36.5618, -0.0825 ], [ 36.5551, -0.0839 ], [ 36.5607, -0.0697 ], [ 36.5513, -0.0631 ], [ 36.5557, -0.0482 ], [ 36.5824, -0.0149 ], [ 36.6505, -0.0097 ], [ 36.6371, 0.0209 ], [ 36.6034, 0.0095 ], [ 36.5936, 0.0298 ], [ 36.5913, 0.0491 ], [ 36.5772, 0.0743 ], [ 36.5235, 0.0544 ], [ 36.5115, 0.0931 ], [ 36.4652, 0.1442 ], [ 36.4459, 0.0992 ], [ 36.423, 0.0892 ], [ 36.4011, 0.062 ], [ 36.4248, 0.0488 ], [ 36.4003, 0.0426 ], [ 36.3997, 0.0343 ], [ 36.3905, 0.0404 ], [ 36.3899, 0.0338 ], [ 36.3529, 0.0218 ], [ 36.3474, 0.0381 ], [ 36.3279, 0.031 ], [ 36.3291, 0.0259 ], [ 36.3045, 0.0222 ], [ 36.3011, 0.0094 ], [ 36.2952, 0.0086 ], [ 36.2926, 0.0177 ], [ 36.2736, 0.0068 ], [ 36.2673, -0.0141 ], [ 36.2568, -0.0152 ], [ 36.2654, 0.0252 ], [ 36.269, 0.0259 ], [ 36.2564, 0.0623 ], [ 36.2711, 0.0938 ], [ 36.289, 0.1175 ], [ 36.2773, 0.1539 ], [ 36.2538, 0.1881 ], [ 36.265, 0.1908 ], [ 36.2886, 0.2118 ], [ 36.2966, 0.2405 ], [ 36.2918, 0.2585 ], [ 36.279, 0.2608 ], [ 36.2796, 0.2784 ], [ 36.265, 0.282 ], [ 36.2598, 0.2954 ], [ 36.24, 0.3194 ], [ 36.2257, 0.3249 ], [ 36.231, 0.34 ], [ 36.2477, 0.347 ], [ 36.2445, 0.3331 ], [ 36.2614, 0.3471 ], [ 36.2598, 0.3802 ], [ 36.2274, 0.4026 ], [ 36.2295, 0.4258 ], [ 36.2941, 0.5704 ], [ 36.2779, 0.637 ], [ 36.2891, 0.6507 ], [ 36.3474, 0.666 ], [ 36.4047, 0.7229 ], [ 36.4754, 0.8431 ], [ 36.4901, 0.8523 ], [ 36.4833, 0.8189 ], [ 36.6759, 0.8189 ], [ 36.6752, 0.8235 ], [ 36.7019, 0.8272 ], [ 36.7132, 0.8238 ], [ 36.7371, 0.8342 ], [ 36.7569, 0.8646 ], [ 36.7928, 0.8755 ], [ 36.8192, 0.86 ], [ 36.8192, 0.8467 ], [ 36.8331, 0.8193 ], [ 36.8344, 0.8065 ], [ 36.8442, 0.8003 ], [ 36.8413, 0.795 ], [ 36.865, 0.7428 ], [ 36.8866, 0.7399 ], [ 36.9026, 0.7454 ], [ 36.9078, 0.7357 ], [ 36.9148, 0.7328 ], [ 36.9187, 0.7421 ], [ 36.9315, 0.7468 ], [ 36.9235, 0.6669 ], [ 36.9217, 0.6621 ], [ 36.9139, 0.6623 ], [ 36.9089, 0.6343 ], [ 36.8973, 0.6309 ], [ 36.8873, 0.6107 ], [ 36.8841, 0.6129 ], [ 36.8675, 0.5967 ], [ 36.8645, 0.5737 ], [ 36.8677, 0.5713 ], [ 37.3683, 0.5143 ], [ 37.3687, 0.5093 ], [ 37.3598, 0.5019 ], [ 37.3601, 0.4777 ], [ 37.3499, 0.4617 ], [ 37.3485, 0.4478 ], [ 37.3533, 0.4145 ], [ 37.3663, 0.4045 ], [ 37.3701, 0.3847 ], [ 37.3786, 0.381 ], [ 37.3793, 0.3682 ], [ 37.392, 0.3593 ], [ 37.3947, 0.2951 ], [ 37.3857, 0.2775 ], [ 37.3759, 0.2747 ], [ 37.3723, 0.2653 ], [ 37.3611, 0.2563 ], [ 37.3666, 0.2542 ], [ 37.3637, 0.2407 ], [ 37.3577, 0.2387 ], [ 37.3479, 0.1955 ], [ 37.3367, 0.1939 ], [ 37.3395, 0.1835 ], [ 37.3197, 0.1831 ], [ 37.3081, 0.1779 ], [ 37.2827, 0.1522 ], [ 37.2809, 0.1299 ], [ 37.2525, 0.0967 ], [ 37.2461, 0.1089 ], [ 37.2351, 0.1045 ], [ 37.2301, 0.0791 ], [ 37.1879, 0.0617 ] ] ] } },
{ "type": "Feature", "properties": { "county": "Lamu", "area_km2": 6716.5010795204316 }, "geometry": { "type": "Polygon", "coordinates": [ [ [ 41.0585, -2.1415 ], [ 41.0457, -2.144 ], [ 41.0535, -2.1468 ], [ 41.0621, -2.1585 ], [ 41.0563, -2.1668 ], [ 41.0424, -2.1615 ], [ 41.0432, -2.1451 ], [ 41.0351, -2.1471 ], [ 41.0396, -2.1279 ], [ 41.0257, -2.1493 ], [ 41.0118, -2.1496 ], [ 41.0076, -2.1543 ], [ 40.9993, -2.1474 ], [ 41.0054, -2.1568 ], [ 41.0024, -2.1657 ], [ 40.9968, -2.1571 ], [ 40.9921, -2.1582 ], [ 40.999, -2.1815 ], [ 41.0068, -2.1812 ], [ 41.009, -2.1974 ], [ 41.0157, -2.2004 ], [ 41.0113, -2.209 ], [ 41.0001, -2.2096 ], [ 40.9899, -2.2007 ], [ 40.9874, -2.179 ], [ 40.9799, -2.1724 ], [ 40.9787, -2.186 ], [ 40.9763, -2.1804 ], [ 40.9732, -2.1865 ], [ 40.9682, -2.1857 ], [ 40.9749, -2.1776 ], [ 40.9674, -2.1729 ], [ 40.9604, -2.1504 ], [ 40.9643, -2.1399 ], [ 40.971, -2.1385 ], [ 40.9724, -2.1424 ], [ 40.9696, -2.1315 ], [ 40.9674, -2.131 ], [ 40.9718, -2.111 ], [ 40.9874, -2.1046 ], [ 41.0024, -2.0912 ], [ 41.0076, -2.0946 ], [ 41.0421, -2.081 ], [ 41.061, -2.064 ], [ 41.066, -2.0654 ], [ 41.0643, -2.0554 ], [ 41.076, -2.0529 ], [ 41.0865, -2.0418 ], [ 41.1232, -2.0462 ], [ 41.136, -2.0557 ], [ 41.144, -2.0715 ], [ 41.1563, -2.0735 ], [ 41.1662, -2.081 ], [ 41.171, -2.0929 ], [ 41.159, -2.0976 ], [ 41.1679, -2.0965 ], [ 41.1732, -2.106 ], [ 41.146, -2.1287 ], [ 41.126, -2.1299 ], [ 41.1279, -2.1215 ], [ 41.1357, -2.1168 ], [ 41.1246, -2.1118 ], [ 41.1204, -2.1021 ], [ 41.1221, -2.1121 ], [ 41.1279, -2.114 ], [ 41.119, -2.1265 ], [ 41.114, -2.1235 ], [ 41.1154, -2.1363 ], [ 41.1113, -2.1404 ], [ 41.0926, -2.1437 ], [ 41.079, -2.1396 ], [ 41.0785, -2.1324 ], [ 41.0585, -2.1415 ] ] ] } },
{ "type": "Feature", "properties": { "county": "Machakos", "area_km2": 6033.4774368493318 }, "geometry": { "type": "Polygon", "coordinates": [ [ [ 37.386, -1.646 ], [ 37.4122, -1.6891 ], [ 37.3736, -1.7049 ], [ 37.3575, -1.7069 ], [ 37.3314, -1.6981 ], [ 37.2881, -1.7115 ], [ 37.2893, -1.6984 ], [ 37.265, -1.6803 ], [ 37.2721, -1.6681 ], [ 37.2523, -1.6355 ], [ 37.2514, -1.5919 ], [ 37.2319, -1.5889 ], [ 37.175, -1.6169 ], [ 37.1919, -1.6527 ], [ 37.1966, -1.7199 ], [ 37.1764, -1.7536 ], [ 37.1529, -1.7775 ], [ 37.1585, -1.764 ], [ 37.1488, -1.7592 ], [ 37.1479, -1.7382 ], [ 37.141, -1.7357 ], [ 37.1322, -1.7425 ], [ 37.1114, -1.733 ], [ 37.0065, -1.5927 ], [ 37.0004, -1.5973 ], [ 36.9908, -1.5849 ], [ 36.996, -1.581 ], [ 36.9776, -1.5531 ], [ 36.9662, -1.5533 ], [ 36.9572, -1.5423 ], [ 36.9627, -1.5108 ], [ 36.9743, -1.4987 ], [ 36.9708, -1.4893 ], [ 36.9776, -1.4748 ], [ 36.9416, -1.4526 ], [ 36.9224, -1.4569 ], [ 36.8887, -1.4838 ], [ 36.8841, -1.4847 ], [ 36.8783, -1.476 ], [ 36.8899, -1.4123 ], [ 36.9314, -1.4305 ], [ 36.9558, -1.435 ], [ 36.961, -1.4421 ], [ 36.9621, -1.4364 ], [ 36.9477, -1.4213 ], [ 36.9421, -1.4012 ], [ 36.9227, -1.392 ], [ 36.9056, -1.3618 ], [ 36.9339, -1.3364 ], [ 36.9658, -1.3518 ], [ 36.9836, -1.3125 ], [ 36.9738, -1.2872 ], [ 36.9948, -1.2791 ], [ 37.0019, -1.2984 ], [ 37.026, -1.2895 ], [ 37.0756, -1.3013 ], [ 37.0724, -1.2925 ], [ 37.0765, -1.2826 ], [ 37.0972, -1.2707 ], [ 37.1007, -1.273 ], [ 37.1021, -1.2582 ], [ 37.1094, -1.2571 ], [ 37.1093, -1.2449 ], [ 37.119, -1.245 ], [ 37.1206, -1.2327 ], [ 37.1358, -1.2309 ], [ 37.1406, -1.2239 ], [ 37.1544, -1.2193 ], [ 37.1528, -1.2075 ], [ 37.1596, -1.2033 ], [ 37.1556, -1.1932 ], [ 37.166, -1.1863 ], [ 37.1825, -1.1626 ], [ 37.1807, -1.1506 ], [ 37.1869, -1.1314 ], [ 37.1754, -1.1134 ], [ 37.2113, -1.078 ], [ 37.2323, -1.0734 ], [ 37.2496, -1.0777 ], [ 37.2625, -1.0676 ], [ 37.2814, -1.0651 ], [ 37.3018, -1.0745 ], [ 37.3425, -1.1168 ], [ 37.3877, -1.0573 ], [ 37.4211, -1.0339 ], [ 37.4061, -1.008 ], [ 37.3625, -0.9837 ], [ 37.3383, -0.9813 ], [ 37.3355, -0.9765 ], [ 37.3463, -0.9766 ], [ 37.3667, -0.9641 ], [ 37.3546, -0.9434 ], [ 37.3426, -0.9577 ], [ 37.3351, -0.9557 ], [ 37.3277, -0.9404 ], [ 37.3168, -0.944 ], [ 37.3146, -0.9361 ], [ 37.3256, -0.9301 ], [ 37.3197, -0.9157 ], [ 37.2822, -0.8928 ], [ 37.2527, -0.8572 ], [ 37.2416, -0.8615 ], [ 37.2252, -0.8521 ], [ 37.2332, -0.8371 ], [ 37.2584, -0.8374 ], [ 37.2626, -0.7915 ], [ 37.2674, -0.7852 ], [ 37.2876, -0.7825 ], [ 37.3063, -0.8007 ], [ 37.3051, -0.8118 ], [ 37.3132, -0.817 ], [ 37.3199, -0.8345 ], [ 37.3263, -0.8338 ], [ 37.3235, -0.8383 ], [ 37.3273, -0.8417 ], [ 37.3638, -0.8429 ], [ 37.3769, -0.8488 ], [ 37.3801, -0.8557 ], [ 37.3857, -0.8501 ], [ 37.3979, -0.8546 ], [ 37.4125, -0.8484 ], [ 37.4132, -0.8598 ], [ 37.4269, -0.8648 ], [ 37.4429, -0.8611 ], [ 37.4472, -0.869 ], [ 37.4741, -0.8741 ], [ 37.4715, -0.884 ], [ 37.4766, -0.891 ], [ 37.4951, -0.9024 ], [ 37.5026, -0.8989 ], [ 37.515, -0.902 ], [ 37.5187, -0.9161 ], [ 37.5331, -0.9116 ], [ 37.5322, -0.8956 ], [ 37.5453, -0.8827 ], [ 37.5509, -0.8844 ], [ 37.5589, -0.8751 ], [ 37.5647, -0.8808 ], [ 37.5872, -0.8782 ], [ 37.5914, -0.8709 ], [ 37.5869, -0.8663 ], [ 37.5891, -0.8627 ], [ 37.6008, -0.8627 ], [ 37.6049, -0.8551 ], [ 37.6263, -0.8518 ], [ 37.6292, -0.8385 ], [ 37.6353, -0.8386 ], [ 37.64, -0.8455 ], [ 37.6461, -0.842 ], [ 37.6646, -0.8462 ], [ 37.6741, -0.8257 ], [ 37.6815, -0.8226 ], [ 37.6815, -0.7958 ], [ 37.6905, -0.7967 ], [ 37.6985, -0.7844 ], [ 37.7066, -0.7815 ], [ 37.7242, -0.7804 ], [ 37.7322, -0.7745 ], [ 37.7439, -0.7792 ], [ 37.7573, -0.8238 ], [ 37.788, -0.8227 ], [ 37.8056, -0.8017 ], [ 37.8084, -0.8152 ], [ 37.819, -0.8044 ], [ 37.8286, -0.8056 ], [ 37.8336, -0.8137 ], [ 37.8381, -0.8094 ], [ 37.8448, -0.8111 ], [ 37.843, -0.8185 ], [ 37.8475, -0.8213 ], [ 37.8491, -0.8325 ], [ 37.8408, -0.835 ], [ 37.8447, -0.8421 ], [ 37.831, -0.8536 ], [ 37.833, -0.8575 ], [ 37.8284, -0.8607 ], [ 37.8318, -0.8641 ], [ 37.8262, -0.8666 ], [ 37.8274, -0.8722 ], [ 37.8198, -0.8826 ], [ 37.8243, -0.8908 ], [ 37.8183, -0.8998 ], [ 37.8369, -0.9052 ], [ 37.8331, -0.9126 ], [ 37.8386, -0.9098 ], [ 37.8375, -0.9202 ], [ 37.8427, -0.9198 ], [ 37.8416, -0.9277 ], [ 37.847, -0.9285 ], [ 37.8523, -0.938 ], [ 37.8468, -0.9402 ], [ 37.8463, -0.9473 ], [ 37.8515, -0.9503 ], [ 37.8541, -0.9623 ], [ 37.8511, -0.959 ], [ 37.8445, -0.964 ], [ 37.864, -0.9689 ], [ 37.8622, -0.9738 ], [ 37.8677, -0.9735 ], [ 37.868, -0.9778 ], [ 37.8623, -0.9784 ], [ 37.8655, -0.9827 ], [ 37.8462, -0.9947 ], [ 37.8512, -1.0032 ], [ 37.8483, -1.0417 ], [ 37.832, -1.0677 ], [ 37.8206, -1.0708 ], [ 37.8188, -1.0802 ], [ 37.808, -1.0922 ], [ 37.801, -1.1179 ], [ 37.7939, -1.125 ], [ 37.7336, -1.08 ], [ 37.5957, -1.0868 ], [ 37.5977, -1.1312 ], [ 37.6056, -1.1423 ], [ 37.6111, -1.1403 ], [ 37.6243, -1.1472 ], [ 37.6497, -1.1969 ], [ 37.6756, -1.2314 ], [ 37.6886, -1.2395 ], [ 37.6966, -1.268 ], [ 37.7026, -1.2717 ], [ 37.7085, -1.2891 ], [ 37.7139, -1.2904 ], [ 37.7136, -1.2985 ], [ 37.7251, -1.3135 ], [ 37.7241, -1.3223 ], [ 37.7327, -1.3413 ], [ 37.7381, -1.3418 ], [ 37.7448, -1.3565 ], [ 37.7657, -1.3545 ], [ 37.776, -1.36 ], [ 37.7813, -1.3717 ], [ 37.7906, -1.376 ], [ 37.7987, -1.3961 ], [ 37.8047, -1.3935 ], [ 37.8128, -1.4388 ], [ 37.8198, -1.4463 ], [ 37.7977, -1.4556 ], [ 37.7812, -1.4706 ], [ 37.7739, -1.4864 ], [ 37.7326, -1.4961 ], [ 37.7072, -1.4888 ], [ 37.6948, -1.4978 ], [ 37.7015, -1.508 ], [ 37.7141, -1.5099 ], [ 37.7346, -1.5444 ], [ 37.7423, -1.5531 ], [ 37.7501, -1.5541 ], [ 37.7538, -1.5662 ], [ 37.7362, -1.5749 ], [ 37.7322, -1.581 ], [ 37.7363, -1.5845 ], [ 37.735, -1.5925 ], [ 37.719, -1.6085 ], [ 37.7113, -1.6046 ], [ 37.7011, -1.584 ], [ 37.6898, -1.5879 ], [ 37.6858, -1.5843 ], [ 37.6905, -1.5995 ], [ 37.6883, -1.617 ], [ 37.661, -1.6449 ], [ 37.6445, -1.6146 ], [ 37.6415, -1.5865 ], [ 37.6314, -1.5893 ], [ 37.6175, -1.5657 ], [ 37.5993, -1.5612 ], [ 37.5981, -1.5511 ], [ 37.574, -1.5651 ], [ 37.5761, -1.5578 ], [ 37.5567, -1.5577 ], [ 37.5633, -1.5517 ], [ 37.5508, -1.5481 ], [ 37.5552, -1.5409 ], [ 37.5505, -1.5369 ], [ 37.5443, -1.5408 ], [ 37.5221, -1.5382 ], [ 37.5162, -1.5262 ], [ 37.5053, -1.5275 ], [ 37.4866, -1.5152 ], [ 37.4756, -1.5165 ], [ 37.4745, -1.5208 ], [ 37.4594, -1.5187 ], [ 37.4484, -1.5291 ], [ 37.4388, -1.5278 ], [ 37.435, -1.5318 ], [ 37.3991, -1.5202 ], [ 37.3793, -1.519 ], [ 37.3651, -1.5352 ], [ 37.3605, -1.5328 ], [ 37.3541, -1.5471 ], [ 37.3351, -1.5599 ], [ 37.3424, -1.5723 ], [ 37.364, -1.5898 ], [ 37.386, -1.646 ] ] ] } },
{ "type": "Feature", "properties": { "county": "Makueni", "area_km2": 8176.0989891769887 }, "geometry": { "type": "Polygon", "coordinates": [ [ [ 38.3121, -2.5021 ], [ 38.3226, -2.5479 ], [ 38.3383, -2.5555 ], [ 38.3315, -2.5629 ], [ 38.3388, -2.5852 ], [ 38.3474, -2.5892 ], [ 38.362, -2.6368 ], [ 38.3678, -2.6423 ], [ 38.3669, -2.6499 ], [ 38.3823, -2.6634 ], [ 38.392, -2.6981 ], [ 38.4321, -2.7877 ], [ 38.4232, -2.7958 ], [ 38.4181, -2.8118 ], [ 38.4267, -2.8195 ], [ 38.4314, -2.8416 ], [ 38.428, -2.8499 ], [ 38.4385, -2.856 ], [ 38.4381, -2.8637 ], [ 38.4457, -2.8688 ], [ 38.4437, -2.8793 ], [ 38.4544, -2.8813 ], [ 38.4507, -2.8934 ], [ 38.4613, -2.8968 ], [ 38.476, -2.9365 ], [ 38.4874, -2.9364 ], [ 38.4923, -2.9557 ], [ 38.4981, -2.9558 ], [ 38.5194, -2.9747 ], [ 38.514, -2.9834 ], [ 38.4928, -2.984 ], [ 38.4887, -2.9776 ], [ 38.4582, -2.9912 ], [ 38.4475, -2.971 ], [ 38.4087, -2.927 ], [ 38.3929, -2.926 ], [ 38.3619, -2.898 ], [ 38.3187, -2.8327 ], [ 38.2579, -2.7576 ], [ 38.1847, -2.7028 ], [ 38.1625, -2.693 ], [ 38.1613, -2.6792 ], [ 38.1533, -2.6982 ], [ 38.1287, -2.6981 ], [ 38.1183, -2.7047 ], [ 38.1153, -2.7126 ], [ 37.9744, -2.7874 ], [ 37.9372, -2.7705 ], [ 37.9298, -2.7629 ], [ 37.9263, -2.7496 ], [ 37.9301, -2.7218 ], [ 37.9244, -2.7087 ], [ 37.9208, -2.7042 ], [ 37.9011, -2.7015 ], [ 37.8926, -2.6747 ], [ 37.8789, -2.6609 ], [ 37.8497, -2.6039 ], [ 37.5962, -2.312 ], [ 37.6042, -2.3114 ], [ 37.6124, -2.2976 ], [ 37.6184, -2.2978 ], [ 37.6218, -2.3044 ], [ 37.6309, -2.3014 ], [ 37.6318, -2.294 ], [ 37.6461, -2.2993 ], [ 37.6483, -2.2915 ], [ 37.6552, -2.2875 ], [ 37.6699, -2.288 ], [ 37.667, -2.2809 ], [ 37.6722, -2.2793 ], [ 37.6733, -2.2675 ], [ 37.6785, -2.2643 ], [ 37.6749, -2.228 ], [ 37.6837, -2.2241 ], [ 37.7059, -2.1947 ], [ 37.7243, -2.1915 ], [ 37.7236, -2.1881 ], [ 37.7076, -2.1816 ], [ 37.6991, -2.1643 ], [ 37.665, -2.1554 ], [ 37.6213, -2.161 ], [ 37.5925, -2.1528 ], [ 37.5646, -2.1268 ], [ 37.5452, -2.1252 ], [ 37.5438, -2.1151 ], [ 37.5336, -2.1058 ], [ 37.4786, -2.0839 ], [ 37.4759, -2.0908 ], [ 37.4624, -2.0854 ], [ 37.4651, -2.0788 ], [ 37.3818, -2.0223 ], [ 37.3646, -2.0221 ], [ 37.3645, -2.0138 ], [ 37.3589, -2.0113 ], [ 37.3141, -2.007 ], [ 37.2806, -1.994 ], [ 37.2657, -1.9581 ], [ 37.2556, -1.9568 ], [ 37.2363, -1.9353 ], [ 37.1871, -1.9334 ], [ 37.183, -1.9228 ], [ 37.1703, -1.9161 ], [ 37.1531, -1.8862 ], [ 37.1604, -1.8827 ], [ 37.1626, -1.8578 ], [ 37.1556, -1.8447 ], [ 37.142, -1.8387 ], [ 37.1488, -1.8311 ], [ 37.1436, -1.8276 ], [ 37.1457, -1.8186 ], [ 37.1413, -1.8116 ], [ 37.1525, -1.801 ], [ 37.1512, -1.7942 ], [ 37.1604, -1.7797 ], [ 37.1567, -1.7771 ], [ 37.1587, -1.772 ], [ 37.1764, -1.7536 ], [ 37.1966, -1.7199 ], [ 37.1919, -1.6527 ], [ 37.175, -1.6169 ], [ 37.2319, -1.5889 ], [ 37.2514, -1.5919 ], [ 37.2523, -1.6355 ], [ 37.2721, -1.6681 ], [ 37.265, -1.6803 ], [ 37.2893, -1.6984 ], [ 37.2881, -1.7115 ], [ 37.3314, -1.6981 ], [ 37.3575, -1.7069 ], [ 37.3848, -1.7017 ], [ 37.4131, -1.6878 ], [ 37.4078, -1.684 ], [ 37.4005, -1.6623 ], [ 37.386, -1.646 ], [ 37.364, -1.5898 ], [ 37.3424, -1.5723 ], [ 37.3351, -1.5599 ], [ 37.3541, -1.5471 ], [ 37.3605, -1.5328 ], [ 37.3651, -1.5352 ], [ 37.3796, -1.5189 ], [ 37.3991, -1.5202 ], [ 37.435, -1.5318 ], [ 37.4388, -1.5278 ], [ 37.4484, -1.5291 ], [ 37.4594, -1.5187 ], [ 37.4745, -1.5208 ], [ 37.4756, -1.5165 ], [ 37.4866, -1.5152 ], [ 37.5053, -1.5275 ], [ 37.5162, -1.5262 ], [ 37.5221, -1.5382 ], [ 37.5443, -1.5408 ], [ 37.5505, -1.5369 ], [ 37.5552, -1.5409 ], [ 37.5508, -1.5481 ], [ 37.5633, -1.5517 ], [ 37.5567, -1.5577 ], [ 37.5761, -1.5578 ], [ 37.574, -1.5651 ], [ 37.5981, -1.5511 ], [ 37.5993, -1.5612 ], [ 37.6175, -1.5657 ], [ 37.6314, -1.5893 ], [ 37.6415, -1.5865 ], [ 37.6445, -1.6146 ], [ 37.6606, -1.6449 ], [ 37.6684, -1.6416 ], [ 37.6883, -1.617 ], [ 37.6905, -1.5995 ], [ 37.6858, -1.5843 ], [ 37.6898, -1.5879 ], [ 37.7011, -1.584 ], [ 37.7113, -1.6046 ], [ 37.719, -1.6085 ], [ 37.735, -1.5925 ], [ 37.7363, -1.5845 ], [ 37.7322, -1.581 ], [ 37.7362, -1.5749 ], [ 37.7538, -1.5662 ], [ 37.764, -1.5801 ], [ 37.7727, -1.5836 ], [ 37.7844, -1.6115 ], [ 37.8008, -1.6343 ], [ 37.8046, -1.6528 ], [ 37.821, -1.6647 ], [ 37.8199, -1.6801 ], [ 37.831, -1.6808 ], [ 37.8324, -1.6886 ], [ 37.8376, -1.6896 ], [ 37.8348, -1.7091 ], [ 37.8454, -1.7126 ], [ 37.845, -1.7232 ], [ 37.856, -1.754 ], [ 37.8506, -1.7693 ], [ 37.8407, -1.767 ], [ 37.8395, -1.78 ], [ 37.8489, -1.798 ], [ 37.8926, -1.8384 ], [ 37.8849, -1.8497 ], [ 37.8873, -1.8584 ], [ 37.9014, -1.863 ], [ 37.9058, -1.9023 ], [ 37.9187, -1.9028 ], [ 37.9094, -1.9328 ], [ 37.9168, -1.9483 ], [ 37.9139, -1.9546 ], [ 37.9302, -1.9906 ], [ 37.9286, -1.9958 ], [ 37.9375, -2.0016 ], [ 37.9362, -2.008 ], [ 37.9412, -2.011 ], [ 37.939, -2.0195 ], [ 37.9439, -2.0231 ], [ 37.939, -2.0329 ], [ 37.9511, -2.0369 ], [ 37.9593, -2.0644 ], [ 37.9598, -2.1015 ], [ 37.9537, -2.1326 ], [ 37.9631, -2.1426 ], [ 37.9648, -2.1649 ], [ 37.9698, -2.1669 ], [ 38.0205, -2.1467 ], [ 38.0277, -2.1619 ], [ 38.0487, -2.1688 ], [ 38.0482, -2.1801 ], [ 38.0546, -2.1864 ], [ 38.0602, -2.2069 ], [ 38.0704, -2.2139 ], [ 38.0633, -2.2217 ], [ 38.069, -2.2248 ], [ 38.0759, -2.2618 ], [ 38.0833, -2.2616 ], [ 38.0874, -2.272 ], [ 38.0975, -2.273 ], [ 38.1014, -2.2815 ], [ 38.1116, -2.2862 ], [ 38.1092, -2.3004 ], [ 38.1153, -2.3026 ], [ 38.1167, -2.3133 ], [ 38.1264, -2.3216 ], [ 38.1474, -2.3211 ], [ 38.1737, -2.3381 ], [ 38.1882, -2.3397 ], [ 38.1978, -2.3532 ], [ 38.2116, -2.3557 ], [ 38.2226, -2.3993 ], [ 38.2321, -2.402 ], [ 38.2526, -2.4207 ], [ 38.2744, -2.4245 ], [ 38.2884, -2.4831 ], [ 38.2969, -2.4874 ], [ 38.3021, -2.4981 ], [ 38.3121, -2.5021 ] ] ] } },
{ "type": "Feature", "properties": { "county": "Mandera", "area_km2": 25779.227063165003 }, "geometry": { "type": "Polygon", "coordinates": [ [ [ 40.9854, 2.7849 ], [ 40.9869, 2.2289 ], [ 40.9786, 2.1784 ], [ 40.9651, 2.1761 ], [ 40.9437, 2.1773 ], [ 40.9003, 2.2029 ], [ 40.8673, 2.2357 ], [ 40.8573, 2.2627 ], [ 40.8329, 2.2881 ], [ 40.8233, 2.2923 ], [ 40.8011, 2.2917 ], [ 40.7745, 2.3141 ], [ 40.7409, 2.3133 ], [ 40.7225, 2.3253 ], [ 40.7105, 2.3491 ], [ 40.6763, 2.3761 ], [ 40.6749, 2.3837 ], [ 40.6655, 2.3911 ], [ 40.6617, 2.4283 ], [ 40.6411, 2.4371 ], [ 40.6135, 2.4643 ], [ 40.6033, 2.4819 ], [ 40.6037, 2.4927 ], [ 40.5915, 2.5031 ], [ 40.5969, 2.5131 ], [ 40.5793, 2.5303 ], [ 40.5793, 2.5497 ], [ 40.5581, 2.5787 ], [ 40.5599, 2.5891 ], [ 40.5491, 2.6023 ], [ 40.5499, 2.6111 ], [ 40.5357, 2.6529 ], [ 40.5269, 2.6661 ], [ 40.5213, 2.6919 ], [ 40.4999, 2.7201 ], [ 40.5199, 2.7403 ], [ 40.5207, 2.7761 ], [ 40.5035, 2.7843 ], [ 40.5021, 2.7955 ], [ 40.4943, 2.7999 ], [ 40.5031, 2.8103 ], [ 40.4955, 2.8191 ], [ 40.4991, 2.8343 ], [ 40.4947, 2.8391 ], [ 40.4973, 2.8515 ], [ 40.4931, 2.8687 ], [ 40.2701, 2.9717 ], [ 40.2681, 2.9805 ], [ 40.2639, 2.9803 ], [ 40.1699, 3.0907 ], [ 40.0335, 3.2373 ], [ 39.7859, 3.3399 ], [ 39.7853, 3.6603 ], [ 39.7826, 3.6579 ], [ 39.7792, 3.6865 ], [ 39.8619, 3.8641 ], [ 40.1908, 4.0361 ], [ 40.2309, 4.0463 ], [ 40.3726, 4.1025 ], [ 40.3846, 4.101 ], [ 40.3998, 4.1159 ], [ 40.4396, 4.1341 ], [ 40.649, 4.2211 ], [ 40.7211, 4.2454 ], [ 40.7752, 4.2772 ], [ 40.7922, 4.2699 ], [ 40.881, 4.1854 ], [ 40.9369, 4.1483 ], [ 40.9814, 4.0925 ], [ 41.0418, 4.05 ], [ 41.057, 4.0264 ], [ 41.1127, 3.9869 ], [ 41.1463, 3.9764 ], [ 41.1721, 3.9617 ], [ 41.1917, 3.9599 ], [ 41.2151, 3.9749 ], [ 41.332, 3.9592 ], [ 41.4721, 3.9561 ], [ 41.4972, 3.9611 ], [ 41.5558, 3.9557 ], [ 41.5784, 3.961 ], [ 41.6774, 3.9666 ], [ 41.6976, 3.9721 ], [ 41.7245, 3.9696 ], [ 41.7673, 3.9804 ], [ 41.7988, 3.975 ], [ 41.8589, 3.9867 ], [ 41.9007, 3.9853 ], [ 41.9262, 4.0023 ], [ 41.9131, 3.9908 ], [ 41.9069, 3.978 ], [ 41.8991, 3.9755 ], [ 41.8602, 3.9127 ], [ 41.6614, 3.6392 ], [ 41.3281, 3.1586 ], [ 40.9921, 2.8297 ], [ 40.9866, 2.8194 ], [ 40.9854, 2.7849 ] ] ] } },
{ "type": "Feature", "properties": { "county": "Marsabit", "area_km2": 75774.892109380555 }, "geometry": { "type": "Polygon", "coordinates": [ [ [ 38.9612, 2.0998 ], [ 38.3847, 1.7619 ], [ 38.3415, 1.5787 ], [ 37.9464, 1.2636 ], [ 37.9515, 1.3875 ], [ 37.8535, 1.4593 ], [ 37.8428, 1.4294 ], [ 37.8259, 1.4244 ], [ 37.8177, 1.4268 ], [ 37.7951, 1.4184 ], [ 37.7828, 1.4232 ], [ 37.7782, 1.4156 ], [ 37.763, 1.4179 ], [ 37.7478, 1.417 ], [ 37.7364, 1.4108 ], [ 37.7136, 1.4118 ], [ 37.6852, 1.403 ], [ 37.6769, 1.4073 ], [ 37.6587, 1.3989 ], [ 37.654, 1.4048 ], [ 37.6242, 1.3873 ], [ 37.6229, 1.3815 ], [ 37.6112, 1.3789 ], [ 37.5989, 1.3952 ], [ 37.5883, 1.372 ], [ 37.5823, 1.3691 ], [ 37.5823, 1.376 ], [ 37.5706, 1.3924 ], [ 37.5571, 1.3994 ], [ 37.4755, 1.5493 ], [ 37.3589, 1.7296 ], [ 37.3053, 1.7517 ], [ 37.2739, 1.8697 ], [ 37.2343, 1.8719 ], [ 37.2195, 1.8915 ], [ 37.1715, 1.9273 ], [ 37.1637, 1.9411 ], [ 37.1613, 1.9643 ], [ 37.1223, 1.9673 ], [ 37.0753, 1.9825 ], [ 37.0115, 1.9845 ], [ 36.9977, 1.9997 ], [ 36.9475, 2.0269 ], [ 36.9175, 2.0187 ], [ 36.9218, 2.0605 ], [ 36.9189, 2.1014 ], [ 36.9119, 2.1049 ], [ 36.9138, 2.1264 ], [ 36.9016, 2.1573 ], [ 36.8949, 2.1927 ], [ 36.8646, 2.2545 ], [ 36.8447, 2.2749 ], [ 36.7597, 2.5155 ], [ 36.7155, 2.5083 ], [ 36.7002, 2.5126 ], [ 36.7037, 2.4793 ], [ 36.6987, 2.4543 ], [ 36.6855, 2.4578 ], [ 36.6717, 2.4446 ], [ 36.6569, 2.4193 ], [ 36.6479, 2.4133 ], [ 36.6445, 2.4175 ], [ 36.6395, 2.3937 ], [ 36.64, 2.4097 ], [ 36.6356, 2.4045 ], [ 36.6243, 2.4146 ], [ 36.6197, 2.3991 ], [ 36.6083, 2.3957 ], [ 36.6024, 2.4096 ], [ 36.593, 2.4173 ], [ 36.5866, 2.4113 ], [ 36.5682, 2.4086 ], [ 36.5604, 2.4006 ], [ 36.5412, 2.4088 ], [ 36.5244, 2.451 ], [ 36.5295, 2.4735 ], [ 36.5302, 2.5264 ], [ 36.5248, 2.5304 ], [ 36.5149, 2.5605 ], [ 36.4935, 2.5761 ], [ 36.4729, 2.6093 ], [ 36.4535, 2.6129 ], [ 36.4383, 2.6341 ], [ 36.4339, 2.683 ], [ 36.4473, 2.7095 ], [ 36.4293, 2.723 ], [ 36.4213, 2.7405 ], [ 36.4187, 2.7675 ], [ 36.3963, 2.8039 ], [ 36.3807, 2.8431 ], [ 36.3609, 2.8652 ], [ 36.3467, 2.8673 ], [ 36.2998, 2.8924 ], [ 36.2827, 2.8964 ], [ 36.2691, 2.9148 ], [ 36.2548, 2.9704 ], [ 36.2549, 2.9561 ], [ 36.2477, 2.9507 ], [ 36.2331, 2.9585 ], [ 36.2227, 2.9563 ], [ 36.2031, 2.9623 ], [ 36.1927, 2.9691 ], [ 36.1341, 2.9685 ], [ 36.1374, 2.9843 ], [ 36.13, 2.9792 ], [ 36.1296, 2.9854 ], [ 36.1239, 2.9849 ], [ 36.1276, 3.0075 ], [ 36.1364, 3.018 ], [ 36.1407, 3.0365 ], [ 36.1409, 3.0725 ], [ 36.1473, 3.0741 ], [ 36.1527, 3.0865 ], [ 36.1495, 3.1347 ], [ 36.1385, 3.1515 ], [ 36.1505, 3.1907 ], [ 36.1517, 3.2147 ], [ 36.1441, 3.2227 ], [ 36.1379, 3.2087 ], [ 36.1109, 3.2207 ], [ 36.0741, 3.2259 ], [ 36.0521, 3.2385 ], [ 36.0521, 4.4492 ], [ 36.2094, 4.4448 ], [ 36.2441, 4.4547 ], [ 36.2651, 4.4436 ], [ 36.3972, 4.4392 ], [ 36.4539, 4.4431 ], [ 36.5428, 4.4397 ], [ 36.6169, 4.4498 ], [ 36.6403, 4.4499 ], [ 36.6564, 4.44 ], [ 36.8388, 4.444 ], [ 36.9497, 4.4042 ], [ 36.9561, 4.3967 ], [ 36.9697, 4.3945 ], [ 37.0394, 4.3617 ], [ 37.0848, 4.3255 ], [ 37.1042, 4.2988 ], [ 37.1237, 4.2828 ], [ 37.1614, 4.2702 ], [ 37.2481, 4.2175 ], [ 37.5097, 4.0466 ], [ 37.5537, 4.0123 ], [ 37.631, 3.9625 ], [ 37.6371, 3.9531 ], [ 37.9002, 3.7777 ], [ 38.0025, 3.7222 ], [ 38.0139, 3.7022 ], [ 38.0449, 3.6695 ], [ 38.0968, 3.6314 ], [ 38.1203, 3.6085 ], [ 38.1885, 3.618 ], [ 38.4372, 3.6013 ], [ 38.4488, 3.6265 ], [ 38.4762, 3.6109 ], [ 38.5174, 3.6263 ], [ 38.5136, 3.647 ], [ 38.5328, 3.6527 ], [ 38.552, 3.6235 ], [ 38.5532, 3.6126 ], [ 38.5724, 3.6034 ], [ 38.5961, 3.6045 ], [ 38.6097, 3.6111 ], [ 38.6104, 3.6038 ], [ 38.6624, 3.5949 ], [ 38.6706, 3.6092 ], [ 38.6704, 3.6198 ], [ 38.6779, 3.6215 ], [ 38.7124, 3.5691 ], [ 38.8959, 3.5115 ], [ 38.9469, 3.5129 ], [ 38.9627, 3.5282 ], [ 38.9832, 3.5203 ], [ 39.0017, 3.5209 ], [ 39.0153, 3.5128 ], [ 39.0242, 3.5219 ], [ 39.0468, 3.5215 ], [ 39.0808, 3.5386 ], [ 39.0929, 3.534 ], [ 39.1065, 3.5191 ], [ 39.1349, 3.5106 ], [ 39.2005, 3.4791 ], [ 39.2799, 3.4729 ], [ 39.3082, 3.4773 ], [ 39.3077, 3.4696 ], [ 39.3143, 3.4688 ], [ 39.303, 3.4556 ], [ 39.3001, 3.4294 ], [ 39.3126, 3.4079 ], [ 39.328, 3.2886 ], [ 39.3382, 3.2784 ], [ 39.342, 3.2508 ], [ 39.3453, 3.0707 ], [ 39.2897, 3.0375 ], [ 39.2455, 2.9855 ], [ 39.2174, 2.978 ], [ 39.2003, 2.9665 ], [ 39.1939, 2.9565 ], [ 39.1517, 2.9545 ], [ 39.1383, 2.9385 ], [ 39.1249, 2.9369 ], [ 39.1121, 2.8841 ], [ 39.0673, 2.8831 ], [ 39.0701, 2.8039 ], [ 39.0625, 2.7383 ], [ 39.0511, 2.7213 ], [ 39.0485, 2.7035 ], [ 39.0371, 2.6921 ], [ 39.0037, 2.6103 ], [ 38.9789, 2.5691 ], [ 38.8881, 2.5437 ], [ 38.9023, 2.4781 ], [ 38.9283, 2.4081 ], [ 38.9357, 2.3147 ], [ 38.9257, 2.2819 ], [ 38.9376, 2.2143 ], [ 38.936, 2.1666 ], [ 38.9537, 2.1101 ], [ 38.9612, 2.0998 ] ] ] } },
{ "type": "Feature", "properties": { "county": "Meru", "area_km2": 6981.697667930247 }, "geometry": { "type": "Polygon", "coordinates": [ [ [ 37.7689, -0.1506 ], [ 37.7526, -0.1782 ], [ 37.7373, -0.1872 ], [ 37.7389, -0.1914 ], [ 37.7315, -0.1988 ], [ 37.6839, -0.2072 ], [ 37.6661, -0.2053 ], [ 37.6441, -0.213 ], [ 37.5799, -0.1801 ], [ 37.3128, -0.1503 ], [ 37.1362, -0.0328 ], [ 37.1326, -0.0235 ], [ 37.1129, -0.0115 ], [ 37.0876, 0.0267 ], [ 37.1087, 0.0425 ], [ 37.1292, 0.0423 ], [ 37.1476, 0.0484 ], [ 37.1525, 0.0548 ], [ 37.1871, 0.0611 ], [ 37.2201, 0.0733 ], [ 37.2325, 0.0815 ], [ 37.2351, 0.1045 ], [ 37.2461, 0.1089 ], [ 37.2525, 0.0967 ], [ 37.2809, 0.1299 ], [ 37.2827, 0.1522 ], [ 37.2911, 0.1619 ], [ 37.3141, 0.1809 ], [ 37.3395, 0.1835 ], [ 37.3367, 0.1939 ], [ 37.3479, 0.1955 ], [ 37.3577, 0.2387 ], [ 37.3637, 0.2407 ], [ 37.3666, 0.2542 ], [ 37.3611, 0.2563 ], [ 37.3743, 0.2719 ], [ 37.3795, 0.2705 ], [ 37.3999, 0.2849 ], [ 37.4009, 0.2963 ], [ 37.4301, 0.2981 ], [ 37.5362, 0.2643 ], [ 37.5471, 0.2799 ], [ 37.5467, 0.3113 ], [ 37.5553, 0.3289 ], [ 37.5817, 0.3289 ], [ 37.5953, 0.3389 ], [ 37.6049, 0.3539 ], [ 37.5983, 0.4029 ], [ 37.5851, 0.4021 ], [ 37.5823, 0.4115 ], [ 37.5817, 0.4607 ], [ 37.5867, 0.4805 ], [ 37.8263, 0.5631 ], [ 37.9017, 0.5965 ], [ 37.9025, 0.5921 ], [ 37.9017, 0.5967 ], [ 38.0625, 0.6711 ], [ 38.0945, 0.5641 ], [ 38.1623, 0.3687 ], [ 38.1583, 0.3695 ], [ 38.1621, 0.3685 ], [ 38.1765, 0.3309 ], [ 38.1957, 0.3221 ], [ 38.1921, 0.2345 ], [ 38.1991, 0.2257 ], [ 38.2297, 0.2163 ], [ 38.2447, 0.2067 ], [ 38.2619, 0.1923 ], [ 38.2665, 0.1819 ], [ 38.2963, 0.1597 ], [ 38.3085, 0.1101 ], [ 38.3181, 0.1069 ], [ 38.3205, 0.0985 ], [ 38.3275, 0.0957 ], [ 38.3249, 0.0745 ], [ 38.3393, 0.0681 ], [ 38.3381, 0.0625 ], [ 38.3491, 0.0594 ], [ 38.3441, 0.0465 ], [ 38.3575, 0.0369 ], [ 38.3535, 0.0305 ], [ 38.3565, 0.0203 ], [ 38.4011, -0.017 ], [ 38.4065, -0.0436 ], [ 38.4131, -0.0514 ], [ 38.4107, -0.0637 ], [ 38.4193, -0.0689 ], [ 38.4089, -0.0755 ], [ 38.3923, -0.0742 ], [ 38.3887, -0.0833 ], [ 38.3805, -0.0865 ], [ 38.3485, -0.0639 ], [ 38.339, -0.0624 ], [ 38.3277, -0.0676 ], [ 38.3126, -0.0519 ], [ 38.3003, -0.0522 ], [ 38.3019, -0.0452 ], [ 38.2869, -0.027 ], [ 38.2547, -0.0171 ], [ 38.2461, -0.0215 ], [ 38.2307, -0.0097 ], [ 38.2208, 0.0116 ], [ 38.2046, 0.0172 ], [ 38.1917, 0.0143 ], [ 38.1621, 0.0273 ], [ 38.1357, 0.0487 ], [ 38.1113, 0.0541 ], [ 38.0889, 0.0417 ], [ 38.0813, 0.0287 ], [ 38.0741, 0.0317 ], [ 38.0697, 0.0245 ], [ 38.0595, 0.0243 ], [ 38.0409, 0.0297 ], [ 38.0183, 0.0589 ], [ 37.9983, 0.0669 ], [ 37.9815, 0.0676 ], [ 37.9857, 0.0443 ], [ 37.9751, 0.0479 ], [ 37.9695, 0.0559 ], [ 37.9525, 0.0535 ], [ 37.9101, 0.0167 ], [ 37.8897, 0.0122 ], [ 37.8875, 0.0017 ], [ 37.8961, -0.0039 ], [ 37.9289, 0.0031 ], [ 37.9351, -0.001 ], [ 37.9285, -0.0064 ], [ 37.9227, -0.0266 ], [ 37.9363, -0.0377 ], [ 37.9331, -0.0658 ], [ 37.8691, -0.1298 ], [ 37.8027, -0.184 ], [ 37.7958, -0.1841 ], [ 37.7971, -0.1712 ], [ 37.7847, -0.1581 ], [ 37.7689, -0.1506 ] ], [ [ 37.5388, 0.1583 ], [ 37.5369, 0.1557 ], [ 37.5373, 0.1545 ], [ 37.5388, 0.1583 ] ], [ [ 37.5509, 0.1444 ], [ 37.5547, 0.1351 ], [ 37.5553, 0.1342 ], [ 37.5509, 0.1444 ] ], [ [ 37.5649, 0.0677 ], [ 37.5549, 0.0745 ], [ 37.557, 0.0728 ], [ 37.5649, 0.0677 ] ] ] } },
{ "type": "Feature", "properties": { "county": "Migori", "area_km2": 3200.6209886944534 }, "geometry": { "type": "Polygon", "coordinates": [ [ [ 34.7325, -1.3902 ], [ 34.5964, -1.3128 ], [ 34.5923, -1.3155 ], [ 34.5646, -1.2949 ], [ 34.5652, -1.3002 ], [ 34.4968, -1.2613 ], [ 34.498, -1.2573 ], [ 34.4467, -1.2283 ], [ 34.4457, -1.2321 ], [ 34.2244, -1.103 ], [ 34.2235, -1.1075 ], [ 34.1909, -1.0894 ], [ 34.192, -1.0847 ], [ 34.1719, -1.0734 ], [ 34.1684, -1.076 ], [ 34.0775, -1.0262 ], [ 34.0631, -1.0315 ], [ 34.0627, -1.0379 ], [ 34.0539, -1.0454 ], [ 34.041, -1.0492 ], [ 34.0332, -1.0451 ], [ 34.0265, -1.0153 ], [ 34.0165, -1.004 ], [ 33.9312, -1.0042 ], [ 33.9309, -0.9932 ], [ 33.9457, -0.993 ], [ 33.9364, -0.8009 ], [ 34.0796, -0.8012 ], [ 34.0865, -0.7811 ], [ 34.1447, -0.7719 ], [ 34.1528, -0.7625 ], [ 34.1693, -0.7587 ], [ 34.1992, -0.7382 ], [ 34.2133, -0.7633 ], [ 34.2329, -0.7779 ], [ 34.2532, -0.8073 ], [ 34.2541, -0.8151 ], [ 34.2859, -0.8214 ], [ 34.32, -0.8613 ], [ 34.3368, -0.8581 ], [ 34.3397, -0.8513 ], [ 34.3692, -0.8475 ], [ 34.3721, -0.8406 ], [ 34.3821, -0.8422 ], [ 34.3941, -0.8238 ], [ 34.3868, -0.8107 ], [ 34.4288, -0.8311 ], [ 34.4643, -0.8589 ], [ 34.4643, -0.8321 ], [ 34.4855, -0.7824 ], [ 34.5327, -0.7356 ], [ 34.5341, -0.698 ], [ 34.5529, -0.6708 ], [ 34.5599, -0.6675 ], [ 34.5568, -0.6622 ], [ 34.5799, -0.6549 ], [ 34.5823, -0.6479 ], [ 34.5892, -0.6452 ], [ 34.6083, -0.6453 ], [ 34.6366, -0.657 ], [ 34.6419, -0.6993 ], [ 34.6281, -0.7262 ], [ 34.6216, -0.8177 ], [ 34.6252, -0.8238 ], [ 34.6208, -0.8366 ], [ 34.6099, -0.8378 ], [ 34.6103, -0.8529 ], [ 34.6174, -0.8669 ], [ 34.6143, -0.8833 ], [ 34.6236, -0.9188 ], [ 34.6231, -0.9406 ], [ 34.6316, -0.9591 ], [ 34.642, -0.9627 ], [ 34.5902, -1.0125 ], [ 34.5929, -1.0378 ], [ 34.6181, -1.0705 ], [ 34.6142, -1.0835 ], [ 34.633, -1.1322 ], [ 34.6269, -1.1513 ], [ 34.6546, -1.1717 ], [ 34.6529, -1.1814 ], [ 34.6712, -1.1931 ], [ 34.6724, -1.2056 ], [ 34.6867, -1.2053 ], [ 34.7325, -1.3902 ] ] ] } },
{ "type": "Feature", "properties": { "county": "Mombasa", "area_km2": 267.36438989578335 }, "geometry": { "type": "MultiPolygon", "coordinates": [ [ [ [ 39.6263, -4.1416 ], [ 39.6377, -4.1182 ], [ 39.6083, -4.0873 ], [ 39.5985, -4.1003 ], [ 39.6001, -4.108 ], [ 39.5959, -4.1137 ], [ 39.5751, -4.1199 ], [ 39.5847, -4.1031 ], [ 39.5788, -4.0818 ], [ 39.5913, -4.0743 ], [ 39.5932, -4.064 ], [ 39.6218, -4.0576 ], [ 39.6296, -4.0635 ], [ 39.6379, -4.0579 ], [ 39.6379, -4.051 ], [ 39.6457, -4.0738 ], [ 39.666, -4.0835 ], [ 39.6771, -4.0826 ], [ 39.6757, -4.0937 ], [ 39.6449, -4.1529 ], [ 39.6263, -4.1416 ] ] ], [ [ [ 39.6404, -4.0426 ], [ 39.5907, -4.0451 ], [ 39.5865, -4.0507 ], [ 39.5861, -4.029 ], [ 39.5681, -4.02 ], [ 39.5642, -4.0125 ], [ 39.5688, -3.9908 ], [ 39.5751, -3.9842 ], [ 39.5693, -3.975 ], [ 39.5827, -3.9699 ], [ 39.5995, -3.9499 ], [ 39.6093, -3.9589 ], [ 39.6217, -3.9557 ], [ 39.6267, -3.9631 ], [ 39.6491, -3.9583 ], [ 39.6461, -3.9503 ], [ 39.6531, -3.9442 ], [ 39.6485, -3.9405 ], [ 39.6499, -3.9355 ], [ 39.6395, -3.9292 ], [ 39.6425, -3.9253 ], [ 39.6685, -3.9183 ], [ 39.6897, -3.9236 ], [ 39.6969, -3.92 ], [ 39.6977, -3.9361 ], [ 39.7027, -3.9437 ], [ 39.7239, -3.9525 ], [ 39.7358, -3.9484 ], [ 39.7349, -3.9513 ], [ 39.764, -3.9618 ], [ 39.729, -4.0026 ], [ 39.7262, -4.0138 ], [ 39.7315, -4.0176 ], [ 39.7301, -4.0237 ], [ 39.7229, -4.0268 ], [ 39.7001, -4.0618 ], [ 39.6854, -4.0643 ], [ 39.6818, -4.0446 ], [ 39.6738, -4.0432 ], [ 39.6774, -4.0379 ], [ 39.6768, -4.0324 ], [ 39.6529, -4.0182 ], [ 39.6499, -4.0229 ], [ 39.6437, -4.0163 ], [ 39.6421, -4.0237 ], [ 39.6518, -4.0318 ], [ 39.6479, -4.0371 ], [ 39.6387, -4.0346 ], [ 39.6387, -4.0393 ], [ 39.6496, -4.0382 ], [ 39.6585, -4.0296 ], [ 39.6754, -4.0365 ], [ 39.6715, -4.0449 ], [ 39.679, -4.0474 ], [ 39.6751, -4.0529 ], [ 39.6829, -4.0721 ], [ 39.6729, -4.0796 ], [ 39.6629, -4.0779 ], [ 39.6476, -4.0613 ], [ 39.6404, -4.0426 ] ] ] ] } },
{ "type": "Feature", "properties": { "county": "Murang'a", "area_km2": 2526.1672366553212 }, "geometry": { "type": "Polygon", "coordinates": [ [ [ 37.2426, -1.019 ], [ 37.2312, -1.0118 ], [ 37.2134, -1.0292 ], [ 37.2045, -1.0289 ], [ 37.1922, -1.0367 ], [ 37.1767, -1.0275 ], [ 37.1738, -1.0383 ], [ 37.1545, -1.0473 ], [ 37.1327, -1.0421 ], [ 37.1241, -1.0475 ], [ 37.1075, -1.0298 ], [ 37.0884, -1.0281 ], [ 37.0686, -1.0197 ], [ 37.0704, -1.0131 ], [ 37.063, -1.0064 ], [ 37.0613, -1.0216 ], [ 37.0511, -1.0279 ], [ 37.039, -1.0256 ], [ 37.0324, -1.0226 ], [ 37.023, -1.0061 ], [ 36.9813, -0.9727 ], [ 36.9647, -0.9673 ], [ 36.9552, -0.9499 ], [ 36.9161, -0.9249 ], [ 36.9081, -0.9082 ], [ 36.8931, -0.9055 ], [ 36.8883, -0.8911 ], [ 36.8805, -0.8924 ], [ 36.8779, -0.887 ], [ 36.8641, -0.8846 ], [ 36.8592, -0.8772 ], [ 36.8317, -0.8682 ], [ 36.8251, -0.8592 ], [ 36.7711, -0.8267 ], [ 36.7507, -0.8273 ], [ 36.742, -0.8126 ], [ 36.7223, -0.8006 ], [ 36.7241, -0.7853 ], [ 36.7194, -0.7731 ], [ 36.7237, -0.7777 ], [ 36.7367, -0.7738 ], [ 36.7193, -0.7517 ], [ 36.7066, -0.6912 ], [ 36.7094, -0.6578 ], [ 36.7058, -0.6387 ], [ 36.7122, -0.6017 ], [ 36.7086, -0.5801 ], [ 36.7351, -0.5604 ], [ 36.7492, -0.565 ], [ 36.8013, -0.5626 ], [ 36.8092, -0.5651 ], [ 36.8116, -0.5756 ], [ 36.8382, -0.5887 ], [ 36.8462, -0.5882 ], [ 36.8613, -0.601 ], [ 36.8767, -0.6006 ], [ 36.8856, -0.6055 ], [ 36.9137, -0.6042 ], [ 36.9874, -0.5701 ], [ 36.9943, -0.572 ], [ 36.9972, -0.58 ], [ 37.016, -0.5796 ], [ 37.0261, -0.586 ], [ 37.0489, -0.59 ], [ 37.0593, -0.6057 ], [ 37.0676, -0.6055 ], [ 37.0855, -0.6191 ], [ 37.0993, -0.6219 ], [ 37.1015, -0.6325 ], [ 37.1203, -0.6408 ], [ 37.139, -0.6328 ], [ 37.1529, -0.636 ], [ 37.1547, -0.6312 ], [ 37.1685, -0.6304 ], [ 37.1724, -0.6364 ], [ 37.169, -0.6437 ], [ 37.1793, -0.6535 ], [ 37.1786, -0.6619 ], [ 37.2012, -0.6588 ], [ 37.2141, -0.685 ], [ 37.2256, -0.6678 ], [ 37.2378, -0.6624 ], [ 37.2437, -0.7059 ], [ 37.2487, -0.7056 ], [ 37.2564, -0.7197 ], [ 37.2511, -0.7185 ], [ 37.2506, -0.723 ], [ 37.2577, -0.725 ], [ 37.2576, -0.7329 ], [ 37.2658, -0.7419 ], [ 37.2629, -0.7456 ], [ 37.2703, -0.7531 ], [ 37.2603, -0.7493 ], [ 37.2554, -0.7559 ], [ 37.2674, -0.7852 ], [ 37.2626, -0.7915 ], [ 37.2584, -0.8374 ], [ 37.2332, -0.8371 ], [ 37.2252, -0.8521 ], [ 37.2416, -0.8615 ], [ 37.2527, -0.8572 ], [ 37.2822, -0.8928 ], [ 37.3197, -0.9157 ], [ 37.3256, -0.9301 ], [ 37.3146, -0.9361 ], [ 37.3168, -0.944 ], [ 37.3277, -0.9404 ], [ 37.3351, -0.9557 ], [ 37.3426, -0.9577 ], [ 37.3546, -0.9434 ], [ 37.3667, -0.9641 ], [ 37.3463, -0.9766 ], [ 37.3355, -0.9765 ], [ 37.3383, -0.9813 ], [ 37.3625, -0.9837 ], [ 37.4061, -1.008 ], [ 37.4211, -1.0299 ], [ 37.3877, -1.0533 ], [ 37.3626, -1.0894 ], [ 37.3478, -1.0862 ], [ 37.3389, -1.0738 ], [ 37.3343, -1.0767 ], [ 37.3254, -1.0726 ], [ 37.3149, -1.0585 ], [ 37.3108, -1.0615 ], [ 37.2645, -1.0117 ], [ 37.2426, -1.019 ] ] ] } },
{ "type": "Feature", "properties": { "county": "Nairobi", "area_km2": 712.25801809230052 }, "geometry": { "type": "Polygon", "coordinates": [ [ [ 36.8927, -1.4108 ], [ 36.8498, -1.3943 ], [ 36.8432, -1.3843 ], [ 36.8282, -1.3855 ], [ 36.8197, -1.379 ], [ 36.8057, -1.387 ], [ 36.7937, -1.3829 ], [ 36.7829, -1.3868 ], [ 36.7489, -1.3824 ], [ 36.728, -1.3725 ], [ 36.7022, -1.3495 ], [ 36.6928, -1.3506 ], [ 36.6789, -1.326 ], [ 36.6749, -1.3278 ], [ 36.6635, -1.3173 ], [ 36.6891, -1.2796 ], [ 36.6901, -1.2652 ], [ 36.6968, -1.2614 ], [ 36.6937, -1.2539 ], [ 36.7005, -1.2559 ], [ 36.7026, -1.2518 ], [ 36.7184, -1.2566 ], [ 36.7287, -1.2281 ], [ 36.7467, -1.2307 ], [ 36.7567, -1.2125 ], [ 36.7783, -1.2203 ], [ 36.791, -1.1889 ], [ 36.8333, -1.212 ], [ 36.8301, -1.2036 ], [ 36.8492, -1.2113 ], [ 36.8507, -1.2009 ], [ 36.8597, -1.2005 ], [ 36.8629, -1.1882 ], [ 36.8725, -1.1941 ], [ 36.8989, -1.191 ], [ 36.8877, -1.1712 ], [ 36.8978, -1.1584 ], [ 36.9196, -1.16 ], [ 36.9418, -1.1731 ], [ 36.9124, -1.2051 ], [ 36.9314, -1.2201 ], [ 36.9568, -1.2271 ], [ 36.9844, -1.2208 ], [ 36.9915, -1.2228 ], [ 36.9951, -1.2303 ], [ 37.0107, -1.234 ], [ 37.0145, -1.2265 ], [ 37.0222, -1.2249 ], [ 37.0379, -1.21 ], [ 37.0627, -1.2027 ], [ 37.0803, -1.2349 ], [ 37.0882, -1.2311 ], [ 37.0948, -1.2423 ], [ 37.0862, -1.2462 ], [ 37.1034, -1.2619 ], [ 37.1007, -1.273 ], [ 37.0972, -1.2707 ], [ 37.085, -1.2763 ], [ 37.0823, -1.2826 ], [ 37.0773, -1.2815 ], [ 37.0724, -1.2925 ], [ 37.0756, -1.3013 ], [ 37.026, -1.2895 ], [ 37.0019, -1.2984 ], [ 36.9948, -1.2791 ], [ 36.9738, -1.2872 ], [ 36.9836, -1.3125 ], [ 36.9658, -1.3518 ], [ 36.9339, -1.3364 ], [ 36.9056, -1.3618 ], [ 36.9227, -1.392 ], [ 36.9421, -1.4012 ], [ 36.9477, -1.4213 ], [ 36.9621, -1.4364 ], [ 36.961, -1.4421 ], [ 36.9558, -1.435 ], [ 36.9314, -1.4305 ], [ 36.8899, -1.4123 ], [ 36.8927, -1.4108 ] ] ] } },
{ "type": "Feature", "properties": { "county": "Nakuru", "area_km2": 7475.6700969229378 }, "geometry": { "type": "Polygon", "coordinates": [ [ [ 36.537, -1.1488 ], [ 36.4935, -1.1151 ], [ 36.3356, -1.0408 ], [ 36.2638, -0.9085 ], [ 36.2057, -0.9278 ], [ 36.1948, -0.9091 ], [ 36.1855, -0.9087 ], [ 36.1895, -0.9017 ], [ 36.1695, -0.8649 ], [ 36.1583, -0.8313 ], [ 36.1883, -0.7982 ], [ 36.1908, -0.7783 ], [ 36.1835, -0.7726 ], [ 36.1928, -0.7599 ], [ 36.1615, -0.7389 ], [ 36.1538, -0.7085 ], [ 36.1438, -0.7052 ], [ 36.1427, -0.7091 ], [ 36.0999, -0.6706 ], [ 36.0974, -0.6333 ], [ 36.0281, -0.6728 ], [ 36.0117, -0.6571 ], [ 35.9458, -0.7074 ], [ 35.9303, -0.6992 ], [ 35.9301, -0.6893 ], [ 35.8931, -0.6432 ], [ 35.8783, -0.6444 ], [ 35.8762, -0.6317 ], [ 35.9161, -0.6295 ], [ 35.9508, -0.6598 ], [ 35.9826, -0.6248 ], [ 35.947, -0.5507 ], [ 35.9045, -0.5399 ], [ 35.8902, -0.5195 ], [ 35.8321, -0.4885 ], [ 35.8391, -0.4675 ], [ 35.8364, -0.4606 ], [ 35.8145, -0.4702 ], [ 35.813, -0.4522 ], [ 35.7982, -0.4505 ], [ 35.7735, -0.5313 ], [ 35.7405, -0.5239 ], [ 35.7237, -0.542 ], [ 35.7111, -0.5471 ], [ 35.7117, -0.571 ], [ 35.6927, -0.5951 ], [ 35.6845, -0.6165 ], [ 35.6812, -0.6453 ], [ 35.6655, -0.6612 ], [ 35.664, -0.6731 ], [ 35.6531, -0.6787 ], [ 35.646, -0.6953 ], [ 35.6422, -0.6951 ], [ 35.6288, -0.6777 ], [ 35.6106, -0.6664 ], [ 35.5984, -0.6491 ], [ 35.5872, -0.5831 ], [ 35.4139, -0.2969 ], [ 35.4707, -0.2723 ], [ 35.5048, -0.2633 ], [ 35.5255, -0.2646 ], [ 35.5291, -0.2545 ], [ 35.5723, -0.2772 ], [ 35.5693, -0.2983 ], [ 35.581, -0.3031 ], [ 35.5944, -0.2714 ], [ 35.6046, -0.2883 ], [ 35.6113, -0.2837 ], [ 35.6198, -0.2888 ], [ 35.6311, -0.2825 ], [ 35.6315, -0.2709 ], [ 35.6502, -0.2605 ], [ 35.6581, -0.2296 ], [ 35.6561, -0.2012 ], [ 35.6619, -0.1997 ], [ 35.6642, -0.1888 ], [ 35.675, -0.183 ], [ 35.6661, -0.1792 ], [ 35.6704, -0.1577 ], [ 35.6541, -0.1588 ], [ 35.6516, -0.1497 ], [ 35.6409, -0.1442 ], [ 35.6255, -0.1446 ], [ 35.6105, -0.1529 ], [ 35.6045, -0.1485 ], [ 35.5971, -0.1236 ], [ 35.5989, -0.1165 ], [ 35.6121, -0.1127 ], [ 35.6126, -0.105 ], [ 35.6231, -0.0972 ], [ 35.6142, -0.0856 ], [ 35.6152, -0.0783 ], [ 35.6248, -0.0737 ], [ 35.6397, -0.055 ], [ 35.6579, -0.0456 ], [ 35.6671, -0.0437 ], [ 35.6523, -0.0724 ], [ 35.6889, -0.0684 ], [ 35.6934, -0.103 ], [ 35.7298, -0.1513 ], [ 35.7228, -0.1673 ], [ 35.7243, -0.1989 ], [ 35.772, -0.1882 ], [ 35.7904, -0.157 ], [ 35.7905, -0.1061 ], [ 35.8071, -0.0932 ], [ 35.8221, -0.1124 ], [ 35.8773, -0.0297 ], [ 35.8944, -0.0456 ], [ 35.9004, -0.0426 ], [ 35.9171, -0.0763 ], [ 35.9289, -0.071 ], [ 35.9278, -0.0649 ], [ 35.9497, -0.0457 ], [ 35.9603, -0.0194 ], [ 35.9707, -0.0085 ], [ 35.9786, 0.0191 ], [ 35.9764, 0.0266 ], [ 35.9302, 0.075 ], [ 35.9406, 0.101 ], [ 35.9621, 0.092 ], [ 35.9664, 0.0832 ], [ 35.9657, 0.0621 ], [ 36.0, 0.0656 ], [ 36.0069, 0.036 ], [ 36.042, 0.0257 ], [ 36.0539, 0.009 ], [ 36.0936, -0.0059 ], [ 36.1136, 0.0109 ], [ 36.1063, 0.0664 ], [ 36.128, 0.0645 ], [ 36.1483, 0.1907 ], [ 36.1999, 0.2067 ], [ 36.1981, 0.2234 ], [ 36.1849, 0.2275 ], [ 36.1807, 0.2348 ], [ 36.2026, 0.24 ], [ 36.2361, 0.215 ], [ 36.2773, 0.1539 ], [ 36.289, 0.1175 ], [ 36.2711, 0.0938 ], [ 36.2564, 0.0623 ], [ 36.269, 0.0259 ], [ 36.2654, 0.0252 ], [ 36.2466, -0.0539 ], [ 36.2506, -0.0538 ], [ 36.2515, -0.078 ], [ 36.2467, -0.1117 ], [ 36.2277, -0.1084 ], [ 36.2285, -0.1005 ], [ 36.2207, -0.0992 ], [ 36.2194, -0.1069 ], [ 36.2008, -0.1302 ], [ 36.2118, -0.1972 ], [ 36.2242, -0.2045 ], [ 36.2371, -0.2235 ], [ 36.2461, -0.2486 ], [ 36.2128, -0.2635 ], [ 36.2249, -0.3401 ], [ 36.2286, -0.3475 ], [ 36.2317, -0.3374 ], [ 36.246, -0.3407 ], [ 36.2629, -0.3364 ], [ 36.2758, -0.3864 ], [ 36.293, -0.3673 ], [ 36.3116, -0.3627 ], [ 36.3139, -0.3798 ], [ 36.3343, -0.3827 ], [ 36.3601, -0.372 ], [ 36.3648, -0.3893 ], [ 36.378, -0.398 ], [ 36.3792, -0.4164 ], [ 36.3862, -0.4213 ], [ 36.3896, -0.4405 ], [ 36.3856, -0.4504 ], [ 36.3953, -0.4684 ], [ 36.3969, -0.4956 ], [ 36.4027, -0.4999 ], [ 36.4004, -0.5099 ], [ 36.4056, -0.518 ], [ 36.4003, -0.5301 ], [ 36.407, -0.5467 ], [ 36.403, -0.5665 ], [ 36.4312, -0.5659 ], [ 36.4514, -0.5596 ], [ 36.456, -0.6058 ], [ 36.4679, -0.6205 ], [ 36.5061, -0.6169 ], [ 36.5119, -0.6045 ], [ 36.5123, -0.6149 ], [ 36.5203, -0.6199 ], [ 36.5162, -0.6262 ], [ 36.5247, -0.6317 ], [ 36.5266, -0.6388 ], [ 36.5212, -0.647 ], [ 36.5441, -0.6907 ], [ 36.5207, -0.7046 ], [ 36.5303, -0.7226 ], [ 36.5616, -0.8358 ], [ 36.5523, -0.849 ], [ 36.5545, -0.8666 ], [ 36.5442, -0.9018 ], [ 36.5542, -0.9202 ], [ 36.5726, -0.9257 ], [ 36.5615, -0.9329 ], [ 36.5788, -0.9406 ], [ 36.5877, -0.9587 ], [ 36.5873, -0.9721 ], [ 36.6001, -0.9872 ], [ 36.5878, -1.0365 ], [ 36.5912, -1.0579 ], [ 36.5699, -1.0965 ], [ 36.5672, -1.0944 ], [ 36.5445, -1.1207 ], [ 36.537, -1.1488 ] ] ] } },
{ "type": "Feature", "properties": { "county": "Nandi", "area_km2": 2830.2271043098381 }, "geometry": { "type": "Polygon", "coordinates": [ [ [ 35.4369, 0.0233 ], [ 35.4136, 0.0093 ], [ 35.4044, -0.0172 ], [ 35.4241, -0.072 ], [ 35.401, -0.081 ], [ 35.3719, -0.1033 ], [ 35.3395, -0.1017 ], [ 35.3077, -0.0795 ], [ 35.2788, -0.0927 ], [ 35.2265, -0.0997 ], [ 35.2268, -0.0609 ], [ 35.2211, -0.0299 ], [ 35.194, -0.0194 ], [ 35.1615, -0.0241 ], [ 35.1587, -0.0309 ], [ 35.1502, -0.0326 ], [ 35.1024, 0.0019 ], [ 35.1036, -0.0169 ], [ 35.0958, -0.0239 ], [ 35.0926, -0.0385 ], [ 35.0743, -0.0488 ], [ 35.0662, -0.0626 ], [ 35.0595, -0.0478 ], [ 35.0071, -0.0477 ], [ 35.0076, -0.0228 ], [ 34.9885, -0.0131 ], [ 34.9884, -0.0176 ], [ 34.9641, -0.0263 ], [ 34.9568, -0.0199 ], [ 34.9524, -0.0204 ], [ 34.9544, -0.0243 ], [ 34.9233, -0.0302 ], [ 34.9195, -0.0269 ], [ 34.922, -0.0196 ], [ 34.8276, -0.0218 ], [ 34.8081, -0.0156 ], [ 34.8101, -0.0 ], [ 34.8314, 0.0301 ], [ 34.819, 0.0275 ], [ 34.804, 0.0151 ], [ 34.7862, -0.0011 ], [ 34.7808, -0.0125 ], [ 34.7643, -0.0105 ], [ 34.751, -0.0279 ], [ 34.7411, 0.0093 ], [ 34.7598, 0.0145 ], [ 34.7628, 0.0034 ], [ 34.7786, 0.0111 ], [ 34.7985, 0.03 ], [ 34.8089, 0.0276 ], [ 34.8093, 0.0334 ], [ 34.8206, 0.0392 ], [ 34.836, 0.0365 ], [ 34.8495, 0.0651 ], [ 34.8486, 0.0745 ], [ 34.8599, 0.0884 ], [ 34.8596, 0.1256 ], [ 34.882, 0.1425 ], [ 34.8829, 0.1481 ], [ 34.9141, 0.1603 ], [ 34.929, 0.2136 ], [ 34.9432, 0.2131 ], [ 34.9565, 0.2458 ], [ 34.9785, 0.2459 ], [ 34.9421, 0.3281 ], [ 34.9373, 0.362 ], [ 34.9487, 0.3583 ], [ 34.9553, 0.3759 ], [ 34.9566, 0.42 ], [ 34.9241, 0.4813 ], [ 34.9084, 0.4959 ], [ 34.907, 0.5097 ], [ 34.8521, 0.5518 ], [ 35.0454, 0.5672 ], [ 35.0996, 0.5446 ], [ 35.1046, 0.5616 ], [ 35.1093, 0.5541 ], [ 35.1332, 0.5478 ], [ 35.1408, 0.5411 ], [ 35.1567, 0.5436 ], [ 35.1667, 0.5517 ], [ 35.1598, 0.5094 ], [ 35.1418, 0.4777 ], [ 35.1502, 0.4611 ], [ 35.1771, 0.4247 ], [ 35.1967, 0.3809 ], [ 35.2898, 0.2333 ], [ 35.3122, 0.2189 ], [ 35.3243, 0.2283 ], [ 35.3422, 0.2067 ], [ 35.3571, 0.2155 ], [ 35.3661, 0.2002 ], [ 35.3656, 0.1913 ], [ 35.3407, 0.1988 ], [ 35.3423, 0.1756 ], [ 35.3339, 0.1472 ], [ 35.37, 0.1321 ], [ 35.3784, 0.1196 ], [ 35.387, 0.1188 ], [ 35.3719, 0.0769 ], [ 35.3642, 0.0781 ], [ 35.3594, 0.0691 ], [ 35.3499, 0.0697 ], [ 35.3474, 0.0654 ], [ 35.3692, 0.0472 ], [ 35.4041, 0.033 ], [ 35.4349, 0.0312 ], [ 35.4369, 0.0233 ] ] ] } },
{ "type": "Feature", "properties": { "county": "Narok", "area_km2": 18019.762282464944 }, "geometry": { "type": "Polygon", "coordinates": [ [ [ 36.0429, -1.7239 ], [ 36.0324, -1.7518 ], [ 36.0358, -1.7606 ], [ 36.0313, -1.7582 ], [ 36.031, -1.7659 ], [ 36.0233, -1.7729 ], [ 36.0301, -1.7747 ], [ 36.0274, -1.7888 ], [ 36.0159, -1.7989 ], [ 36.028, -1.8041 ], [ 36.0286, -1.8237 ], [ 36.0381, -1.8188 ], [ 36.0431, -1.824 ], [ 36.0404, -1.8284 ], [ 36.0488, -1.836 ], [ 36.0514, -1.8652 ], [ 36.0448, -1.8741 ], [ 36.0366, -1.8735 ], [ 36.0347, -1.89 ], [ 36.031, -1.8857 ], [ 36.0258, -1.8893 ], [ 36.0319, -1.9014 ], [ 36.0433, -1.9044 ], [ 36.0425, -1.909 ], [ 36.033, -1.9127 ], [ 36.037, -1.9129 ], [ 36.0366, -1.9235 ], [ 36.0425, -1.9319 ], [ 36.0355, -1.9995 ], [ 36.0319, -1.999 ], [ 36.0346, -2.0029 ], [ 36.0286, -2.007 ], [ 36.0274, -2.0195 ], [ 36.0245, -2.017 ], [ 36.0213, -2.0251 ], [ 36.0225, -2.0354 ], [ 36.0267, -2.0372 ], [ 36.0267, -2.0821 ], [ 36.0001, -2.0819 ], [ 36.0001, -2.1006 ], [ 35.9962, -2.0983 ], [ 35.9962, -2.1026 ], [ 35.4393, -1.7882 ], [ 35.3177, -1.7288 ], [ 34.7325, -1.3902 ], [ 34.6867, -1.2053 ], [ 34.6724, -1.2056 ], [ 34.6712, -1.1931 ], [ 34.6529, -1.1814 ], [ 34.6546, -1.1717 ], [ 34.6378, -1.1571 ], [ 34.6316, -1.1574 ], [ 34.6256, -1.1488 ], [ 34.633, -1.1322 ], [ 34.6142, -1.0835 ], [ 34.6181, -1.0705 ], [ 34.5929, -1.0378 ], [ 34.5902, -1.0125 ], [ 34.6474, -0.9604 ], [ 34.6642, -0.9671 ], [ 34.6786, -0.9671 ], [ 35.0127, -0.8839 ], [ 35.0826, -0.9005 ], [ 35.2446, -1.0312 ], [ 35.2512, -1.0221 ], [ 35.2583, -1.0225 ], [ 35.2603, -1.0161 ], [ 35.2711, -1.0178 ], [ 35.2698, -1.0145 ], [ 35.28, -1.0113 ], [ 35.2812, -1.0066 ], [ 35.2845, -1.0087 ], [ 35.2997, -0.9973 ], [ 35.3127, -0.9953 ], [ 35.3152, -0.985 ], [ 35.3325, -0.9792 ], [ 35.329, -0.9755 ], [ 35.3334, -0.9702 ], [ 35.3391, -0.9739 ], [ 35.3461, -0.9658 ], [ 35.3506, -0.9735 ], [ 35.3496, -0.9667 ], [ 35.3533, -0.961 ], [ 35.3558, -0.9608 ], [ 35.3586, -0.9667 ], [ 35.3656, -0.9666 ], [ 35.3655, -0.9711 ], [ 35.3778, -0.9551 ], [ 35.3974, -0.9523 ], [ 35.4032, -0.9436 ], [ 35.4209, -0.9401 ], [ 35.4259, -0.9268 ], [ 35.4224, -0.9166 ], [ 35.4282, -0.9123 ], [ 35.4238, -0.9003 ], [ 35.4309, -0.8971 ], [ 35.4305, -0.8896 ], [ 35.4358, -0.8928 ], [ 35.4404, -0.8896 ], [ 35.4386, -0.8824 ], [ 35.4426, -0.8844 ], [ 35.446, -0.8771 ], [ 35.4557, -0.879 ], [ 35.4553, -0.8717 ], [ 35.4621, -0.8674 ], [ 35.4609, -0.8588 ], [ 35.4681, -0.8582 ], [ 35.4774, -0.8491 ], [ 35.4777, -0.8384 ], [ 35.4845, -0.8282 ], [ 35.5204, -0.8108 ], [ 35.521, -0.8042 ], [ 35.527, -0.8044 ], [ 35.5468, -0.7831 ], [ 35.5338, -0.7714 ], [ 35.5073, -0.768 ], [ 35.4791, -0.757 ], [ 35.426, -0.7148 ], [ 35.3969, -0.6386 ], [ 35.5872, -0.5833 ], [ 35.5984, -0.6491 ], [ 35.6106, -0.6664 ], [ 35.6288, -0.6777 ], [ 35.6452, -0.6958 ], [ 35.6531, -0.6787 ], [ 35.664, -0.6731 ], [ 35.6688, -0.6563 ], [ 35.6812, -0.6453 ], [ 35.6845, -0.6165 ], [ 35.6927, -0.5951 ], [ 35.7117, -0.571 ], [ 35.7111, -0.5471 ], [ 35.7237, -0.542 ], [ 35.7405, -0.5239 ], [ 35.7735, -0.5313 ], [ 35.7982, -0.4505 ], [ 35.813, -0.4522 ], [ 35.8145, -0.4702 ], [ 35.8364, -0.4606 ], [ 35.8391, -0.4675 ], [ 35.8321, -0.4885 ], [ 35.8902, -0.5195 ], [ 35.9045, -0.5399 ], [ 35.947, -0.5507 ], [ 35.9826, -0.6248 ], [ 35.9508, -0.6598 ], [ 35.9161, -0.6295 ], [ 35.8762, -0.6317 ], [ 35.8783, -0.6444 ], [ 35.8931, -0.6432 ], [ 35.9301, -0.6893 ], [ 35.9303, -0.6992 ], [ 35.9458, -0.7074 ], [ 36.0117, -0.6571 ], [ 36.0281, -0.6728 ], [ 36.0974, -0.6333 ], [ 36.0999, -0.6706 ], [ 36.1427, -0.7091 ], [ 36.1438, -0.7052 ], [ 36.1538, -0.7085 ], [ 36.1615, -0.7389 ], [ 36.1928, -0.7599 ], [ 36.1835, -0.7726 ], [ 36.1908, -0.7783 ], [ 36.1883, -0.7982 ], [ 36.1583, -0.8313 ], [ 36.1695, -0.8649 ], [ 36.1895, -0.9017 ], [ 36.1855, -0.9087 ], [ 36.1948, -0.9091 ], [ 36.2057, -0.9278 ], [ 36.2638, -0.9085 ], [ 36.3356, -1.0407 ], [ 36.3477, -1.1685 ], [ 36.0492, -1.4859 ], [ 36.0588, -1.4922 ], [ 36.0863, -1.5713 ], [ 36.0791, -1.5923 ], [ 36.0742, -1.5895 ], [ 36.063, -1.6071 ], [ 36.0652, -1.6126 ], [ 36.06, -1.6147 ], [ 36.0511, -1.6346 ], [ 36.0524, -1.6452 ], [ 36.0465, -1.6477 ], [ 36.0583, -1.6694 ], [ 36.0571, -1.6838 ], [ 36.0642, -1.6924 ], [ 36.0558, -1.7037 ], [ 36.0477, -1.6983 ], [ 36.043, -1.7045 ], [ 36.0485, -1.7253 ], [ 36.0429, -1.7239 ] ] ] } },
{ "type": "Feature", "properties": { "county": "Nyamira", "area_km2": 897.85558612943373 }, "geometry": { "type": "Polygon", "coordinates": [ [ [ 35.0913, -0.7969 ], [ 35.0444, -0.8485 ], [ 35.0319, -0.8406 ], [ 35.0219, -0.8425 ], [ 35.0254, -0.8688 ], [ 35.0179, -0.867 ], [ 35.012, -0.8755 ], [ 35.0127, -0.8839 ], [ 34.9435, -0.7672 ], [ 34.918, -0.7535 ], [ 34.9074, -0.7553 ], [ 34.8987, -0.7426 ], [ 34.8691, -0.7292 ], [ 34.8348, -0.7019 ], [ 34.8235, -0.6993 ], [ 34.8207, -0.6881 ], [ 34.8083, -0.6817 ], [ 34.7959, -0.684 ], [ 34.789, -0.6718 ], [ 34.7779, -0.6702 ], [ 34.7892, -0.6684 ], [ 34.7918, -0.6609 ], [ 34.8114, -0.6609 ], [ 34.8139, -0.6302 ], [ 34.8426, -0.5922 ], [ 34.8538, -0.5927 ], [ 34.8664, -0.6026 ], [ 34.8745, -0.6014 ], [ 34.8867, -0.6081 ], [ 34.8895, -0.6053 ], [ 34.8904, -0.5987 ], [ 34.8785, -0.5864 ], [ 34.8805, -0.5827 ], [ 34.8722, -0.5698 ], [ 34.8789, -0.5525 ], [ 34.8708, -0.5311 ], [ 34.8705, -0.5014 ], [ 34.8597, -0.4978 ], [ 34.8799, -0.4828 ], [ 34.9062, -0.476 ], [ 34.9403, -0.459 ], [ 34.9667, -0.4366 ], [ 34.9996, -0.4232 ], [ 35.0197, -0.4065 ], [ 35.0337, -0.4158 ], [ 35.0451, -0.44 ], [ 35.041, -0.4737 ], [ 35.0394, -0.4787 ], [ 35.0336, -0.4788 ], [ 35.0328, -0.4926 ], [ 35.0497, -0.4924 ], [ 35.0571, -0.502 ], [ 35.0479, -0.5166 ], [ 35.053, -0.53 ], [ 35.0491, -0.5325 ], [ 35.0528, -0.5397 ], [ 35.0474, -0.5661 ], [ 35.0626, -0.6015 ], [ 35.0568, -0.6133 ], [ 35.0641, -0.6267 ], [ 35.0554, -0.6395 ], [ 35.055, -0.6515 ], [ 35.0724, -0.6871 ], [ 35.0502, -0.6966 ], [ 35.0477, -0.7021 ], [ 35.0913, -0.7969 ] ] ] } },
{ "type": "Feature", "properties": { "county": "Nyandarua", "area_km2": 3267.9532596462404 }, "geometry": { "type": "Polygon", "coordinates": [ [ [ 36.6225, -0.8253 ], [ 36.5887, -0.8218 ], [ 36.5913, -0.8428 ], [ 36.6014, -0.8573 ], [ 36.5896, -0.883 ], [ 36.5632, -0.8999 ], [ 36.5719, -0.9045 ], [ 36.5543, -0.9146 ], [ 36.5442, -0.9018 ], [ 36.5545, -0.8666 ], [ 36.5523, -0.849 ], [ 36.5616, -0.8358 ], [ 36.5303, -0.7226 ], [ 36.5207, -0.7046 ], [ 36.5441, -0.6907 ], [ 36.5212, -0.647 ], [ 36.5266, -0.6388 ], [ 36.5247, -0.6317 ], [ 36.5162, -0.6262 ], [ 36.5201, -0.6193 ], [ 36.5123, -0.6149 ], [ 36.5119, -0.6045 ], [ 36.5061, -0.6169 ], [ 36.4679, -0.6205 ], [ 36.456, -0.6058 ], [ 36.4514, -0.5596 ], [ 36.4312, -0.5659 ], [ 36.403, -0.5665 ], [ 36.407, -0.5467 ], [ 36.4003, -0.5301 ], [ 36.4056, -0.518 ], [ 36.4004, -0.5099 ], [ 36.4027, -0.4999 ], [ 36.3969, -0.4956 ], [ 36.3953, -0.4684 ], [ 36.3856, -0.4504 ], [ 36.3896, -0.4405 ], [ 36.3862, -0.4213 ], [ 36.3792, -0.4164 ], [ 36.378, -0.398 ], [ 36.3648, -0.3893 ], [ 36.3601, -0.372 ], [ 36.3343, -0.3827 ], [ 36.3139, -0.3798 ], [ 36.3116, -0.3627 ], [ 36.293, -0.3673 ], [ 36.2758, -0.3864 ], [ 36.2629, -0.3364 ], [ 36.246, -0.3407 ], [ 36.2317, -0.3374 ], [ 36.2286, -0.3475 ], [ 36.2138, -0.288 ], [ 36.2128, -0.2635 ], [ 36.2461, -0.2486 ], [ 36.2371, -0.2235 ], [ 36.2242, -0.2045 ], [ 36.2118, -0.1972 ], [ 36.2008, -0.1302 ], [ 36.2194, -0.1069 ], [ 36.2207, -0.0992 ], [ 36.2285, -0.1005 ], [ 36.2277, -0.1084 ], [ 36.2467, -0.1117 ], [ 36.2515, -0.078 ], [ 36.2506, -0.0538 ], [ 36.2466, -0.0539 ], [ 36.2568, -0.0152 ], [ 36.2673, -0.0141 ], [ 36.2736, 0.0068 ], [ 36.2926, 0.0177 ], [ 36.2952, 0.0086 ], [ 36.3011, 0.0094 ], [ 36.3045, 0.0222 ], [ 36.3291, 0.0259 ], [ 36.3279, 0.031 ], [ 36.3474, 0.0381 ], [ 36.3529, 0.0218 ], [ 36.3899, 0.0338 ], [ 36.3905, 0.0404 ], [ 36.3997, 0.0343 ], [ 36.4003, 0.0426 ], [ 36.4248, 0.0488 ], [ 36.4011, 0.062 ], [ 36.423, 0.0892 ], [ 36.4459, 0.0992 ], [ 36.4652, 0.1442 ], [ 36.5115, 0.0931 ], [ 36.5235, 0.0544 ], [ 36.5772, 0.0743 ], [ 36.5913, 0.0491 ], [ 36.5936, 0.0298 ], [ 36.6034, 0.0095 ], [ 36.6371, 0.0209 ], [ 36.6505, -0.0097 ], [ 36.5824, -0.0149 ], [ 36.5557, -0.0482 ], [ 36.5513, -0.0631 ], [ 36.5607, -0.0697 ], [ 36.5551, -0.0839 ], [ 36.5618, -0.0825 ], [ 36.5725, -0.0973 ], [ 36.635, -0.1002 ], [ 36.6563, -0.1468 ], [ 36.6903, -0.1678 ], [ 36.6826, -0.1683 ], [ 36.6842, -0.1785 ], [ 36.6153, -0.3036 ], [ 36.6092, -0.3271 ], [ 36.6167, -0.3497 ], [ 36.604, -0.3655 ], [ 36.6315, -0.3813 ], [ 36.6235, -0.396 ], [ 36.6504, -0.428 ], [ 36.6515, -0.4533 ], [ 36.6618, -0.4566 ], [ 36.6671, -0.4675 ], [ 36.6579, -0.5046 ], [ 36.67, -0.5436 ], [ 36.6703, -0.5671 ], [ 36.6806, -0.5728 ], [ 36.6844, -0.5924 ], [ 36.7076, -0.6212 ], [ 36.7066, -0.6912 ], [ 36.7193, -0.7517 ], [ 36.7367, -0.7738 ], [ 36.7237, -0.7777 ], [ 36.7194, -0.7731 ], [ 36.7241, -0.7853 ], [ 36.7223, -0.8006 ], [ 36.6872, -0.758 ], [ 36.6718, -0.7526 ], [ 36.6622, -0.762 ], [ 36.6537, -0.7586 ], [ 36.6446, -0.767 ], [ 36.6597, -0.7667 ], [ 36.6742, -0.7728 ], [ 36.622, -0.8215 ], [ 36.6225, -0.8253 ] ] ] } },
{ "type": "Feature", "properties": { "county": "Nyeri", "area_km2": 3333.8072413209793 }, "geometry": { "type": "Polygon", "coordinates": [ [ [ 36.7041, -0.6187 ], [ 36.6844, -0.5924 ], [ 36.6806, -0.5728 ], [ 36.6703, -0.5671 ], [ 36.67, -0.5436 ], [ 36.6579, -0.5046 ], [ 36.6674, -0.4731 ], [ 36.6641, -0.4595 ], [ 36.6515, -0.4533 ], [ 36.6504, -0.428 ], [ 36.6235, -0.396 ], [ 36.6315, -0.3813 ], [ 36.6041, -0.3663 ], [ 36.6167, -0.3497 ], [ 36.6092, -0.3271 ], [ 36.6153, -0.3036 ], [ 36.6842, -0.1785 ], [ 36.6826, -0.1683 ], [ 36.6903, -0.1678 ], [ 36.6596, -0.1458 ], [ 36.7115, -0.129 ], [ 36.7168, -0.1224 ], [ 36.7524, -0.114 ], [ 36.7654, -0.1027 ], [ 36.7684, -0.1078 ], [ 36.831, -0.0976 ], [ 36.8315, -0.1283 ], [ 36.861, -0.1365 ], [ 36.8588, -0.147 ], [ 36.8717, -0.1699 ], [ 36.8656, -0.1747 ], [ 36.8661, -0.1809 ], [ 36.8544, -0.186 ], [ 36.8535, -0.1905 ], [ 36.8394, -0.1917 ], [ 36.8566, -0.2486 ], [ 36.8716, -0.2407 ], [ 36.8795, -0.2521 ], [ 36.9878, -0.2893 ], [ 36.9983, -0.265 ], [ 36.9886, -0.2503 ], [ 37.0105, -0.236 ], [ 37.0133, -0.2251 ], [ 37.0081, -0.2161 ], [ 37.0194, -0.1694 ], [ 37.0081, -0.1433 ], [ 36.9855, -0.1285 ], [ 36.9778, -0.0649 ], [ 37.0256, -0.0427 ], [ 37.0522, -0.0027 ], [ 37.0613, 0.0058 ], [ 37.0689, 0.0032 ], [ 37.0789, 0.0204 ], [ 37.0794, 0.0012 ], [ 37.1127, -0.0314 ], [ 37.1208, -0.0145 ], [ 37.1326, -0.0235 ], [ 37.1373, -0.0336 ], [ 37.3078, -0.1456 ], [ 37.1989, -0.4259 ], [ 37.1996, -0.4346 ], [ 37.1756, -0.4373 ], [ 37.1768, -0.4775 ], [ 37.1616, -0.4881 ], [ 37.1688, -0.4982 ], [ 37.1695, -0.5086 ], [ 37.1633, -0.5119 ], [ 37.1629, -0.5182 ], [ 37.1554, -0.5142 ], [ 37.1548, -0.5196 ], [ 37.1496, -0.5167 ], [ 37.1453, -0.522 ], [ 37.1498, -0.5478 ], [ 37.1442, -0.5643 ], [ 37.16, -0.587 ], [ 37.1682, -0.586 ], [ 37.1697, -0.5924 ], [ 37.1782, -0.5955 ], [ 37.1799, -0.6054 ], [ 37.1713, -0.6228 ], [ 37.1749, -0.6269 ], [ 37.1694, -0.6312 ], [ 37.1547, -0.6312 ], [ 37.1531, -0.6359 ], [ 37.139, -0.6328 ], [ 37.1203, -0.6408 ], [ 37.1015, -0.6325 ], [ 37.0993, -0.6219 ], [ 37.0855, -0.6191 ], [ 37.0676, -0.6055 ], [ 37.0593, -0.6057 ], [ 37.0489, -0.59 ], [ 37.0261, -0.586 ], [ 37.016, -0.5796 ], [ 36.9972, -0.58 ], [ 36.9943, -0.572 ], [ 36.9874, -0.5701 ], [ 36.9137, -0.6042 ], [ 36.8843, -0.6054 ], [ 36.8767, -0.6006 ], [ 36.8613, -0.601 ], [ 36.8462, -0.5882 ], [ 36.8382, -0.5887 ], [ 36.8116, -0.5756 ], [ 36.8092, -0.5651 ], [ 36.7783, -0.5608 ], [ 36.75, -0.565 ], [ 36.7351, -0.5604 ], [ 36.7243, -0.5649 ], [ 36.7081, -0.581 ], [ 36.7122, -0.6017 ], [ 36.7089, -0.6188 ], [ 36.7041, -0.6187 ] ] ] } },
{ "type": "Feature", "properties": { "county": "Samburu", "area_km2": 20960.913518075286 }, "geometry": { "type": "Polygon", "coordinates": [ [ [ 36.4897, 0.8532 ], [ 36.4625, 0.8735 ], [ 36.4457, 0.8759 ], [ 36.4297, 0.889 ], [ 36.4191, 0.9065 ], [ 36.4035, 0.9048 ], [ 36.3939, 0.914 ], [ 36.431, 0.9556 ], [ 36.4508, 1.0017 ], [ 36.4532, 1.0183 ], [ 36.4426, 1.041 ], [ 36.4434, 1.0755 ], [ 36.4388, 1.091 ], [ 36.4447, 1.1198 ], [ 36.44, 1.1378 ], [ 36.4336, 1.1436 ], [ 36.4427, 1.1792 ], [ 36.4199, 1.1907 ], [ 36.3979, 1.1774 ], [ 36.3915, 1.1796 ], [ 36.3901, 1.1888 ], [ 36.3966, 1.1948 ], [ 36.3951, 1.2249 ], [ 36.4119, 1.2362 ], [ 36.4171, 1.2308 ], [ 36.4212, 1.2384 ], [ 36.4142, 1.2489 ], [ 36.412, 1.2642 ], [ 36.4045, 1.2563 ], [ 36.3893, 1.2674 ], [ 36.3969, 1.2771 ], [ 36.4042, 1.2734 ], [ 36.4096, 1.2789 ], [ 36.4472, 1.2521 ], [ 36.4536, 1.2607 ], [ 36.4503, 1.2765 ], [ 36.4367, 1.2953 ], [ 36.4359, 1.3081 ], [ 36.421, 1.2996 ], [ 36.4061, 1.3036 ], [ 36.403, 1.3121 ], [ 36.3937, 1.3157 ], [ 36.4039, 1.3173 ], [ 36.4211, 1.3347 ], [ 36.4248, 1.3496 ], [ 36.4604, 1.3717 ], [ 36.4669, 1.4025 ], [ 36.462, 1.4072 ], [ 36.4553, 1.4023 ], [ 36.4474, 1.4165 ], [ 36.4282, 1.4125 ], [ 36.4274, 1.4192 ], [ 36.4199, 1.4206 ], [ 36.3927, 1.4493 ], [ 36.3558, 1.4413 ], [ 36.3422, 1.4508 ], [ 36.3221, 1.4756 ], [ 36.2893, 1.47 ], [ 36.3, 1.4911 ], [ 36.2968, 1.5043 ], [ 36.303, 1.542 ], [ 36.3446, 1.5785 ], [ 36.3463, 1.571 ], [ 36.357, 1.5711 ], [ 36.3588, 1.5871 ], [ 36.3701, 1.5965 ], [ 36.3771, 1.5861 ], [ 36.3725, 1.5707 ], [ 36.3757, 1.5432 ], [ 36.3895, 1.5251 ], [ 36.3974, 1.5273 ], [ 36.4128, 1.5615 ], [ 36.4264, 1.573 ], [ 36.4411, 1.615 ], [ 36.4474, 1.6189 ], [ 36.4636, 1.6152 ], [ 36.4703, 1.6614 ], [ 36.4856, 1.6866 ], [ 36.4871, 1.7045 ], [ 36.5038, 1.7114 ], [ 36.5096, 1.7383 ], [ 36.5274, 1.7568 ], [ 36.5256, 1.7643 ], [ 36.5193, 1.7569 ], [ 36.5116, 1.7731 ], [ 36.5189, 1.7723 ], [ 36.5172, 1.7824 ], [ 36.5254, 1.7904 ], [ 36.5224, 1.7972 ], [ 36.5316, 1.808 ], [ 36.5155, 1.8232 ], [ 36.5147, 1.8311 ], [ 36.5245, 1.8336 ], [ 36.5216, 1.8372 ], [ 36.5249, 1.8475 ], [ 36.5229, 1.8527 ], [ 36.5185, 1.8475 ], [ 36.5163, 1.8528 ], [ 36.5151, 1.8806 ], [ 36.5375, 1.9065 ], [ 36.5414, 1.9187 ], [ 36.5412, 1.9603 ], [ 36.5342, 1.9535 ], [ 36.5321, 1.9573 ], [ 36.5467, 1.9953 ], [ 36.5402, 2.0076 ], [ 36.5431, 2.0121 ], [ 36.5473, 2.0083 ], [ 36.5445, 2.0277 ], [ 36.5563, 2.0485 ], [ 36.5692, 2.0583 ], [ 36.5647, 2.1084 ], [ 36.5806, 2.1258 ], [ 36.5879, 2.1458 ], [ 36.595, 2.1464 ], [ 36.6111, 2.1629 ], [ 36.6487, 2.1731 ], [ 36.6814, 2.1973 ], [ 36.7018, 2.2039 ], [ 36.7004, 2.2176 ], [ 36.7121, 2.2263 ], [ 36.7143, 2.2555 ], [ 36.7086, 2.2643 ], [ 36.7236, 2.276 ], [ 36.7233, 2.3026 ], [ 36.6013, 2.3608 ], [ 36.6013, 2.4055 ], [ 36.6083, 2.3957 ], [ 36.6197, 2.3991 ], [ 36.6218, 2.4136 ], [ 36.6315, 2.4118 ], [ 36.6356, 2.4045 ], [ 36.6392, 2.4103 ], [ 36.6395, 2.3937 ], [ 36.6445, 2.4175 ], [ 36.6479, 2.4133 ], [ 36.6569, 2.4193 ], [ 36.6717, 2.4446 ], [ 36.6855, 2.4578 ], [ 36.6987, 2.4543 ], [ 36.7037, 2.4793 ], [ 36.7002, 2.5126 ], [ 36.7155, 2.5083 ], [ 36.7597, 2.5155 ], [ 36.8447, 2.2749 ], [ 36.8646, 2.2545 ], [ 36.8949, 2.1927 ], [ 36.9016, 2.1573 ], [ 36.9138, 2.1264 ], [ 36.9119, 2.1049 ], [ 36.9189, 2.1014 ], [ 36.9218, 2.0605 ], [ 36.9175, 2.0187 ], [ 36.9475, 2.0269 ], [ 36.9977, 1.9997 ], [ 37.0115, 1.9845 ], [ 37.0753, 1.9825 ], [ 37.1223, 1.9673 ], [ 37.1613, 1.9643 ], [ 37.1637, 1.9411 ], [ 37.1715, 1.9273 ], [ 37.2195, 1.8915 ], [ 37.2343, 1.8719 ], [ 37.2739, 1.8697 ], [ 37.3053, 1.7517 ], [ 37.3589, 1.7296 ], [ 37.4755, 1.5493 ], [ 37.5571, 1.3994 ], [ 37.5706, 1.3924 ], [ 37.5823, 1.376 ], [ 37.5823, 1.3691 ], [ 37.5883, 1.372 ], [ 37.5989, 1.3952 ], [ 37.6112, 1.3789 ], [ 37.6229, 1.3815 ], [ 37.6242, 1.3873 ], [ 37.654, 1.4048 ], [ 37.6587, 1.3989 ], [ 37.6769, 1.4073 ], [ 37.6852, 1.403 ], [ 37.7136, 1.4118 ], [ 37.7364, 1.4108 ], [ 37.7478, 1.417 ], [ 37.763, 1.4179 ], [ 37.7782, 1.4156 ], [ 37.7828, 1.4232 ], [ 37.7951, 1.4184 ], [ 37.8177, 1.4268 ], [ 37.8259, 1.4244 ], [ 37.8428, 1.4294 ], [ 37.8535, 1.4593 ], [ 37.9515, 1.3875 ], [ 37.9463, 1.2674 ], [ 37.9492, 1.1982 ], [ 38.0327, 1.0895 ], [ 38.0468, 0.8095 ], [ 38.0799, 0.7875 ], [ 38.0533, 0.7833 ], [ 38.0226, 0.8034 ], [ 38.0154, 0.8013 ], [ 38.0135, 0.8099 ], [ 38.0081, 0.8062 ], [ 38.0085, 0.797 ], [ 37.9945, 0.7833 ], [ 37.9859, 0.7822 ], [ 37.9722, 0.7595 ], [ 37.9459, 0.7491 ], [ 37.9296, 0.7272 ], [ 37.9191, 0.7241 ], [ 37.9149, 0.7178 ], [ 37.9092, 0.7264 ], [ 37.9018, 0.7268 ], [ 37.9023, 0.7336 ], [ 37.896, 0.7323 ], [ 37.8909, 0.7422 ], [ 37.8783, 0.7486 ], [ 37.8743, 0.7338 ], [ 37.8482, 0.7192 ], [ 37.8426, 0.7027 ], [ 37.8449, 0.6963 ], [ 37.8343, 0.6844 ], [ 37.7928, 0.676 ], [ 37.7845, 0.6818 ], [ 37.7595, 0.6768 ], [ 37.7501, 0.6815 ], [ 37.7259, 0.6595 ], [ 37.7094, 0.6723 ], [ 37.692, 0.669 ], [ 37.6851, 0.6618 ], [ 37.6818, 0.6474 ], [ 37.6662, 0.6386 ], [ 37.6507, 0.6367 ], [ 37.6393, 0.6268 ], [ 37.6379, 0.6194 ], [ 37.6428, 0.6182 ], [ 37.6345, 0.603 ], [ 37.618, 0.6051 ], [ 37.6042, 0.5956 ], [ 37.5824, 0.5928 ], [ 37.5802, 0.5781 ], [ 37.557, 0.5756 ], [ 37.5453, 0.5829 ], [ 37.5332, 0.5708 ], [ 37.523, 0.5755 ], [ 37.515, 0.5718 ], [ 37.4913, 0.5831 ], [ 37.4915, 0.5901 ], [ 37.4777, 0.5895 ], [ 37.4687, 0.5943 ], [ 37.4465, 0.5817 ], [ 37.4279, 0.5843 ], [ 37.3983, 0.5799 ], [ 37.3941, 0.5739 ], [ 37.3731, 0.5891 ], [ 37.3655, 0.5883 ], [ 37.3637, 0.5997 ], [ 37.3541, 0.6035 ], [ 37.3523, 0.6245 ], [ 37.3421, 0.6473 ], [ 37.3261, 0.6603 ], [ 37.3255, 0.6721 ], [ 37.2997, 0.726 ], [ 37.2883, 0.7422 ], [ 37.2737, 0.7497 ], [ 37.2567, 0.7686 ], [ 37.2448, 0.767 ], [ 37.2189, 0.7444 ], [ 37.2056, 0.7462 ], [ 37.2021, 0.751 ], [ 37.1656, 0.7475 ], [ 37.1615, 0.7562 ], [ 37.1514, 0.7575 ], [ 37.1502, 0.765 ], [ 37.1343, 0.7638 ], [ 37.1261, 0.7714 ], [ 37.1235, 0.7815 ], [ 37.1009, 0.7917 ], [ 37.0706, 0.7828 ], [ 37.0689, 0.7705 ], [ 37.0581, 0.777 ], [ 36.9806, 0.7496 ], [ 36.9483, 0.7483 ], [ 36.935, 0.758 ], [ 36.9312, 0.7475 ], [ 36.9204, 0.7435 ], [ 36.9175, 0.7335 ], [ 36.9111, 0.7326 ], [ 36.9026, 0.7454 ], [ 36.8866, 0.7399 ], [ 36.865, 0.7428 ], [ 36.8413, 0.795 ], [ 36.8442, 0.8003 ], [ 36.8344, 0.8065 ], [ 36.8331, 0.8193 ], [ 36.8192, 0.8467 ], [ 36.8192, 0.86 ], [ 36.7938, 0.8753 ], [ 36.7569, 0.8646 ], [ 36.7371, 0.8342 ], [ 36.7132, 0.8238 ], [ 36.7019, 0.8272 ], [ 36.6752, 0.8235 ], [ 36.6759, 0.8189 ], [ 36.4833, 0.8189 ], [ 36.4897, 0.8532 ] ] ] } },
{ "type": "Feature", "properties": { "county": "Siaya", "area_km2": 3498.2700220359343 }, "geometry": { "type": "Polygon", "coordinates": [ [ [ 34.24, -0.3341 ], [ 33.9559, -0.3341 ], [ 33.987, -0.1285 ], [ 33.9499, -0.0225 ], [ 34.0158, -0.0239 ], [ 34.03, -0.0135 ], [ 34.0421, 0.0043 ], [ 34.066, 0.095 ], [ 34.0732, 0.1068 ], [ 34.0719, 0.1244 ], [ 34.09, 0.1293 ], [ 34.0994, 0.1404 ], [ 34.1051, 0.1401 ], [ 34.1026, 0.1298 ], [ 34.1118, 0.1412 ], [ 34.115, 0.154 ], [ 34.1119, 0.1798 ], [ 34.1051, 0.191 ], [ 34.1162, 0.223 ], [ 34.1165, 0.2464 ], [ 34.1384, 0.2614 ], [ 34.1586, 0.2949 ], [ 34.1594, 0.3051 ], [ 34.1737, 0.3003 ], [ 34.1855, 0.2806 ], [ 34.2008, 0.2732 ], [ 34.2032, 0.265 ], [ 34.205, 0.2902 ], [ 34.2361, 0.2963 ], [ 34.2507, 0.3175 ], [ 34.2657, 0.3119 ], [ 34.3344, 0.314 ], [ 34.3676, 0.3069 ], [ 34.3765, 0.3111 ], [ 34.3946, 0.2926 ], [ 34.3958, 0.2865 ], [ 34.3884, 0.2786 ], [ 34.4009, 0.2661 ], [ 34.3976, 0.2378 ], [ 34.3836, 0.2328 ], [ 34.3921, 0.2115 ], [ 34.385, 0.1835 ], [ 34.404, 0.1912 ], [ 34.4111, 0.2031 ], [ 34.428, 0.2166 ], [ 34.4433, 0.2222 ], [ 34.4505, 0.2098 ], [ 34.4357, 0.2059 ], [ 34.4258, 0.1901 ], [ 34.4413, 0.1698 ], [ 34.4247, 0.1559 ], [ 34.4339, 0.1496 ], [ 34.4673, 0.1619 ], [ 34.4818, 0.1557 ], [ 34.4832, 0.1428 ], [ 34.4726, 0.1351 ], [ 34.4562, 0.1347 ], [ 34.4575, 0.1276 ], [ 34.4788, 0.1198 ], [ 34.4741, 0.1171 ], [ 34.474, 0.1072 ], [ 34.494, 0.1056 ], [ 34.4957, 0.1153 ], [ 34.5033, 0.1199 ], [ 34.4963, 0.1258 ], [ 34.5002, 0.1304 ], [ 34.5081, 0.1216 ], [ 34.5129, 0.1322 ], [ 34.5259, 0.1294 ], [ 34.5337, 0.1405 ], [ 34.5429, 0.1432 ], [ 34.5547, 0.1314 ], [ 34.5525, 0.1225 ], [ 34.5438, 0.1184 ], [ 34.5583, 0.1121 ], [ 34.5538, 0.0934 ], [ 34.5602, 0.0521 ], [ 34.5526, 0.0476 ], [ 34.544, 0.0145 ], [ 34.5336, 0.0091 ], [ 34.542, 0.0011 ], [ 34.5298, -0.0155 ], [ 34.4918, -0.0244 ], [ 34.4617, -0.0385 ], [ 34.4312, -0.0571 ], [ 34.4158, -0.0744 ], [ 34.4151, -0.089 ], [ 34.483, -0.2947 ], [ 34.4218, -0.3308 ], [ 34.3195, -0.4167 ], [ 34.3029, -0.424 ], [ 34.2852, -0.4225 ], [ 34.2711, -0.4121 ], [ 34.24, -0.3341 ] ] ] } },
{ "type": "Feature", "properties": { "county": "Taita Taveta", "area_km2": 17168.516498701843 }, "geometry": { "type": "Polygon", "coordinates": [ [ [ 39.2195, -3.0661 ], [ 39.0561, -3.6845 ], [ 38.9685, -3.6336 ], [ 38.9305, -3.6958 ], [ 39.0353, -3.7582 ], [ 38.9461, -3.9595 ], [ 38.445, -4.1388 ], [ 37.7858, -3.6771 ], [ 37.768, -3.6333 ], [ 37.7441, -3.5441 ], [ 37.702, -3.5304 ], [ 37.6737, -3.509 ], [ 37.6265, -3.5308 ], [ 37.608, -3.524 ], [ 37.6036, -3.5206 ], [ 37.6047, -3.5064 ], [ 37.6271, -3.4673 ], [ 37.5854, -3.4621 ], [ 37.5854, -3.4405 ], [ 37.6411, -3.3781 ], [ 37.6643, -3.3589 ], [ 37.6808, -3.3571 ], [ 37.6856, -3.3512 ], [ 37.6856, -3.3236 ], [ 37.7114, -3.3055 ], [ 37.6904, -3.1751 ], [ 37.7955, -3.1729 ], [ 37.8105, -3.1682 ], [ 37.8351, -3.1869 ], [ 37.8527, -3.1799 ], [ 37.8543, -3.0801 ], [ 37.8707, -3.0775 ], [ 37.8945, -2.8857 ], [ 37.9179, -2.8684 ], [ 37.9375, -2.7708 ], [ 37.9744, -2.7874 ], [ 38.1153, -2.7126 ], [ 38.1183, -2.7047 ], [ 38.1287, -2.6981 ], [ 38.1533, -2.6982 ], [ 38.1613, -2.6792 ], [ 38.1625, -2.693 ], [ 38.1847, -2.7028 ], [ 38.2579, -2.7576 ], [ 38.3187, -2.8327 ], [ 38.3619, -2.898 ], [ 38.3929, -2.926 ], [ 38.4087, -2.927 ], [ 38.4475, -2.971 ], [ 38.4599, -2.9922 ], [ 38.4885, -2.9776 ], [ 38.4928, -2.984 ], [ 38.5132, -2.9835 ], [ 38.5194, -2.9747 ], [ 38.5381, -2.9734 ], [ 38.5595, -2.986 ], [ 38.5843, -2.9875 ], [ 38.594, -2.9991 ], [ 38.6085, -2.9947 ], [ 38.6083, -3.0064 ], [ 38.6427, -3.0127 ], [ 38.6613, -3.0288 ], [ 38.6652, -3.0393 ], [ 38.7073, -3.0315 ], [ 38.7544, -3.0462 ], [ 38.774, -3.0434 ], [ 38.7786, -3.0478 ], [ 38.8089, -3.0527 ], [ 38.8075, -3.0598 ], [ 38.7981, -3.0604 ], [ 38.7989, -3.0663 ], [ 38.8053, -3.0684 ], [ 38.8195, -3.0672 ], [ 38.8415, -3.0534 ], [ 38.8477, -3.0609 ], [ 38.8623, -3.0575 ], [ 38.8933, -3.0377 ], [ 38.9115, -3.0429 ], [ 38.9316, -3.0402 ], [ 38.9371, -3.0343 ], [ 38.9767, -3.0393 ], [ 38.9919, -3.0257 ], [ 39.0256, -3.0206 ], [ 39.0367, -3.025 ], [ 39.0453, -3.021 ], [ 39.0458, -3.0313 ], [ 39.062, -3.0409 ], [ 39.0789, -3.042 ], [ 39.0855, -3.0532 ], [ 39.0899, -3.0427 ], [ 39.1257, -3.0195 ], [ 39.1297, -3.0199 ], [ 39.1355, -3.042 ], [ 39.1415, -3.0414 ], [ 39.1435, -3.0485 ], [ 39.1527, -3.0447 ], [ 39.1643, -3.0651 ], [ 39.1705, -3.0649 ], [ 39.1777, -3.057 ], [ 39.1835, -3.0632 ], [ 39.2195, -3.0661 ] ] ] } },
{ "type": "Feature", "properties": { "county": "Tana River", "area_km2": 39220.199025429407 }, "geometry": { "type": "Polygon", "coordinates": [ [ [ 40.1888, -2.7346 ], [ 39.8923, -2.3092 ], [ 39.2229, -3.0658 ], [ 39.2195, -3.0686 ], [ 39.1959, -3.0613 ], [ 39.1835, -3.0632 ], [ 39.1777, -3.057 ], [ 39.1705, -3.0649 ], [ 39.1643, -3.0651 ], [ 39.1527, -3.0447 ], [ 39.1435, -3.0485 ], [ 39.1415, -3.0414 ], [ 39.1355, -3.042 ], [ 39.1297, -3.0199 ], [ 39.1257, -3.0195 ], [ 39.0899, -3.0427 ], [ 39.0855, -3.0532 ], [ 38.6235, -2.4126 ], [ 38.6613, -2.418 ], [ 38.6955, -2.4094 ], [ 38.7333, -2.378 ], [ 38.7384, -2.3642 ], [ 38.7559, -2.3618 ], [ 38.7703, -2.353 ], [ 38.7839, -2.3547 ], [ 38.7899, -2.3429 ], [ 38.7964, -2.3408 ], [ 39.0137, -1.915 ], [ 38.9581, -1.7036 ], [ 38.9727, -1.6926 ], [ 38.9872, -1.6899 ], [ 38.9991, -1.6789 ], [ 38.9618, -1.0531 ], [ 38.8064, -0.7263 ], [ 38.4171, -0.067 ], [ 38.4263, -0.075 ], [ 38.4329, -0.0769 ], [ 38.4383, -0.0724 ], [ 38.4527, -0.0849 ], [ 38.4629, -0.0851 ], [ 38.4829, -0.076 ], [ 38.4893, -0.0609 ], [ 38.5219, -0.062 ], [ 38.5303, -0.0556 ], [ 38.5299, -0.0451 ], [ 38.5405, -0.0434 ], [ 38.5485, -0.0197 ], [ 38.5693, -0.0184 ], [ 38.5696, -0.0151 ], [ 38.5705, -0.0198 ], [ 38.5977, -0.0334 ], [ 38.6117, -0.0303 ], [ 38.6391, -0.0547 ], [ 38.6477, -0.0538 ], [ 38.6551, -0.0466 ], [ 38.6811, -0.0554 ], [ 38.6877, -0.0411 ], [ 38.7136, -0.0624 ], [ 38.7579, -0.0733 ], [ 38.7659, -0.0691 ], [ 38.7597, -0.0621 ], [ 38.7647, -0.0554 ], [ 38.7513, -0.0467 ], [ 38.7493, -0.0279 ], [ 38.7781, -0.0267 ], [ 38.8355, -0.0493 ], [ 38.8837, -0.0513 ], [ 38.9109, -0.0401 ], [ 38.9369, -0.0438 ], [ 38.9643, -0.013 ], [ 39.0275, -0.0015 ], [ 39.0753, -0.0034 ], [ 39.1013, -0.0174 ], [ 39.1033, -0.0148 ], [ 39.1013, -0.0178 ], [ 39.1109, -0.0321 ], [ 39.1479, -0.0743 ], [ 39.1915, -0.09 ], [ 39.2313, -0.0854 ], [ 39.2613, -0.0931 ], [ 39.3121, -0.0877 ], [ 39.3295, -0.0906 ], [ 39.3621, -0.1144 ], [ 39.3869, -0.1252 ], [ 39.4075, -0.1442 ], [ 39.4443, -0.1481 ], [ 39.4815, -0.1744 ], [ 39.5295, -0.2162 ], [ 39.5447, -0.244 ], [ 39.5645, -0.2527 ], [ 39.5831, -0.2685 ], [ 39.5999, -0.2969 ], [ 39.6263, -0.3192 ], [ 39.6273, -0.4495 ], [ 39.6367, -0.4593 ], [ 39.6311, -0.4731 ], [ 39.6325, -0.4923 ], [ 39.6927, -0.4931 ], [ 39.7229, -0.5256 ], [ 39.7263, -0.5449 ], [ 39.747, -0.5431 ], [ 39.758, -0.5473 ], [ 39.8085, -0.5811 ], [ 39.8177, -0.5924 ], [ 39.8212, -0.6235 ], [ 39.84, -0.6473 ], [ 39.8433, -0.6678 ], [ 39.8561, -0.6887 ], [ 39.8581, -0.718 ], [ 39.8682, -0.738 ], [ 39.8627, -0.7605 ], [ 39.8793, -0.7855 ], [ 39.8901, -0.8172 ], [ 39.9009, -0.8333 ], [ 39.9039, -0.8962 ], [ 39.9197, -0.918 ], [ 39.9377, -0.9652 ], [ 39.9343, -1.0025 ], [ 39.9965, -1.1203 ], [ 40.0106, -1.1604 ], [ 40.0389, -1.1997 ], [ 40.0567, -1.2486 ], [ 40.0497, -1.316 ], [ 40.0609, -1.3391 ], [ 40.0887, -1.4795 ], [ 40.1052, -1.5046 ], [ 40.1169, -1.5522 ], [ 40.1469, -1.5878 ], [ 40.1567, -1.6155 ], [ 40.1587, -1.6956 ], [ 40.1707, -1.7212 ], [ 40.1579, -1.7582 ], [ 40.1625, -1.8135 ], [ 40.1651, -1.8257 ], [ 40.1879, -1.8608 ], [ 40.1867, -1.9608 ], [ 40.1975, -1.9827 ], [ 40.1961, -1.9996 ], [ 40.2113, -2.0314 ], [ 40.2503, -2.2475 ], [ 40.2509, -2.3976 ], [ 40.3453, -2.3986 ], [ 40.3546, -2.4121 ], [ 40.3705, -2.4223 ], [ 40.3811, -2.4218 ], [ 40.3969, -2.4302 ], [ 40.4059, -2.4299 ], [ 40.4064, -2.4338 ], [ 40.4107, -2.4254 ], [ 40.4331, -2.4166 ], [ 40.4437, -2.4079 ], [ 40.4431, -2.4 ], [ 40.4473, -2.4005 ], [ 40.5235, -2.4237 ], [ 40.5291, -2.4216 ], [ 40.5321, -2.4262 ], [ 40.6625, -2.4662 ], [ 40.7374, -2.4574 ], [ 40.6868, -2.4901 ], [ 40.6493, -2.5332 ], [ 40.6099, -2.561 ], [ 40.5432, -2.541 ], [ 40.5382, -2.534 ], [ 40.5024, -2.5162 ], [ 40.496, -2.5151 ], [ 40.4813, -2.5215 ], [ 40.5015, -2.5174 ], [ 40.5301, -2.534 ], [ 40.5326, -2.5393 ], [ 40.5299, -2.5418 ], [ 40.5304, -2.5365 ], [ 40.5238, -2.5329 ], [ 40.5051, -2.5329 ], [ 40.4571, -2.5418 ], [ 40.3843, -2.571 ], [ 40.3468, -2.5915 ], [ 40.3543, -2.5771 ], [ 40.3507, -2.5732 ], [ 40.339, -2.5968 ], [ 40.2721, -2.6457 ], [ 40.2668, -2.6468 ], [ 40.2701, -2.6407 ], [ 40.2693, -2.6388 ], [ 40.2604, -2.6479 ], [ 40.2601, -2.656 ], [ 40.224, -2.6946 ], [ 40.1987, -2.7346 ], [ 40.1888, -2.7346 ] ] ] } },
{ "type": "Feature", "properties": { "county": "Tharaka-Nithi", "area_km2": 2423.5455839047454 }, "geometry": { "type": "Polygon", "coordinates": [ [ [ 37.7701, -0.2849 ], [ 37.7931, -0.3035 ], [ 37.8175, -0.312 ], [ 37.8091, -0.2936 ], [ 37.7857, -0.2732 ], [ 37.7769, -0.2761 ], [ 37.7505, -0.2743 ], [ 37.7475, -0.2704 ], [ 37.6983, -0.2716 ], [ 37.6847, -0.2617 ], [ 37.6573, -0.265 ], [ 37.6343, -0.2573 ], [ 37.6153, -0.2595 ], [ 37.6059, -0.2703 ], [ 37.3128, -0.1503 ], [ 37.5799, -0.1801 ], [ 37.6441, -0.213 ], [ 37.6661, -0.2053 ], [ 37.6839, -0.2072 ], [ 37.7315, -0.1988 ], [ 37.7389, -0.1914 ], [ 37.7373, -0.1872 ], [ 37.7526, -0.1782 ], [ 37.7689, -0.1506 ], [ 37.7907, -0.1628 ], [ 37.7971, -0.1712 ], [ 37.7985, -0.186 ], [ 37.8691, -0.1298 ], [ 37.9331, -0.0658 ], [ 37.9363, -0.0377 ], [ 37.9227, -0.0266 ], [ 37.9285, -0.0064 ], [ 37.9351, -0.001 ], [ 37.9289, 0.0031 ], [ 37.8961, -0.0039 ], [ 37.8875, 0.0017 ], [ 37.8897, 0.0122 ], [ 37.9101, 0.0167 ], [ 37.9525, 0.0535 ], [ 37.9695, 0.0559 ], [ 37.9751, 0.0479 ], [ 37.9857, 0.0443 ], [ 37.9815, 0.0676 ], [ 37.9983, 0.0669 ], [ 38.0183, 0.0589 ], [ 38.0409, 0.0297 ], [ 38.0595, 0.0243 ], [ 38.0697, 0.0245 ], [ 38.0741, 0.0317 ], [ 38.0813, 0.0287 ], [ 38.0889, 0.0417 ], [ 38.1113, 0.0541 ], [ 38.1357, 0.0487 ], [ 38.1621, 0.0273 ], [ 38.1917, 0.0143 ], [ 38.2046, 0.0172 ], [ 38.2208, 0.0116 ], [ 38.2307, -0.0097 ], [ 38.2461, -0.0215 ], [ 38.2547, -0.0171 ], [ 38.2869, -0.027 ], [ 38.3019, -0.0452 ], [ 38.3003, -0.0522 ], [ 38.3085, -0.0557 ], [ 38.2867, -0.087 ], [ 38.276, -0.0885 ], [ 38.2731, -0.0956 ], [ 38.2477, -0.088 ], [ 38.2217, -0.1048 ], [ 38.2073, -0.1292 ], [ 38.2069, -0.1427 ], [ 38.1861, -0.1535 ], [ 38.1827, -0.1899 ], [ 38.1657, -0.2196 ], [ 38.1637, -0.2329 ], [ 38.1513, -0.2413 ], [ 38.1431, -0.2412 ], [ 38.1369, -0.2556 ], [ 38.1143, -0.2767 ], [ 38.0471, -0.2761 ], [ 38.0236, -0.2667 ], [ 37.9994, -0.2642 ], [ 37.9795, -0.3108 ], [ 37.9857, -0.3239 ], [ 37.9717, -0.3448 ], [ 37.9781, -0.3542 ], [ 37.9682, -0.3629 ], [ 37.9745, -0.3764 ], [ 37.9702, -0.3811 ], [ 37.9693, -0.3979 ], [ 37.9599, -0.4179 ], [ 37.9452, -0.4276 ], [ 37.9245, -0.4269 ], [ 37.9225, -0.4158 ], [ 37.9085, -0.4131 ], [ 37.8995, -0.3963 ], [ 37.8901, -0.3934 ], [ 37.8965, -0.3702 ], [ 37.8905, -0.367 ], [ 37.8945, -0.3528 ], [ 37.8863, -0.343 ], [ 37.8735, -0.3508 ], [ 37.8707, -0.3659 ], [ 37.8651, -0.3714 ], [ 37.8659, -0.3825 ], [ 37.8526, -0.3904 ], [ 37.8455, -0.4025 ], [ 37.8315, -0.406 ], [ 37.8146, -0.428 ], [ 37.8019, -0.4367 ], [ 37.7849, -0.4472 ], [ 37.7596, -0.4495 ], [ 37.7436, -0.4459 ], [ 37.7201, -0.4504 ], [ 37.7149, -0.4447 ], [ 37.6933, -0.4384 ], [ 37.6836, -0.4286 ], [ 37.6601, -0.4215 ], [ 37.6307, -0.3897 ], [ 37.612, -0.3806 ], [ 37.6, -0.3801 ], [ 37.5842, -0.3659 ], [ 37.5535, -0.3572 ], [ 37.4989, -0.3086 ], [ 37.6079, -0.3372 ], [ 37.6261, -0.3514 ], [ 37.6376, -0.3494 ], [ 37.6533, -0.3615 ], [ 37.6709, -0.3615 ], [ 37.6741, -0.3773 ], [ 37.6849, -0.3804 ], [ 37.7071, -0.3979 ], [ 37.7079, -0.4066 ], [ 37.7165, -0.4119 ], [ 37.7356, -0.3971 ], [ 37.7038, -0.3592 ], [ 37.7053, -0.3479 ], [ 37.6919, -0.3416 ], [ 37.6745, -0.3425 ], [ 37.6711, -0.3384 ], [ 37.6473, -0.3354 ], [ 37.6241, -0.3238 ], [ 37.6039, -0.3197 ], [ 37.5881, -0.2725 ], [ 37.6125, -0.2831 ], [ 37.6887, -0.2831 ], [ 37.7175, -0.2973 ], [ 37.7308, -0.2902 ], [ 37.7701, -0.2849 ] ] ] } },
{ "type": "Feature", "properties": { "county": "Trans Nzoia", "area_km2": 2465.2197709625821 }, "geometry": { "type": "Polygon", "coordinates": [ [ [ 35.1178, 0.8913 ], [ 35.1018, 0.8792 ], [ 35.0976, 0.8851 ], [ 35.0861, 0.8863 ], [ 35.0809, 0.8929 ], [ 35.0825, 0.8986 ], [ 35.0738, 0.9047 ], [ 35.0688, 0.9014 ], [ 35.0411, 0.9067 ], [ 35.0319, 0.8986 ], [ 35.0241, 0.9008 ], [ 35.0191, 0.8918 ], [ 34.9852, 0.8848 ], [ 34.988, 0.8905 ], [ 34.9657, 0.8838 ], [ 34.9667, 0.8789 ], [ 34.9422, 0.8753 ], [ 34.9337, 0.8587 ], [ 34.9257, 0.8597 ], [ 34.8705, 0.8303 ], [ 34.809, 0.8112 ], [ 34.8103, 0.8312 ], [ 34.805, 0.8494 ], [ 34.7964, 0.8599 ], [ 34.7955, 0.8745 ], [ 34.7866, 0.8949 ], [ 34.8007, 0.9105 ], [ 34.7976, 0.9198 ], [ 34.7851, 0.9301 ], [ 34.7679, 0.9268 ], [ 34.7392, 0.9441 ], [ 34.6508, 1.0606 ], [ 34.6616, 1.0876 ], [ 34.6321, 1.0973 ], [ 34.6161, 1.1091 ], [ 34.5818, 1.1512 ], [ 34.6094, 1.1583 ], [ 34.6206, 1.1677 ], [ 34.6488, 1.1792 ], [ 34.6634, 1.1924 ], [ 34.6695, 1.2082 ], [ 34.7572, 1.2228 ], [ 34.7693, 1.2195 ], [ 34.7825, 1.225 ], [ 34.7952, 1.2232 ], [ 34.8184, 1.2507 ], [ 34.8196, 1.2622 ], [ 34.9067, 1.2838 ], [ 34.9051, 1.2524 ], [ 34.939, 1.2536 ], [ 34.97, 1.2485 ], [ 34.9939, 1.2632 ], [ 35.0126, 1.2599 ], [ 35.0256, 1.2379 ], [ 35.0436, 1.2204 ], [ 35.036, 1.2092 ], [ 35.0426, 1.2002 ], [ 35.0845, 1.173 ], [ 35.088, 1.1877 ], [ 35.1198, 1.193 ], [ 35.1254, 1.1887 ], [ 35.1517, 1.2045 ], [ 35.2021, 1.1222 ], [ 35.2177, 1.1209 ], [ 35.2421, 1.0792 ], [ 35.271, 1.0677 ], [ 35.3131, 1.0419 ], [ 35.362, 1.0247 ], [ 35.3618, 1.0139 ], [ 35.3423, 1.0097 ], [ 35.3523, 0.9848 ], [ 35.3373, 0.9734 ], [ 35.3463, 0.9718 ], [ 35.3403, 0.9684 ], [ 35.3438, 0.953 ], [ 35.3593, 0.95 ], [ 35.3489, 0.9263 ], [ 35.3297, 0.9389 ], [ 35.3054, 0.8959 ], [ 35.2936, 0.9195 ], [ 35.2784, 0.9266 ], [ 35.2704, 0.941 ], [ 35.2525, 0.9463 ], [ 35.2224, 0.9251 ], [ 35.1904, 0.9314 ], [ 35.1551, 0.9234 ], [ 35.1282, 0.9255 ], [ 35.1273, 0.9187 ], [ 35.1163, 0.9125 ], [ 35.1133, 0.8974 ], [ 35.1178, 0.8913 ] ] ] } },
{ "type": "Feature", "properties": { "county": "Turkana", "area_km2": 63731.842510970091 }, "geometry": { "type": "Polygon", "coordinates": [ [ [ 36.3931, 0.9168 ], [ 36.3939, 0.9248 ], [ 36.388, 0.931 ], [ 36.3906, 0.9462 ], [ 36.3842, 0.9551 ], [ 36.3699, 0.9559 ], [ 36.3638, 0.9642 ], [ 36.3515, 0.9667 ], [ 36.3422, 0.9983 ], [ 36.3173, 0.9955 ], [ 36.1732, 1.1752 ], [ 36.0961, 1.171 ], [ 35.7855, 1.6559 ], [ 35.7817, 1.6683 ], [ 35.7386, 1.683 ], [ 35.6736, 1.7272 ], [ 35.6694, 1.7352 ], [ 35.6577, 1.7378 ], [ 35.6485, 1.7461 ], [ 35.6084, 1.7554 ], [ 35.5938, 1.7685 ], [ 35.5676, 1.764 ], [ 35.5493, 1.7705 ], [ 35.528, 1.7682 ], [ 35.5159, 1.7744 ], [ 35.498, 1.7709 ], [ 35.4972, 1.7804 ], [ 35.4853, 1.7917 ], [ 35.4825, 1.8019 ], [ 35.4709, 1.8083 ], [ 35.4776, 1.8179 ], [ 35.473, 1.8186 ], [ 35.4769, 1.8267 ], [ 35.4732, 1.8411 ], [ 35.4675, 1.8474 ], [ 35.4608, 1.8455 ], [ 35.4575, 1.8516 ], [ 35.4527, 1.8506 ], [ 35.3694, 1.9343 ], [ 35.3769, 1.9502 ], [ 35.3912, 1.9585 ], [ 35.3893, 1.9654 ], [ 35.3937, 1.9688 ], [ 35.3118, 2.2841 ], [ 35.3031, 2.403 ], [ 35.2917, 2.4285 ], [ 35.2288, 2.4498 ], [ 35.2153, 2.4965 ], [ 35.2129, 2.5425 ], [ 35.1869, 2.5716 ], [ 35.1784, 2.598 ], [ 35.1575, 2.6284 ], [ 35.1126, 2.6526 ], [ 35.0961, 2.6495 ], [ 35.0811, 2.6394 ], [ 35.0742, 2.6284 ], [ 35.0641, 2.6227 ], [ 35.0555, 2.5677 ], [ 35.0156, 2.5018 ], [ 35.0256, 2.4365 ], [ 34.9644, 2.4509 ], [ 34.9536, 2.4579 ], [ 34.9544, 2.4726 ], [ 34.9485, 2.4724 ], [ 34.933, 2.5162 ], [ 34.913, 2.5168 ], [ 34.8938, 2.5931 ], [ 34.8805, 2.5897 ], [ 34.8783, 2.5726 ], [ 34.8682, 2.5708 ], [ 34.8522, 2.5838 ], [ 34.8316, 2.6211 ], [ 34.7992, 2.6561 ], [ 34.7904, 2.6836 ], [ 34.7754, 2.6981 ], [ 34.7835, 2.7554 ], [ 34.7659, 2.8137 ], [ 34.755, 2.8287 ], [ 34.7491, 2.8264 ], [ 34.7363, 2.8552 ], [ 34.7117, 2.8655 ], [ 34.7017, 2.8779 ], [ 34.6924, 2.8631 ], [ 34.6529, 2.8678 ], [ 34.6393, 2.907 ], [ 34.599, 2.9249 ], [ 34.5874, 3.0041 ], [ 34.5765, 3.0208 ], [ 34.5723, 3.0917 ], [ 34.5458, 3.1368 ], [ 34.512, 3.1491 ], [ 34.4948, 3.1416 ], [ 34.482, 3.1654 ], [ 34.4604, 3.1746 ], [ 34.4558, 3.1823 ], [ 34.4474, 3.2833 ], [ 34.4299, 3.343 ], [ 34.4006, 3.3709 ], [ 34.4017, 3.4154 ], [ 34.4098, 3.4184 ], [ 34.4193, 3.4337 ], [ 34.4166, 3.451 ], [ 34.391, 3.4833 ], [ 34.3889, 3.4921 ], [ 34.396, 3.4883 ], [ 34.4247, 3.492 ], [ 34.4515, 3.5175 ], [ 34.4566, 3.5758 ], [ 34.4531, 3.6115 ], [ 34.4632, 3.6698 ], [ 34.4558, 3.6766 ], [ 34.4049, 3.6931 ], [ 34.3942, 3.7181 ], [ 34.365, 3.7355 ], [ 34.331, 3.7334 ], [ 34.3079, 3.7117 ], [ 34.2664, 3.7486 ], [ 34.2456, 3.7842 ], [ 34.2332, 3.7811 ], [ 34.229, 3.7745 ], [ 34.226, 3.7829 ], [ 34.2203, 3.7845 ], [ 34.1709, 3.7681 ], [ 34.166, 3.7739 ], [ 34.1901, 3.7832 ], [ 34.1886, 3.7955 ], [ 34.1537, 3.8003 ], [ 34.1532, 3.8073 ], [ 34.1639, 3.8108 ], [ 34.18, 3.8319 ], [ 34.226, 3.8314 ], [ 34.225, 3.8525 ], [ 34.2155, 3.8812 ], [ 34.175, 3.88 ], [ 34.1669, 3.8702 ], [ 34.1278, 3.8725 ], [ 34.0884, 3.8616 ], [ 34.0914, 3.8856 ], [ 34.1199, 3.9012 ], [ 34.1346, 3.9617 ], [ 34.1057, 3.977 ], [ 34.0821, 4.0026 ], [ 34.06, 4.0099 ], [ 34.0588, 4.0281 ], [ 34.0876, 4.037 ], [ 34.0916, 4.0617 ], [ 34.0797, 4.0858 ], [ 34.0631, 4.0946 ], [ 34.0495, 4.1215 ], [ 34.0657, 4.1444 ], [ 34.0474, 4.1795 ], [ 34.002, 4.2214 ], [ 34.0177, 4.236 ], [ 33.9921, 4.256 ], [ 34.3715, 4.6243 ], [ 34.6718, 4.755 ], [ 34.9287, 4.8588 ], [ 35.2624, 4.9804 ], [ 35.2654, 4.9772 ], [ 35.2996, 4.9829 ], [ 35.3507, 5.01 ], [ 35.4079, 5.0612 ], [ 35.441, 5.0582 ], [ 35.42, 4.9438 ], [ 35.5374, 4.9588 ], [ 35.524, 4.9163 ], [ 35.5194, 4.9181 ], [ 35.503, 4.8094 ], [ 35.487, 4.7774 ], [ 35.5056, 4.7636 ], [ 35.5103, 4.7481 ], [ 35.5836, 4.6239 ], [ 35.7048, 4.623 ], [ 35.736, 4.6669 ], [ 35.7661, 4.6819 ], [ 35.7842, 4.6729 ], [ 35.7926, 4.6264 ], [ 35.8699, 4.6273 ], [ 35.9654, 4.5115 ], [ 35.9969, 4.4914 ], [ 36.0391, 4.4541 ], [ 36.0521, 4.4492 ], [ 36.0521, 3.2385 ], [ 36.0741, 3.2259 ], [ 36.1109, 3.2207 ], [ 36.1379, 3.2087 ], [ 36.1441, 3.2227 ], [ 36.1517, 3.2147 ], [ 36.1505, 3.1907 ], [ 36.1385, 3.1515 ], [ 36.1495, 3.1347 ], [ 36.1527, 3.0865 ], [ 36.1473, 3.0741 ], [ 36.1409, 3.0725 ], [ 36.1407, 3.0365 ], [ 36.1364, 3.018 ], [ 36.1276, 3.0075 ], [ 36.1238, 2.9854 ], [ 36.1296, 2.9854 ], [ 36.13, 2.9792 ], [ 36.1374, 2.9843 ], [ 36.1341, 2.9685 ], [ 36.1927, 2.9691 ], [ 36.2031, 2.9623 ], [ 36.2227, 2.9563 ], [ 36.2331, 2.9585 ], [ 36.2477, 2.9507 ], [ 36.2549, 2.9561 ], [ 36.2548, 2.9704 ], [ 36.2691, 2.9148 ], [ 36.2827, 2.8964 ], [ 36.3643, 2.8621 ], [ 36.3831, 2.8394 ], [ 36.3963, 2.8039 ], [ 36.4187, 2.7675 ], [ 36.4213, 2.7405 ], [ 36.4293, 2.723 ], [ 36.4471, 2.7102 ], [ 36.4339, 2.683 ], [ 36.4383, 2.6341 ], [ 36.4535, 2.6129 ], [ 36.4729, 2.6093 ], [ 36.4935, 2.5761 ], [ 36.5149, 2.5605 ], [ 36.5248, 2.5304 ], [ 36.5302, 2.5264 ], [ 36.5295, 2.4735 ], [ 36.5244, 2.451 ], [ 36.5391, 2.4114 ], [ 36.5604, 2.4006 ], [ 36.5682, 2.4086 ], [ 36.5855, 2.4109 ], [ 36.5933, 2.4171 ], [ 36.6025, 2.4092 ], [ 36.6013, 2.3608 ], [ 36.7233, 2.3026 ], [ 36.7236, 2.276 ], [ 36.7086, 2.2643 ], [ 36.7143, 2.2555 ], [ 36.7121, 2.2263 ], [ 36.7004, 2.2176 ], [ 36.7018, 2.2039 ], [ 36.6814, 2.1973 ], [ 36.6487, 2.1731 ], [ 36.6111, 2.1629 ], [ 36.595, 2.1464 ], [ 36.5879, 2.1458 ], [ 36.5806, 2.1258 ], [ 36.5647, 2.1084 ], [ 36.5692, 2.0583 ], [ 36.5563, 2.0485 ], [ 36.5445, 2.0277 ], [ 36.5473, 2.0083 ], [ 36.5431, 2.0121 ], [ 36.5402, 2.0076 ], [ 36.5467, 1.9953 ], [ 36.5321, 1.9573 ], [ 36.5342, 1.9535 ], [ 36.5412, 1.9603 ], [ 36.5414, 1.9187 ], [ 36.5375, 1.9065 ], [ 36.5151, 1.8806 ], [ 36.5163, 1.8528 ], [ 36.5185, 1.8475 ], [ 36.5229, 1.8527 ], [ 36.5249, 1.8475 ], [ 36.5216, 1.8372 ], [ 36.5245, 1.8336 ], [ 36.5147, 1.8311 ], [ 36.5155, 1.8232 ], [ 36.5316, 1.808 ], [ 36.5224, 1.7972 ], [ 36.5254, 1.7904 ], [ 36.5172, 1.7824 ], [ 36.5189, 1.7723 ], [ 36.5116, 1.7731 ], [ 36.5193, 1.7569 ], [ 36.5256, 1.7643 ], [ 36.5279, 1.7578 ], [ 36.5096, 1.7383 ], [ 36.5038, 1.7114 ], [ 36.4871, 1.7045 ], [ 36.4856, 1.6866 ], [ 36.4703, 1.6614 ], [ 36.4636, 1.6152 ], [ 36.4474, 1.6189 ], [ 36.4411, 1.615 ], [ 36.4264, 1.573 ], [ 36.4128, 1.5615 ], [ 36.3956, 1.5263 ], [ 36.3895, 1.5251 ], [ 36.3757, 1.5432 ], [ 36.3725, 1.5707 ], [ 36.3771, 1.5861 ], [ 36.3701, 1.5965 ], [ 36.3588, 1.5871 ], [ 36.357, 1.5711 ], [ 36.3463, 1.571 ], [ 36.3446, 1.5785 ], [ 36.3026, 1.5413 ], [ 36.2968, 1.5043 ], [ 36.3, 1.4911 ], [ 36.2896, 1.4698 ], [ 36.3221, 1.4756 ], [ 36.3422, 1.4508 ], [ 36.3558, 1.4413 ], [ 36.3927, 1.4493 ], [ 36.4199, 1.4206 ], [ 36.4274, 1.4192 ], [ 36.4282, 1.4125 ], [ 36.4474, 1.4165 ], [ 36.4553, 1.4023 ], [ 36.462, 1.4072 ], [ 36.4669, 1.4025 ], [ 36.4604, 1.3717 ], [ 36.4248, 1.3496 ], [ 36.4211, 1.3347 ], [ 36.4039, 1.3173 ], [ 36.3937, 1.3157 ], [ 36.403, 1.3121 ], [ 36.4061, 1.3036 ], [ 36.421, 1.2996 ], [ 36.4359, 1.3081 ], [ 36.4367, 1.2953 ], [ 36.4503, 1.2765 ], [ 36.4536, 1.2607 ], [ 36.4472, 1.2521 ], [ 36.4096, 1.2789 ], [ 36.4042, 1.2734 ], [ 36.3969, 1.2771 ], [ 36.3893, 1.2674 ], [ 36.4045, 1.2563 ], [ 36.412, 1.2642 ], [ 36.4142, 1.2489 ], [ 36.4212, 1.2384 ], [ 36.4171, 1.2308 ], [ 36.4119, 1.2362 ], [ 36.3951, 1.2249 ], [ 36.3966, 1.1948 ], [ 36.3901, 1.1888 ], [ 36.3915, 1.1796 ], [ 36.3979, 1.1774 ], [ 36.4199, 1.1907 ], [ 36.4427, 1.1792 ], [ 36.4336, 1.1436 ], [ 36.44, 1.1378 ], [ 36.4447, 1.1198 ], [ 36.4388, 1.091 ], [ 36.4434, 1.0755 ], [ 36.4426, 1.041 ], [ 36.4532, 1.0183 ], [ 36.4444, 0.9838 ], [ 36.428, 0.9505 ], [ 36.3931, 0.9168 ] ] ] } },
{ "type": "Feature", "properties": { "county": "Uasin Gishu", "area_km2": 3429.4981947655006 }, "geometry": { "type": "Polygon", "coordinates": [ [ [ 35.5741, 0.069 ], [ 35.5866, 0.0378 ], [ 35.5166, 0.0196 ], [ 35.5139, 0.0127 ], [ 35.4803, 0.02 ], [ 35.4578, 0.0146 ], [ 35.4713, 0.0242 ], [ 35.4664, 0.0319 ], [ 35.4041, 0.033 ], [ 35.3692, 0.0472 ], [ 35.3474, 0.0654 ], [ 35.3499, 0.0697 ], [ 35.3594, 0.0691 ], [ 35.3642, 0.0781 ], [ 35.3719, 0.0769 ], [ 35.387, 0.1188 ], [ 35.3784, 0.1196 ], [ 35.37, 0.1321 ], [ 35.3339, 0.1472 ], [ 35.3423, 0.1756 ], [ 35.3407, 0.1988 ], [ 35.3656, 0.1913 ], [ 35.3661, 0.2002 ], [ 35.3571, 0.2155 ], [ 35.3422, 0.2067 ], [ 35.3243, 0.2283 ], [ 35.3122, 0.2189 ], [ 35.2898, 0.2333 ], [ 35.1967, 0.3809 ], [ 35.1771, 0.4247 ], [ 35.1502, 0.4611 ], [ 35.1418, 0.4777 ], [ 35.1598, 0.5094 ], [ 35.1667, 0.5517 ], [ 35.1567, 0.5436 ], [ 35.1408, 0.5411 ], [ 35.1332, 0.5478 ], [ 35.1093, 0.5541 ], [ 35.1046, 0.5616 ], [ 35.0996, 0.5446 ], [ 35.0454, 0.5672 ], [ 34.8521, 0.5518 ], [ 34.8976, 0.6055 ], [ 34.8908, 0.6123 ], [ 34.9202, 0.5966 ], [ 34.9435, 0.6127 ], [ 34.9658, 0.6152 ], [ 34.9769, 0.6295 ], [ 34.9941, 0.6349 ], [ 35.0, 0.6432 ], [ 35.0272, 0.6184 ], [ 35.041, 0.6371 ], [ 35.0393, 0.6453 ], [ 35.0538, 0.6369 ], [ 35.0863, 0.6343 ], [ 35.1033, 0.6517 ], [ 35.116, 0.6463 ], [ 35.1174, 0.6542 ], [ 35.125, 0.6594 ], [ 35.1547, 0.6664 ], [ 35.1513, 0.6728 ], [ 35.1553, 0.6802 ], [ 35.1555, 0.7453 ], [ 35.1439, 0.7449 ], [ 35.1448, 0.832 ], [ 35.1257, 0.8334 ], [ 35.125, 0.8235 ], [ 35.1161, 0.8563 ], [ 35.1138, 0.8883 ], [ 35.1178, 0.8915 ], [ 35.1133, 0.8976 ], [ 35.1163, 0.9125 ], [ 35.1273, 0.9187 ], [ 35.128, 0.9254 ], [ 35.1551, 0.9234 ], [ 35.1904, 0.9314 ], [ 35.2224, 0.9251 ], [ 35.2527, 0.9463 ], [ 35.2704, 0.941 ], [ 35.2784, 0.9266 ], [ 35.2936, 0.9195 ], [ 35.3054, 0.8959 ], [ 35.3297, 0.9389 ], [ 35.3489, 0.9263 ], [ 35.3593, 0.95 ], [ 35.3772, 0.9419 ], [ 35.3854, 0.9502 ], [ 35.4206, 0.9435 ], [ 35.4151, 0.9135 ], [ 35.4689, 0.906 ], [ 35.4562, 0.8823 ], [ 35.4885, 0.882 ], [ 35.4932, 0.8592 ], [ 35.4812, 0.8274 ], [ 35.4993, 0.8254 ], [ 35.502, 0.7788 ], [ 35.5054, 0.7793 ], [ 35.5074, 0.771 ], [ 35.4984, 0.7539 ], [ 35.4909, 0.7554 ], [ 35.4976, 0.7525 ], [ 35.4934, 0.7325 ], [ 35.4985, 0.7202 ], [ 35.5053, 0.7163 ], [ 35.505, 0.7078 ], [ 35.4092, 0.7084 ], [ 35.4813, 0.5949 ], [ 35.4635, 0.5113 ], [ 35.4613, 0.4601 ], [ 35.4729, 0.4537 ], [ 35.4812, 0.4093 ], [ 35.4872, 0.4093 ], [ 35.4793, 0.3936 ], [ 35.4881, 0.3853 ], [ 35.4788, 0.3874 ], [ 35.4705, 0.3831 ], [ 35.4684, 0.3746 ], [ 35.5137, 0.3273 ], [ 35.5095, 0.3194 ], [ 35.4949, 0.3178 ], [ 35.5042, 0.2988 ], [ 35.4987, 0.2959 ], [ 35.4997, 0.2829 ], [ 35.491, 0.2681 ], [ 35.4946, 0.2624 ], [ 35.4855, 0.255 ], [ 35.4957, 0.2367 ], [ 35.5049, 0.2296 ], [ 35.5281, 0.235 ], [ 35.5401, 0.2302 ], [ 35.5307, 0.2249 ], [ 35.5127, 0.1932 ], [ 35.5551, 0.1949 ], [ 35.5679, 0.203 ], [ 35.5675, 0.1913 ], [ 35.5878, 0.1762 ], [ 35.5907, 0.1532 ], [ 35.5752, 0.1193 ], [ 35.5741, 0.069 ] ] ] } },
{ "type": "Feature", "properties": { "county": "Vihiga", "area_km2": 558.51535903743422 }, "geometry": { "type": "Polygon", "coordinates": [ [ [ 34.5902, 0.0034 ], [ 34.5831, -0.0274 ], [ 34.5651, -0.0362 ], [ 34.5606, -0.0253 ], [ 34.5643, -0.014 ], [ 34.5477, -0.0179 ], [ 34.533, -0.01 ], [ 34.542, 0.0011 ], [ 34.5336, 0.009 ], [ 34.544, 0.0145 ], [ 34.5526, 0.0476 ], [ 34.5602, 0.0521 ], [ 34.5538, 0.0933 ], [ 34.5618, 0.1009 ], [ 34.5715, 0.0998 ], [ 34.5862, 0.1084 ], [ 34.5864, 0.1196 ], [ 34.6327, 0.1329 ], [ 34.6636, 0.1307 ], [ 34.6771, 0.1345 ], [ 34.6847, 0.1285 ], [ 34.6954, 0.1386 ], [ 34.7041, 0.1361 ], [ 34.7036, 0.1442 ], [ 34.7227, 0.1453 ], [ 34.7377, 0.154 ], [ 34.7387, 0.1463 ], [ 34.7602, 0.143 ], [ 34.7659, 0.1548 ], [ 34.77, 0.1573 ], [ 34.7764, 0.1533 ], [ 34.7811, 0.1613 ], [ 34.7905, 0.1616 ], [ 34.7968, 0.1674 ], [ 34.8039, 0.167 ], [ 34.8114, 0.1568 ], [ 34.8167, 0.1584 ], [ 34.812, 0.1892 ], [ 34.8252, 0.1919 ], [ 34.8466, 0.1877 ], [ 34.8601, 0.1975 ], [ 34.8613, 0.2042 ], [ 34.8679, 0.1999 ], [ 34.8728, 0.2054 ], [ 34.8855, 0.2024 ], [ 34.8868, 0.2096 ], [ 34.8933, 0.2126 ], [ 34.9044, 0.2007 ], [ 34.9136, 0.2038 ], [ 34.9161, 0.2006 ], [ 34.9118, 0.1892 ], [ 34.92, 0.1855 ], [ 34.916, 0.1774 ], [ 34.9206, 0.1739 ], [ 34.9141, 0.1603 ], [ 34.8829, 0.1481 ], [ 34.882, 0.1425 ], [ 34.8596, 0.1256 ], [ 34.8599, 0.0884 ], [ 34.8486, 0.0745 ], [ 34.8495, 0.0651 ], [ 34.8396, 0.0511 ], [ 34.8367, 0.0373 ], [ 34.8168, 0.0382 ], [ 34.805, 0.0263 ], [ 34.7985, 0.03 ], [ 34.7786, 0.0111 ], [ 34.7628, 0.0034 ], [ 34.7598, 0.0145 ], [ 34.7419, 0.0098 ], [ 34.7395, 0.0037 ], [ 34.7495, -0.016 ], [ 34.7397, -0.0193 ], [ 34.7257, 0.0001 ], [ 34.7155, -0.0037 ], [ 34.7095, -0.0148 ], [ 34.6959, -0.0136 ], [ 34.6875, -0.0195 ], [ 34.6936, -0.0083 ], [ 34.6887, -0.0046 ], [ 34.6717, -0.0096 ], [ 34.6274, 0.009 ], [ 34.6117, 0.0054 ], [ 34.6135, 0.0088 ], [ 34.6024, 0.0174 ], [ 34.5902, 0.0034 ] ] ] } },
{ "type": "Feature", "properties": { "county": "Wajir", "area_km2": 56636.036090870643 }, "geometry": { "type": "Polygon", "coordinates": [ [ [ 40.9887, 0.4621 ], [ 40.9201, 0.4261 ], [ 40.886, 0.3933 ], [ 40.8581, 0.3759 ], [ 40.7713, 0.3532 ], [ 40.7501, 0.3417 ], [ 40.7367, 0.3262 ], [ 40.7171, 0.3206 ], [ 40.6955, 0.2785 ], [ 40.6845, 0.2715 ], [ 40.6813, 0.2571 ], [ 40.6465, 0.2313 ], [ 40.6115, 0.2321 ], [ 40.6065, 0.2265 ], [ 40.5953, 0.2253 ], [ 40.5855, 0.2153 ], [ 40.5629, 0.2163 ], [ 40.5349, 0.227 ], [ 40.5241, 0.2218 ], [ 40.5055, 0.1927 ], [ 40.4955, 0.1971 ], [ 40.4787, 0.1867 ], [ 40.4257, 0.1899 ], [ 40.3993, 0.1841 ], [ 40.3578, 0.2013 ], [ 40.3394, 0.1987 ], [ 40.3432, 0.2027 ], [ 40.3289, 0.2042 ], [ 40.2998, 0.2236 ], [ 40.2442, 0.2497 ], [ 40.2144, 0.2734 ], [ 40.1766, 0.3159 ], [ 40.1301, 0.3421 ], [ 40.059, 0.3931 ], [ 40.0135, 0.3993 ], [ 39.9791, 0.4103 ], [ 39.944, 0.4304 ], [ 39.9035, 0.4635 ], [ 39.8743, 0.4597 ], [ 39.8496, 0.4785 ], [ 39.8009, 0.4845 ], [ 39.7747, 0.4965 ], [ 39.7624, 0.5117 ], [ 39.7317, 0.5267 ], [ 39.7235, 0.5431 ], [ 39.6883, 0.5801 ], [ 39.6539, 0.6325 ], [ 39.6455, 0.6571 ], [ 39.6139, 0.6845 ], [ 39.5641, 0.7557 ], [ 39.5331, 0.8535 ], [ 39.4991, 0.9305 ], [ 39.4931, 0.9605 ], [ 39.4799, 0.9803 ], [ 39.4625, 0.9933 ], [ 39.2769, 1.4733 ], [ 39.4483, 1.5357 ], [ 39.4391, 1.5379 ], [ 39.4125, 1.5601 ], [ 39.4037, 1.5591 ], [ 39.3971, 1.5643 ], [ 39.3939, 1.5741 ], [ 39.3873, 1.5737 ], [ 39.3851, 1.5817 ], [ 39.3459, 1.6283 ], [ 39.3411, 1.6403 ], [ 39.3215, 1.6499 ], [ 39.3157, 1.6603 ], [ 39.3107, 1.6577 ], [ 39.3073, 1.6681 ], [ 39.2843, 1.6767 ], [ 39.2713, 1.6895 ], [ 39.2607, 1.6885 ], [ 39.2471, 1.6992 ], [ 39.2037, 1.7161 ], [ 39.1801, 1.7577 ], [ 39.1603, 1.8133 ], [ 39.1417, 1.8376 ], [ 39.1433, 1.8533 ], [ 39.1293, 1.8737 ], [ 39.0599, 1.9273 ], [ 39.0577, 1.9407 ], [ 39.0469, 1.9485 ], [ 39.0305, 1.9776 ], [ 39.0041, 2.0029 ], [ 38.9945, 2.0067 ], [ 38.9897, 2.0297 ], [ 38.9927, 2.0397 ], [ 38.9847, 2.0507 ], [ 38.9847, 2.0706 ], [ 38.9555, 2.1057 ], [ 38.937, 2.1596 ], [ 38.9376, 2.2143 ], [ 38.9257, 2.2819 ], [ 38.9357, 2.3147 ], [ 38.9313, 2.3429 ], [ 38.9339, 2.3739 ], [ 38.9275, 2.4127 ], [ 38.9023, 2.4781 ], [ 38.8881, 2.5437 ], [ 38.9789, 2.5691 ], [ 39.0037, 2.6103 ], [ 39.0371, 2.6921 ], [ 39.0485, 2.7035 ], [ 39.0511, 2.7213 ], [ 39.0625, 2.7383 ], [ 39.0701, 2.8039 ], [ 39.0673, 2.8831 ], [ 39.1121, 2.8841 ], [ 39.1249, 2.9369 ], [ 39.1383, 2.9385 ], [ 39.1517, 2.9545 ], [ 39.1939, 2.9565 ], [ 39.2003, 2.9665 ], [ 39.2174, 2.978 ], [ 39.2455, 2.9855 ], [ 39.2897, 3.0375 ], [ 39.3453, 3.0707 ], [ 39.342, 3.2508 ], [ 39.3382, 3.2784 ], [ 39.328, 3.2886 ], [ 39.3126, 3.4079 ], [ 39.3001, 3.4294 ], [ 39.303, 3.4556 ], [ 39.3143, 3.4688 ], [ 39.3077, 3.4696 ], [ 39.3082, 3.4773 ], [ 39.3284, 3.4782 ], [ 39.3326, 3.4662 ], [ 39.4056, 3.4646 ], [ 39.4237, 3.4571 ], [ 39.4937, 3.4575 ], [ 39.5161, 3.4044 ], [ 39.5274, 3.3988 ], [ 39.5439, 3.4015 ], [ 39.5589, 3.4124 ], [ 39.5819, 3.4781 ], [ 39.771, 3.6684 ], [ 39.7792, 3.6865 ], [ 39.7826, 3.6579 ], [ 39.7853, 3.6603 ], [ 39.7871, 3.3365 ], [ 40.0335, 3.2373 ], [ 40.1699, 3.0907 ], [ 40.2639, 2.9803 ], [ 40.2681, 2.9805 ], [ 40.2701, 2.9717 ], [ 40.4931, 2.8687 ], [ 40.4973, 2.8515 ], [ 40.4947, 2.8391 ], [ 40.4991, 2.8343 ], [ 40.4955, 2.8191 ], [ 40.5031, 2.8103 ], [ 40.4943, 2.7999 ], [ 40.5021, 2.7955 ], [ 40.5035, 2.7843 ], [ 40.5207, 2.7761 ], [ 40.5199, 2.7403 ], [ 40.4999, 2.7201 ], [ 40.5195, 2.6963 ], [ 40.5269, 2.6661 ], [ 40.5357, 2.6529 ], [ 40.5499, 2.6111 ], [ 40.5491, 2.6023 ], [ 40.5599, 2.5891 ], [ 40.5581, 2.5787 ], [ 40.5793, 2.5497 ], [ 40.5793, 2.5303 ], [ 40.5969, 2.5131 ], [ 40.5915, 2.5031 ], [ 40.6037, 2.4927 ], [ 40.6033, 2.4819 ], [ 40.6135, 2.4643 ], [ 40.6411, 2.4371 ], [ 40.6617, 2.4283 ], [ 40.6655, 2.3911 ], [ 40.6749, 2.3837 ], [ 40.6763, 2.3761 ], [ 40.7105, 2.3491 ], [ 40.7181, 2.3297 ], [ 40.7293, 2.3199 ], [ 40.7409, 2.3133 ], [ 40.7745, 2.3141 ], [ 40.8011, 2.2917 ], [ 40.8233, 2.2923 ], [ 40.8329, 2.2881 ], [ 40.8573, 2.2627 ], [ 40.8673, 2.2357 ], [ 40.9003, 2.2029 ], [ 40.9437, 2.1773 ], [ 40.9786, 2.1784 ], [ 40.9938, 1.8239 ], [ 40.9907, 1.2308 ], [ 40.9947, 1.231 ], [ 40.9905, 0.8233 ], [ 40.9943, 0.6712 ], [ 40.9887, 0.4621 ] ] ] } },
{ "type": "Feature", "properties": { "county": "West Pokot", "area_km2": 9510.0343267671215 }, "geometry": { "type": "Polygon", "coordinates": [ [ [ 35.4222, 1.1893 ], [ 35.4214, 1.1765 ], [ 35.4278, 1.1739 ], [ 35.4326, 1.179 ], [ 35.4414, 1.165 ], [ 35.4608, 1.1647 ], [ 35.4727, 1.1441 ], [ 35.4685, 1.1244 ], [ 35.453, 1.1228 ], [ 35.4508, 1.1297 ], [ 35.4474, 1.1273 ], [ 35.4479, 1.1032 ], [ 35.4539, 1.0879 ], [ 35.4477, 1.0709 ], [ 35.4536, 1.0436 ], [ 35.4673, 1.0407 ], [ 35.4755, 1.0234 ], [ 35.4739, 1.0062 ], [ 35.4682, 1.0045 ], [ 35.4388, 1.0076 ], [ 35.4355, 1.0118 ], [ 35.4308, 0.9852 ], [ 35.4197, 0.9844 ], [ 35.3996, 0.9894 ], [ 35.3894, 1.001 ], [ 35.3662, 1.0104 ], [ 35.3735, 1.0215 ], [ 35.3885, 1.0231 ], [ 35.3886, 1.0324 ], [ 35.3817, 1.039 ], [ 35.3831, 1.0542 ], [ 35.3712, 1.065 ], [ 35.3428, 1.0656 ], [ 35.3524, 1.0881 ], [ 35.3336, 1.1277 ], [ 35.3253, 1.124 ], [ 35.1515, 1.2046 ], [ 35.1254, 1.1887 ], [ 35.1198, 1.193 ], [ 35.088, 1.1877 ], [ 35.0845, 1.173 ], [ 35.0426, 1.2002 ], [ 35.036, 1.2092 ], [ 35.0436, 1.2204 ], [ 35.0256, 1.2379 ], [ 35.0126, 1.2599 ], [ 34.9939, 1.2632 ], [ 34.97, 1.2485 ], [ 34.939, 1.2536 ], [ 34.9051, 1.2524 ], [ 34.9067, 1.2838 ], [ 34.8196, 1.2622 ], [ 34.8314, 1.2712 ], [ 34.829, 1.3098 ], [ 34.7867, 1.3664 ], [ 34.8065, 1.384 ], [ 34.7942, 1.4147 ], [ 34.8008, 1.4233 ], [ 34.8167, 1.431 ], [ 34.831, 1.4519 ], [ 34.8442, 1.4572 ], [ 34.864, 1.5285 ], [ 34.8902, 1.5554 ], [ 34.9066, 1.5532 ], [ 34.9436, 1.5768 ], [ 34.9915, 1.6665 ], [ 35.0003, 1.7587 ], [ 35.0002, 1.9626 ], [ 34.9845, 1.9854 ], [ 34.9797, 2.0539 ], [ 34.9455, 2.2115 ], [ 34.9197, 2.3937 ], [ 34.915, 2.3975 ], [ 34.9166, 2.4249 ], [ 34.9323, 2.4311 ], [ 34.9312, 2.4387 ], [ 34.9358, 2.4383 ], [ 34.9421, 2.4531 ], [ 34.9536, 2.4579 ], [ 34.9702, 2.4483 ], [ 35.0256, 2.4365 ], [ 35.0156, 2.5018 ], [ 35.0197, 2.513 ], [ 35.0555, 2.5677 ], [ 35.0595, 2.6108 ], [ 35.0654, 2.6248 ], [ 35.0961, 2.6495 ], [ 35.1091, 2.6527 ], [ 35.1317, 2.6452 ], [ 35.1575, 2.6284 ], [ 35.1784, 2.598 ], [ 35.1869, 2.5716 ], [ 35.2129, 2.5425 ], [ 35.2153, 2.4965 ], [ 35.2288, 2.4498 ], [ 35.2459, 2.4455 ], [ 35.2507, 2.4397 ], [ 35.2721, 2.4374 ], [ 35.2917, 2.4285 ], [ 35.2976, 2.4206 ], [ 35.3031, 2.403 ], [ 35.3118, 2.2841 ], [ 35.3937, 1.9688 ], [ 35.3893, 1.9654 ], [ 35.3912, 1.9585 ], [ 35.3769, 1.9502 ], [ 35.3694, 1.9343 ], [ 35.4527, 1.8506 ], [ 35.4575, 1.8516 ], [ 35.4608, 1.8455 ], [ 35.4675, 1.8474 ], [ 35.4732, 1.8411 ], [ 35.4769, 1.8267 ], [ 35.473, 1.8186 ], [ 35.4776, 1.8179 ], [ 35.4709, 1.8083 ], [ 35.4825, 1.8019 ], [ 35.4853, 1.7917 ], [ 35.4972, 1.7804 ], [ 35.498, 1.7709 ], [ 35.5159, 1.7744 ], [ 35.528, 1.7682 ], [ 35.5493, 1.7705 ], [ 35.5676, 1.764 ], [ 35.5938, 1.7685 ], [ 35.6084, 1.7554 ], [ 35.6485, 1.7461 ], [ 35.6577, 1.7378 ], [ 35.6694, 1.7352 ], [ 35.6736, 1.7272 ], [ 35.7021, 1.711 ], [ 35.7198, 1.6944 ], [ 35.7386, 1.683 ], [ 35.7817, 1.6683 ], [ 35.786, 1.6615 ], [ 35.7798, 1.6594 ], [ 35.7817, 1.6531 ], [ 35.7773, 1.6462 ], [ 35.7905, 1.6307 ], [ 35.7802, 1.6272 ], [ 35.7867, 1.6135 ], [ 35.7791, 1.6088 ], [ 35.7824, 1.5973 ], [ 35.7791, 1.5931 ], [ 35.7841, 1.5841 ], [ 35.7797, 1.5822 ], [ 35.7798, 1.5757 ], [ 35.7755, 1.5758 ], [ 35.7691, 1.5381 ], [ 35.7635, 1.5367 ], [ 35.7616, 1.5233 ], [ 35.751, 1.5142 ], [ 35.7524, 1.5104 ], [ 35.7425, 1.5088 ], [ 35.7289, 1.4914 ], [ 35.7302, 1.486 ], [ 35.7192, 1.4755 ], [ 35.7234, 1.465 ], [ 35.7209, 1.4564 ], [ 35.7065, 1.4425 ], [ 35.7067, 1.4207 ], [ 35.7116, 1.417 ], [ 35.7067, 1.4102 ], [ 35.7119, 1.4063 ], [ 35.7035, 1.4056 ], [ 35.6991, 1.3941 ], [ 35.7027, 1.3899 ], [ 35.6878, 1.3626 ], [ 35.691, 1.3571 ], [ 35.6877, 1.3514 ], [ 35.6924, 1.348 ], [ 35.6888, 1.3458 ], [ 35.696, 1.3432 ], [ 35.6964, 1.3333 ], [ 35.7001, 1.3328 ], [ 35.698, 1.3253 ], [ 35.6317, 1.3054 ], [ 35.6065, 1.2832 ], [ 35.5889, 1.2871 ], [ 35.5794, 1.2963 ], [ 35.5443, 1.2911 ], [ 35.4222, 1.1893 ] ], [ [ 35.4661, 1.0201 ], [ 35.4603, 1.0168 ], [ 35.4639, 1.0106 ], [ 35.4688, 1.0128 ], [ 35.4661, 1.0201 ] ] ] } }
]
}
